ID,Sport,Group,Model2_data,Cohort,Code,Age,Sex,Ethnicity,IAAF,Grade_IRCRA,Exp_yrs,Hrs_Sport,Hrs_Other,Hrs_Total,Other_List,Mass,Stature,SitHeight,ArmSpan,Tibia,TibiaHeight,ForearmL,ForeHand,Biacrom,Biiliac,ForearmC,Triceps,2D,4D,HandLength,HandBreadth,FootLength,FootBreadth,Leg,Arm,Humerus,Femur,Finger,,,,,,,,,,,,,,,,,,,,
AC-001,Climb,ClimbM,No,Non-elite,Cn/m,33,Male,White,,13,9,7,2,9,Run,64.5,164.50,84.00,175.50,38.45,46.30,27.20,45.50,46.87,31.10,26.45,7.30,6.73,7.12,17.7,7.9,23.6,8.1,80.50,64.31,18.81,34.20,6.93,,,,,,,,,,,,,,,,,,,,
AC-002,Climb,ClimbM,No,Non-elite,Cn/m,27,Male,White,,11,20,4,0,4,NONE,67.1,183.25,94.50,187.50,41.65,49.85,29.85,49.30,47.41,27.25,25.55,7.90,7.12,7.54,18.4,8.2,24.9,8.5,88.75,70.05,20.75,38.90,7.33,,,,,,,,,,,,,,,,,,,,
AC-003,Climb,ClimbF,No,Non-elite,Cn/f,25,Female,White,,17,5.5,5,10.5,15.5,"Skating, Ice-hockey, Run, Swim, Cycle",66.8,172.50,92.75,165.25,37.55,44.75,24.75,42.20,42.04,27.30,25.10,14.00,6.58,6.79,17.4,8.0,21.1,8.4,79.75,61.60,19.40,35.00,6.69,,,,,,,,,,,,,,,,,,,,
AC-004,Climb,ClimbM,No,Non-elite,Cn/m,22,Male,White,,17,4,10,3,13,"Gym, Walk, Cycle, Stretch",89.6,187.50,96.50,192.00,43.00,51.25,30.15,49.75,39.10,30.70,31.10,6.90,7.35,7.95,18.8,9.1,25.8,9.7,91.00,76.45,26.70,39.75,7.65,,,,,,,,,,,,,,,,,,,,
AX-001,Control,ControlF,Yes,NA,X/f,26,Female,Mixed,,,NA,NA,10,10,"Run, Cycle, Yoga",61.9,165.50,87.25,167.50,38.75,44.70,27.20,44.60,36.10,27.25,23.60,14.90,6.60,6.82,17.0,7.7,22.4,8.6,78.25,65.70,21.10,33.55,6.71,,,,,,,,,,,,,,,,,,,,
AX-002,Control,ControlM,Yes,NA,X/m,21,Male,White,,,NA,NA,13,13,"Row, Run, Gym, Swim",97.5,187.50,95.50,189.25,42.55,50.90,29.40,48.40,39.50,30.50,29.75,17.20,7.72,7.77,19.0,9.1,23.7,9.0,92.00,74.88,26.48,41.10,7.75,,,,,,,,,,,,,,,,,,,,
AX-003,Control,ControlM,Yes,NA,X/m,22,Male,White,,,NA,NA,11,11,"Row, Gym, Cycle",74.6,178.50,96.00,176.00,38.30,46.20,27.15,45.80,41.50,25.75,28.10,8.60,6.71,7.20,18.0,8.3,24.7,9.0,82.50,67.25,21.45,36.30,6.96,,,,,,,,,,,,,,,,,,,,
AR-001,Run,RunF,No,Non-elite,Rn/f,22,Female,White,419,,6,5,5,10,"Swim, Walk",61.9,172.50,93.75,176.75,37.80,45.90,26.95,45.30,37.35,28.00,21.30,17.40,7.16,7.46,17.4,7.6,23.0,8.1,78.75,69.70,24.40,32.85,7.31,,,,,,,,,,,,,,,,,,,,
AR-002,Run,RunM,No,Non-elite,Rn/m,20,Male,White,661,,0.5,4,0,4,Cycle,66.5,177.25,89.00,182.50,39.20,48.90,27.90,47.25,42.60,27.50,25.45,6.40,7.71,7.99,19.0,8.4,25.9,9.1,88.25,69.95,22.70,39.35,7.85,,,,,,,,,,,,,,,,,,,,
AX-040,Control,ControlM,Yes,NA,X/m,32,Male,White,,,NA,NA,9.5,9.5,"Football, Gym, Lacrosse, Raquet sports",78.3,183.75,99.25,183.75,40.30,48.90,28.00,48.30,42.25,29.75,28.50,11.50,7.35,7.58,19.3,8.8,26.1,10.1,84.50,70.75,22.45,35.60,7.47,,,,,,,,,,,,,,,,,,,,
AX-004,Control,ControlM,Yes,NA,X/m,22,Male,Asian,,,NA,NA,4.5,4.5,Gym,72.2,168.25,86.75,174.25,36.85,45.15,27.55,44.80,39.95,27.25,26.45,18.00,6.62,7.04,18.2,8.0,21.0,8.9,81.50,67.15,22.35,36.35,6.83,,,,,,,,,,,,,,,,,,,,
AR-004,Run,RunM,No,Non-elite,Rn/m,24,Male,Asian,206,,5,4,3,7,"Football, Hockey",55.0,167.50,88.50,167.00,36.75,43.95,25.70,43.20,37.55,26.65,22.20,7.60,6.17,6.60,17.5,7.1,21.3,8.4,79.00,64.73,21.53,35.05,6.39,,,,,,,,,,,,,,,,,,,,
AX-005,Control,ControlM,Yes,NA,X/m,25,Male,White,,,NA,NA,6,6,"Waterpolo, Cycle",102.9,187.75,96.75,185.00,41.75,50.95,28.45,46.70,44.15,32.50,29.80,7.20,6.80,7.05,17.5,7.9,22.4,9.0,91.00,70.43,23.73,40.05,6.93,,,,,,,,,,,,,,,,,,,,
AC-005,Climb,ClimbF,No,Non-elite,Cn/f,42,Female,White,,17,9,4,7.5,11.5,"Walk, Run, Slackline",54.2,162.50,87.00,160.25,34.60,42.45,24.80,42.30,34.35,25.55,23.30,14.10,6.61,6.81,17.0,7.6,21.3,8.7,75.50,62.95,20.65,33.05,6.71,,,,,,,,,,,,,,,,,,,,
AX-006,Control,ControlF,Yes,NA,X/f,23,Female,White,,,NA,NA,5,5,"Cycle, Walk, Gym",53.9,159.50,87.75,153.00,33.45,40.75,22.15,40.00,34.00,26.40,23.65,17.10,6.67,6.84,17.4,7.2,20.8,7.8,71.75,59.50,19.50,31.00,6.76,,,,,,,,,,,,,,,,,,,,
AC-006,Climb,ClimbF,No,Non-elite,Cn/f,24,Female,Asian,,18,3,11,3,14,"Run, Walk, Squash",59.4,160.75,87.25,162.25,35.60,42.75,25.75,42.10,36.45,26.80,24.65,21.30,6.53,6.95,17.8,7.6,23.0,9.2,73.50,62.90,20.80,30.75,6.74,,,,,,,,,,,,,,,,,,,,
AX-007,Control,ControlF,Yes,NA,X/f,20,Female,White,,,NA,NA,5.5,5.5,"Gym, Walk, Yoga",58.8,161.00,90.50,155.00,35.65,42.15,23.10,40.60,34.25,28.60,24.50,22.95,6.52,7.09,16.7,7.3,20.7,7.7,70.50,60.38,19.78,28.35,6.81,,,,,,,,,,,,,,,,,,,,
AX-008,Control,ControlF,Yes,NA,X/f,18,Female,Asian,,,NA,NA,7,7,"Badminton, Frisbee",68.9,168.75,91.25,167.25,37.10,44.15,25.90,44.60,36.00,29.20,25.40,18.90,6.66,7.02,17.5,7.9,23.1,9.1,77.50,65.63,21.03,33.35,6.84,,,,,,,,,,,,,,,,,,,,
AX-009,Control,ControlF,Yes,NA,X/f,22,Female,White,,,NA,NA,4,4,"Swim, Run, Fencing, Walk",62.1,168.00,90.00,168.00,36.15,44.20,25.55,44.00,39.40,27.85,24.85,15.20,7.25,7.11,17.3,7.7,21.1,7.8,78.00,64.30,20.30,33.80,7.18,,,,,,,,,,,,,,,,,,,,
AX-010,Control,ControlM,Yes,NA,X/m,19,Male,White,,,NA,NA,6,6,Gym,87.0,172.50,91.00,170.75,37.55,46.45,27.25,45.60,40.75,28.70,29.50,19.60,7.18,7.26,18.1,8.4,23.2,9.1,81.50,65.00,19.40,35.05,7.22,,,,,,,,,,,,,,,,,,,,
AX-011,Control,ControlF,Yes,NA,X/f,22,Female,Asian,,,NA,NA,0,0,Walk,53.1,155.50,85.50,154.50,35.00,42.00,23.85,41.05,32.30,24.70,23.80,17.10,6.57,6.71,16.3,7.2,22.3,8.3,70.00,61.10,20.05,28.00,6.64,,,,,,,,,,,,,,,,,,,,
AR-005,Run,RunF,No,Non-elite,Rn/f,19,Female,White,419,,2,3.5,2.5,6,Walk,56.1,157.00,85.75,152.50,33.55,41.80,24.10,40.45,34.90,27.65,23.10,17.40,6.11,6.54,16.2,7.3,20.2,7.5,71.25,58.80,18.35,29.45,6.33,,,,,,,,,,,,,,,,,,,,
AX-012,Control,ControlM,Yes,NA,X/m,20,Male,White,,,NA,NA,10,10,Cycle,67.9,188.75,99.50,189.50,41.70,50.70,30.30,50.40,42.25,30.80,25.30,7.00,7.39,8.13,18.7,8.1,24.5,8.8,89.25,73.63,23.23,38.55,7.76,,,,,,,,,,,,,,,,,,,,
AR-006,Run,RunM,No,Non-elite,Rn/m,22,Male,White,371,,8,4,6.5,10.5,"Walk, Cycle, Swim, Row, Rugby",73.2,184.00,95.50,179.25,40.95,49.50,28.80,47.85,40.00,28.30,26.60,6.50,6.92,7.73,18.5,8.5,24.0,9.2,88.50,69.63,21.78,39.00,7.33,,,,,,,,,,,,,,,,,,,,
AX-013,Control,ControlM,Yes,NA,X/m,20,Male,Asian,,,NA,NA,10,10,"Badminton, Climb, Gym",59.9,163.00,83.00,166.75,37.60,45.60,28.10,44.95,36.75,25.85,26.25,10.70,6.29,6.34,16.0,7.5,20.3,7.9,80.00,65.00,20.05,34.40,6.32,,,,,,,,,,,,,,,,,,,,
AR-007,Run,RunF,No,Non-elite,Rn/f,18,Female,White,654,,3,5,7,12,"Walk, Row",66.6,170.50,90.25,165.00,39.95,46.75,26.60,44.25,36.85,30.75,25.25,16.15,7.14,6.95,17.3,7.5,22.8,9.2,80.25,64.08,19.83,33.50,7.05,,,,,,,,,,,,,,,,,,,,
AX-014,Control,ControlM,Yes,NA,X/m,26,Male,Asian,,,NA,NA,0,0,Cycle,86.0,185.50,99.00,189.25,40.40,48.70,29.55,49.70,40.90,29.80,27.15,14.75,6.80,7.28,19.6,8.5,25.3,9.6,86.50,74.18,24.48,37.80,7.04,,,,,,,,,,,,,,,,,,,,
AX-015,Control,ControlM,Yes,NA,X/m,23,Male,White,,,NA,NA,1,1,"Climb, Run, Walk",91.0,189.00,96.50,195.75,45.20,53.20,31.60,52.30,39.90,32.35,27.00,14.75,7.71,8.28,19.8,8.4,24.8,9.0,92.50,77.93,25.63,39.30,8.00,,,,,,,,,,,,,,,,,,,,
AX-016,Control,ControlM,Yes,NA,X/m,21,Male,Asian,,,NA,NA,6.5,6.5,Gym,75.8,175.00,94.00,174.50,37.25,45.35,27.30,45.30,38.65,26.50,29.20,11.20,6.82,7.16,17.8,8.2,23.7,8.9,81.00,67.93,22.63,35.65,6.99,,,,,,,,,,,,,,,,,,,,
AX-017,Control,ControlM,Yes,NA,X/m,23,Male,White,,,NA,NA,7,7,"Row, Gym",73.0,184.25,94.50,188.00,42.10,51.10,30.15,50.45,42.45,30.15,25.85,6.80,8.65,8.29,19.2,8.5,25.3,8.8,89.75,72.78,22.33,38.65,8.47,,,,,,,,,,,,,,,,,,,,
AX-018,Control,ControlF,Yes,NA,X/f,24,Female,Mixed,,,NA,NA,5,5,"Run, Climb, Cycle",56.4,166.00,89.25,164.25,35.45,43.20,26.00,42.60,37.00,26.95,21.40,12.20,6.75,6.62,17.6,8.0,20.2,8.0,76.75,63.63,21.03,33.55,6.69,,,,,,,,,,,,,,,,,,,,
AC-007,Climb,ClimbM,Yes,Elite,Ce/m,20,Male,White,,25,7,15,4,19,Yoga,72.4,176.50,90.50,179.75,40.15,48.35,29.20,48.20,40.90,28.75,28.20,6.20,7.36,7.72,18.3,8.5,22.9,9.0,86.00,69.43,21.23,37.65,7.54,,,,,,,,,,,,,,,,,,,,
AC-008,Climb,ClimbM,Yes,Elite,Ce/m,20,Male,White,,24,8,10,3,13,Cycle,63.4,172.50,92.50,176.25,37.65,45.50,27.40,46.25,38.75,26.80,27.05,10.60,7.33,7.78,18.1,8.1,25.5,8.8,80.00,68.75,22.50,34.50,7.56,,,,,,,,,,,,,,,,,,,,
AX-019,Control,ControlM,Yes,NA,X/m,19,Male,White,,,NA,NA,0,0,NONE,80.4,183.50,99.50,179.50,39.45,47.95,28.40,46.95,39.85,28.40,28.15,12.15,7.34,7.27,18.5,8.8,23.7,9.5,84.00,69.83,22.88,36.05,7.31,,,,,,,,,,,,,,,,,,,,
AX-020,Control,ControlM,Yes,NA,X/m,18,Male,Asian,,,NA,NA,0,0,Walk,61.2,164.50,83.50,173.50,38.30,45.25,27.90,45.90,39.15,26.80,25.60,16.60,6.55,6.78,16.6,7.4,22.3,8.6,81.00,67.18,21.28,35.75,6.67,,,,,,,,,,,,,,,,,,,,
AX-021,Control,ControlM,Yes,NA,X/m,18,Male,White,,,NA,NA,10,10,Row,69.8,174.00,94.00,178.25,37.50,45.10,27.85,46.10,40.05,25.00,27.55,6.95,7.12,7.38,17.7,8.2,23.0,8.9,80.00,69.10,23.00,34.90,7.25,,,,,,,,,,,,,,,,,,,,
AX-022,Control,ControlF,Yes,NA,X/f,27,Female,White,,,NA,NA,4,4,"Squash, Running",54.5,168.00,87.75,161.50,36.70,44.60,25.50,43.10,34.70,26.55,21.85,21.70,6.49,6.87,17.0,7.4,21.1,8.3,80.25,63.40,20.30,35.65,6.68,,,,,,,,,,,,,,,,,,,,
AX-023,Control,ControlF,Yes,NA,X/f,23,Female,Mixed,,,NA,NA,4,4,Dance,55.4,175.00,94.00,173.75,37.75,46.10,26.65,44.75,38.05,29.00,22.00,11.60,6.72,6.89,17.1,6.9,23.6,8.5,81.00,67.85,23.10,34.90,6.81,,,,,,,,,,,,,,,,,,,,
AX-024,Control,ControlM,Yes,NA,X/m,22,Male,White,,,NA,NA,11,11,Row,87.1,183.00,95.75,182.50,40.00,48.15,28.95,48.00,41.70,29.05,29.60,14.95,6.85,7.36,17.5,8.5,23.0,9.3,87.25,70.40,22.40,39.10,7.11,,,,,,,,,,,,,,,,,,,,
AX-025,Control,ControlM,Yes,NA,X/m,21,Male,White,,,NA,NA,14,14,"Row, Squash",74.4,187.00,99.50,191.50,40.75,49.30,30.25,49.85,40.80,28.75,28.40,4.05,7.15,7.10,18.7,8.6,26.0,9.8,87.50,75.35,25.50,38.20,7.13,,,,,,,,,,,,,,,,,,,,
AX-026,Control,ControlF,Yes,NA,X/f,22,Female,White,,,NA,NA,9.5,9.5,"Powerlift, Cycle",58.1,161.50,87.00,157.00,34.95,42.20,24.90,42.00,33.70,28.75,24.60,13.00,6.49,6.54,15.7,7.0,21.9,8.1,74.50,61.65,19.65,32.30,6.52,,,,,,,,,,,,,,,,,,,,
AX-042,Run,RunF,No,Non-elite,Rn/f,23,Female,White,51,,1,3,5,8,"Gym, Pole",60.0,156.50,83.25,154.50,35.65,41.60,24.40,40.35,33.85,26.15,22.45,22.95,6.55,6.28,15.8,6.8,20.9,7.8,73.25,60.33,19.98,31.65,6.42,,,,,,,,,,,,,,,,,,,,
AX-027,Control,ControlF,Yes,NA,X/f,24,Female,White,,,NA,NA,0,0,NONE,66.2,176.50,88.50,171.50,40.85,48.35,27.00,45.25,37.85,28.20,23.65,19.55,6.51,6.77,16.9,6.9,21.9,7.6,88.00,66.83,21.58,39.65,6.64,,,,,,,,,,,,,,,,,,,,
AX-028,Control,ControlM,Yes,NA,X/m,34,Male,White,,,NA,NA,2.5,2.5,"Yoga, Powerlift",78.7,179.00,95.00,173.50,39.00,47.35,27.75,46.60,38.75,27.90,29.45,10.40,7.19,7.38,18.1,8.4,23.3,9.7,84.00,67.38,20.78,36.65,7.29,,,,,,,,,,,,,,,,,,,,
AR-009,Run,RunM,No,Non-elite,Rn/m,22,Male,White,122,,8,7,4,11,"Climb, Row",81.5,172.75,93.25,177.50,36.10,44.30,26.85,45.00,44.60,29.20,28.90,7.15,6.70,6.90,17.7,8.3,23.4,8.7,79.50,66.45,21.45,35.20,6.80,,,,,,,,,,,,,,,,,,,,
AR-010,Run,RunF,No,Non-elite,Rn/f,20,Female,White,200,,10,4,6,10,"Tennis, Gym, Swim",60.2,166.00,85.50,168.00,37.40,44.15,26.05,42.70,37.90,27.30,24.30,12.40,7.01,6.95,16.6,7.2,23.8,8.3,80.50,65.05,22.35,36.35,6.98,,,,,,,,,,,,,,,,,,,,
AR-011,Run,RunF,No,Non-elite,Rn/f,25,Female,White,497,,8,10,4.5,14.5,"Gym, Walk",58.1,165.00,87.25,158.00,35.45,43.10,24.30,41.20,35.15,27.05,23.50,16.75,6.47,6.67,17.2,7.9,21.1,8.5,77.75,61.43,20.23,34.65,6.57,,,,,,,,,,,,,,,,,,,,
AC-009,Climb,ClimbF,No,Non-elite,Cn/f,23,Female,Other,,15.5,1.5,6,2,8,"Run, Ski, Snowboard, Yoga",57.9,170.50,90.00,166.25,37.10,43.35,26.10,44.00,35.80,28.40,23.30,10.45,6.86,7.13,17.5,7.7,22.7,9.0,80.50,65.23,21.23,37.15,7.00,,,,,,,,,,,,,,,,,,,,
AX-029,Control,ControlF,Yes,NA,X/f,29,Female,White,,,NA,NA,4.5,4.5,"Football, Gym",55.3,160.00,86.50,157.50,34.35,41.75,24.15,41.75,35.85,26.50,21.85,16.50,6.36,6.45,16.6,7.3,21.4,8.2,73.50,60.83,19.08,31.75,6.41,,,,,,,,,,,,,,,,,,,,
AC-010,Climb,ClimbF,No,Non-elite,Cn/f,20,Female,White,,13,1,2.5,0.5,3,"Pilates, Gym",57.8,176.50,90.75,172.50,39.30,47.50,26.75,44.80,38.15,30.45,23.25,19.20,7.19,7.11,17.5,7.6,22.2,8.5,85.75,67.18,22.38,38.25,7.15,,,,,,,,,,,,,,,,,,,,
AR-012,Run,RunM,No,Non-elite,Rn/m,24,Male,White,551,,8,2,1.5,3.5,Cycle,69.6,180.00,95.00,185.25,37.05,45.25,28.20,47.80,41.20,29.30,25.20,4.75,7.52,8.28,19.2,8.5,22.9,9.6,85.00,72.03,24.23,39.75,7.90,,,,,,,,,,,,,,,,,,,,
AC-011,Climb,ClimbM,No,Non-elite,Cn/m,19,Male,White,,18.5,3,7,0,7,NONE,74.5,189.00,97.50,188.50,41.95,50.60,28.30,48.55,45.00,29.15,27.80,6.00,7.27,7.91,19.7,4.6,25.1,9.6,91.50,71.75,23.20,40.90,7.59,,,,,,,,,,,,,,,,,,,,
AR-013,Run,RunM,No,Non-elite,Rn/m,19,Male,White,180,,1,1.5,6,7.5,"Gym, Basketball, Tennis, Squash, Netball",76.4,185.00,100.00,187.75,39.70,47.00,29.00,48.70,41.45,27.50,27.45,10.25,7.95,8.17,19.4,8.8,24.6,9.8,85.00,73.15,24.45,38.00,8.06,,,,,,,,,,,,,,,,,,,,
AX-030,Control,ControlF,Yes,NA,X/f,22,Female,White,,,NA,NA,7,7,"Ballet, Tennis, Run, Climb",62.8,170.25,92.25,169.00,36.85,44.55,25.55,43.55,38.40,29.30,23.60,14.25,6.94,7.06,17.3,7.4,21.4,8.6,78.00,65.30,21.75,33.45,7.00,,,,,,,,,,,,,,,,,,,,
AX-031,Control,ControlM,Yes,NA,X/m,26,Male,White,,,NA,NA,3,3,Football,80.9,184.50,98.00,190.00,40.60,49.55,29.85,49.95,40.90,30.75,25.65,9.60,7.30,7.30,18.8,7.8,24.4,9.9,86.50,74.55,24.60,36.95,7.30,,,,,,,,,,,,,,,,,,,,
AX-032,Control,ControlM,Yes,NA,X/m,26,Male,White,,,NA,NA,5,5,"Gym, Cycle",73.7,185.50,100.00,176.00,39.55,48.40,28.35,47.10,37.70,28.55,27.20,14.85,6.92,7.06,18.1,8.2,22.5,9.9,85.50,69.15,22.05,37.10,6.99,,,,,,,,,,,,,,,,,,,,
AX-033,Control,ControlF,Yes,NA,X/f,20,Female,White,,,NA,NA,5,5,"Run, Football, Climb",62.8,169.25,91.50,169.25,36.60,44.35,25.65,44.10,37.00,28.55,23.55,15.70,6.39,6.58,17.0,7.6,22.6,8.8,77.75,66.13,22.03,33.40,6.49,,,,,,,,,,,,,,,,,,,,
AX-034,Control,ControlM,Yes,NA,X/m,21,Male,Asian,,,NA,NA,5,5,Boxing,62.7,175.25,90.75,173.25,38.55,47.40,27.05,46.55,39.70,28.50,26.50,3.90,7.16,7.34,18.6,8.5,23.3,9.4,84.50,66.78,20.23,37.10,7.25,,,,,,,,,,,,,,,,,,,,
AC-012,Climb,ClimbM,No,Non-elite,Cn/m,19,Male,Mixed,,15.5,6,4,4,8,Gymnastics,59.1,178.00,91.25,177.25,40.25,47.55,28.75,47.40,40.50,25.00,24.90,5.05,7.04,7.19,18.5,8.0,23.5,8.8,86.75,68.38,20.98,39.20,7.12,,,,,,,,,,,,,,,,,,,,
AX-035,Control,ControlF,Yes,NA,X/f,24,Female,White,,,NA,NA,2,2,Dance,52.0,165.00,87.50,165.75,38.00,44.75,25.55,42.35,35.60,29.75,21.15,13.45,5.93,5.93,15.0,6.6,22.0,8.0,77.50,65.08,22.73,32.75,5.93,,,,,,,,,,,,,,,,,,,,
AX-036,Control,ControlF,Yes,NA,X/f,24,Female,Other,,,NA,NA,3,3,"Cycle, Pilates",61.5,163.00,86.75,163.75,35.75,43.10,25.60,43.20,35.50,27.75,23.80,20.70,7.10,7.52,17.3,7.4,23.3,8.8,76.25,64.13,20.93,33.15,7.31,,,,,,,,,,,,,,,,,,,,
AR-014,Run,RunM,No,Non-elite,Rn/m,21,Male,White,511,,12,5,3,8,"Tennis, Squash",71.9,182.00,94.00,180.50,41.55,49.45,29.80,48.95,40.30,27.00,27.00,9.80,7.50,8.06,18.9,8.4,23.1,9.8,88.00,70.10,21.15,38.55,7.78,,,,,,,,,,,,,,,,,,,,
AR-015,Run,RunM,No,Non-elite,Rn/m,21,Male,White,371,,1,2,3,5,Football,79.1,198.75,105.00,196.25,43.85,52.20,30.70,50.60,40.10,28.45,26.90,7.25,7.57,7.95,19.1,8.5,27.3,10.1,93.75,78.08,27.48,41.55,7.76,,,,,,,,,,,,,,,,,,,,
AX-037,Control,ControlM,Yes,NA,X/m,22,Male,Asian,,,NA,NA,2,2,Run,52.7,178.00,88.00,182.00,42.40,50.20,30.65,49.50,36.40,24.65,22.65,11.05,7.47,7.41,18.8,7.6,23.0,9.2,90.00,72.80,23.30,39.80,7.44,,,,,,,,,,,,,,,,,,,,
AX-041,Control,ControlM,Yes,NA,X/m,25,Male,White,,,NA,NA,4,4,"Run, Gym",74.4,183.50,98.75,176.75,38.85,47.25,28.55,47.00,40.10,29.55,26.40,15.90,7.21,7.13,17.4,8.2,23.9,9.6,84.75,68.33,21.33,37.50,7.17,,,,,,,,,,,,,,,,,,,,
AX-038,Control,ControlM,Yes,NA,X/m,28,Male,White,,,NA,NA,7,7,"Row, Run, Cycle",70.0,181.00,94.00,177.25,41.55,49.20,28.65,47.35,39.40,31.60,25.50,8.30,6.77,7.26,18.1,7.9,22.7,8.9,87.00,68.93,21.58,37.80,7.02,,,,,,,,,,,,,,,,,,,,
AX-039,Control,ControlF,Yes,NA,X/f,24,Female,White,,,NA,NA,12,12,"Netball, Volleyball",68.0,179.25,95.00,175.00,38.60,46.20,26.90,45.85,39.40,30.00,23.60,17.00,6.71,6.99,17.7,7.5,23.5,8.5,84.25,67.80,21.95,38.05,6.85,,,,,,,,,,,,,,,,,,,,
AR-016,Run,RunF,No,Non-elite,Rn/f,25,Female,White,573,,15,6,4,10,Cycle,52.0,171.25,89.50,169.25,38.90,46.00,26.50,44.55,35.70,29.00,21.25,10.25,6.80,6.93,16.4,7.1,22.7,8.6,81.75,66.78,22.23,35.75,6.87,,,,,,,,,,,,,,,,,,,,
AC-013,Climb,ClimbF,Yes,Elite,Ce/f,25,Female,White,,21.5,3,8,10,18,"Cycle, Row, Run",61.6,166.50,89.25,165.50,36.10,43.60,25.30,42.20,37.25,26.45,26.10,14.25,6.35,6.48,15.8,7.3,21.5,8.8,77.25,64.13,21.93,33.65,6.42,,,,,,,,,,,,,,,,,,,,
AR-017,Run,RunF,No,Non-elite,Rn/f,61,Female,White,358,,25,9,5,14,"Cycle, Gym, Swim",52.0,170.50,88.50,168.75,37.85,45.50,26.75,45.70,36.55,28.20,23.40,6.95,6.31,6.99,17.6,8.0,21.9,8.5,82.00,66.10,20.40,36.50,6.65,,,,,,,,,,,,,,,,,,,,
AR-018,Run,RunF,No,Non-elite,Rn/f,46,Female,White,324,,16,5,2,7,"Cycle, Swim, Yoga, Gym",58.7,165.50,88.00,164.50,37.05,44.05,26.30,44.50,35.65,28.35,23.55,17.80,6.27,6.56,16.3,6.6,23.1,8.4,77.50,64.43,19.93,33.45,6.42,,,,,,,,,,,,,,,,,,,,
AR-019,Run,RunM,No,Non-elite,Rn/m,48,Male,White,217,,10,2,2,4,"Cycle, Football",80.2,186.75,99.50,190.50,41.80,50.80,29.65,50.35,41.40,30.90,27.50,5.75,7.91,8.24,20.7,8.7,24.7,10.3,87.25,74.55,24.20,36.45,8.08,,,,,,,,,,,,,,,,,,,,
AR-020,Run,RunF,No,Non-elite,Rn/f,35,Female,Asian,336,,3,2,5,7,Gym,57.5,167.25,89.00,166.75,36.35,43.20,25.95,44.40,36.85,25.60,22.45,15.90,7.13,7.46,18.0,7.5,20.3,8.2,78.25,64.95,20.55,35.05,7.30,,,,,,,,,,,,,,,,,,,,
AR-021,Run,RunF,No,Non-elite,Rn/f,56,Female,White,575,,45,6,4.5,10.5,Cycle,62.8,168.25,89.25,168.00,36.10,43.85,27.60,46.00,35.10,28.00,23.45,16.35,7.35,7.36,17.2,7.4,21.0,8.0,79.00,66.45,20.45,35.15,7.36,,,,,,,,,,,,,,,,,,,,
AR-022,Run,RunM,No,Non-elite,Rn/m,20,Male,Asian,212,,5,5,5,10,Gym,65.3,173.50,93.00,174.25,37.15,45.65,27.25,46.10,39.60,28.20,25.30,7.85,7.15,7.46,18.3,8.0,22.6,8.5,80.50,67.33,21.23,34.85,7.31,,,,,,,,,,,,,,,,,,,,
AR-024,Run,RunM,No,Non-elite,Rn/m,20,Male,White,127,,2,1.5,2,3.5,Football,80.6,180.50,94.00,179.50,40.50,47.75,29.45,48.05,40.55,27.85,27.35,16.00,7.19,7.60,18.2,8.4,24.8,9.4,86.50,69.48,21.43,38.75,7.40,,,,,,,,,,,,,,,,,,,,
AR-025,Run,RunM,No,Non-elite,Rn/m,57,Male,White,123,,4,4,0,4,NONE,81.1,177.25,94.25,176.75,38.20,46.10,27.50,46.75,38.75,29.50,27.50,12.20,6.71,7.62,18.2,8.3,23.6,9.6,83.00,69.00,22.25,36.90,7.17,,,,,,,,,,,,,,,,,,,,
AR-026,Run,RunM,No,Non-elite,Rn/m,18,Male,White,8,,4,3,8,11,"Basketball, Row, Powerlift, Tabletennis",88.6,187.00,99.25,184.25,41.75,50.05,29.60,49.20,41.20,29.45,30.75,10.90,7.11,7.89,19.5,8.8,25.1,9.5,87.75,71.53,22.33,37.70,7.50,,,,,,,,,,,,,,,,,,,,
AR-027,Run,RunM,No,Non-elite,Rn/m,48,Male,White,106,,26,3,2,5,"Gym, Football",76.9,178.75,90.75,179.25,40.80,49.25,27.75,47.30,41.00,30.45,26.65,16.55,7.62,8.02,18.5,8.1,23.6,9.4,88.00,69.13,21.83,38.75,7.82,,,,,,,,,,,,,,,,,,,,
AR-028,Run,RunM,No,Non-elite,Rn/m,30,Male,White,134,,6,3,2,5,Hockey,70.8,179.50,95.00,181.25,39.90,47.90,28.75,48.20,41.75,28.90,25.80,8.30,7.50,7.66,19.0,7.9,25.4,8.3,84.50,69.75,21.55,36.60,7.58,,,,,,,,,,,,,,,,,,,,
AR-029,Run,RunM,No,Non-elite,Rn/m,60,Male,White,7,,27,8,4.5,12.5,"Cycle, Cricket, Swim",90.4,182.75,93.75,187.75,40.75,49.25,29.15,49.60,42.70,33.25,27.70,11.45,7.73,7.90,19.1,8.8,25.3,9.9,89.00,72.53,22.93,39.75,7.82,,,,,,,,,,,,,,,,,,,,
AR-030,Run,RunM,No,Non-elite,Rn/m,70,Male,White,12,,40,4.5,2.5,7,"Gym, Basketball, Football",92.7,178.50,95.75,183.00,39.10,47.45,28.00,48.00,41.85,35.00,28.75,16.10,7.22,8.26,18.8,9.1,25.9,10.3,82.75,70.58,22.58,35.30,7.74,,,,,,,,,,,,,,,,,,,,
AR-031,Run,RunM,No,Non-elite,Rn/m,40,Male,White,498,,5,5,24,29,"Cycle, Swim",71.5,172.00,91.00,170.75,37.15,45.05,26.50,44.45,40.00,31.00,28.70,4.40,6.70,7.30,17.3,8.1,22.3,9.4,81.00,65.38,20.93,35.95,7.00,,,,,,,,,,,,,,,,,,,,
AR-032,Run,RunF,No,Non-elite,Rn/f,22,Female,White,674,,3,15,15,30,"Cycle, Walk",48.7,169.25,90.50,163.00,37.35,44.35,26.45,44.35,34.00,28.10,21.30,7.85,6.46,6.69,17.2,6.7,21.7,8.1,78.75,64.50,20.15,34.40,6.58,,,,,,,,,,,,,,,,,,,,
AR-033,Run,RunM,No,Non-elite,Rn/m,26,Male,Asian,310,,2,5,6,11,"Swim, Yoga, Gym",72.3,179.50,94.50,176.00,39.90,46.55,27.10,46.25,41.50,29.75,27.45,5.65,6.86,7.29,18.6,8.0,23.1,8.8,85.00,67.25,21.00,38.45,7.08,,,,,,,,,,,,,,,,,,,,
AR-034,Run,RunM,No,Non-elite,Rn/m,42,Male,White,684,,6,5,0,5,NONE,73.2,183.00,96.25,185.75,40.25,48.95,29.75,48.85,42.65,29.65,26.75,9.30,7.10,7.53,18.8,8.6,26.3,10.0,86.75,71.55,22.70,37.80,7.32,,,,,,,,,,,,,,,,,,,,
AR-035,Run,RunM,No,Non-elite,Rn/m,58,Male,White,207,,45,12,6,18,"Gym, Row, Cycle",74.7,180.50,92.75,185.00,40.80,48.65,29.70,49.10,41.90,30.20,26.40,10.00,7.47,7.70,19.1,8.4,23.9,10.0,87.75,71.55,22.45,39.10,7.59,,,,,,,,,,,,,,,,,,,,Elite runners
AR-036,Run,RunF,No,Non-elite,Rn/f,62,Female,White,384,,12,2,5,7,"Yoga, Gym",58.2,164.25,86.50,164.75,36.25,43.15,25.80,42.95,36.45,29.25,23.15,12.85,7.36,7.54,17.2,7.6,19.3,8.6,77.75,64.15,21.20,34.60,7.45,,,,,,,,,,,,,,,,,,,,
AR-037,Run,RunF,No,Non-elite,Rn/f,37,Female,White,340,,12,2,1,3,Swim,61.7,167.00,91.00,166.00,35.30,42.65,26.00,44.50,35.45,31.40,23.25,18.40,6.79,7.15,17.7,7.9,20.4,8.4,76.00,65.28,20.78,33.35,6.97,,,,,,,,,,,,,,,,,,,,
AR-038,Run,RunF,No,Non-elite,Rn/f,22,Female,White,518,,15,4,4,8,"Yoga, Row",61.2,163.00,89.00,165.25,34.15,41.00,26.30,43.45,36.20,27.70,23.25,14.80,6.36,6.75,16.8,7.2,19.9,8.5,74.00,64.53,21.08,33.00,6.56,,,,,,,,,,,,,,,,,,,,
AR-039,Run,RunM,No,Non-elite,Rn/m,41,Male,White,45,,1,3,1,4,Gym,72.1,173.50,90.50,177.50,38.90,47.40,28.10,46.90,40.30,27.95,26.10,10.10,6.76,6.60,17.3,8.0,22.6,9.1,83.00,68.60,21.70,35.60,6.68,,,,,,,,,,,,,,,,,,,,
AC-014,Climb,ClimbM,No,Non-elite,Cn/m,27,Male,Asian,,16.5,8,0.5,5,5.5,Powerlift,88.2,182.00,95.75,187.00,40.00,48.00,29.55,48.65,42.40,30.45,29.75,16.10,6.98,7.76,19.0,9.0,22.3,9.7,86.25,72.30,23.65,38.25,7.37,,,,,,,,,,,,,,,,,,,,
AR-040,Run,RunF,No,Non-elite,Rn/f,49,Female,Asian,373,,11,4.5,1,5.5,Horseriding,49.6,162.00,83.00,173.00,37.15,44.25,27.55,45.65,36.35,24.00,22.65,6.75,6.78,7.51,17.9,8.1,20.7,8.4,79.00,68.33,22.68,34.75,7.15,,,,,,,,,,,,,,,,,,,,
AC-015,Climb,ClimbM,No,Non-elite,Cn/m,36,Male,White,,18,2,6,5,11,"Cycle, Run, Swim",84.3,197.00,101.00,195.00,45.35,54.50,31.30,53.60,37.40,31.25,28.55,8.35,8.42,8.44,21.5,8.8,25.6,9.7,96.00,78.80,25.20,41.50,8.43,,,,,,,,,,,,,,,,,,,,
AR-041,Run,RunM,No,Non-elite,Rn/m,53,Male,White,11,,15,2,0,2,NONE,79.2,188.25,96.00,185.25,42.05,50.45,29.15,49.55,40.85,31.00,28.15,10.35,7.51,7.66,19.8,8.5,25.1,8.8,92.25,72.20,22.65,41.80,7.59,,,,,,,,,,,,,,,,,,,,
AR-042,Run,RunF,No,Non-elite,Rn/f,53,Female,White,262,,15,2.5,3,5.5,"Pilates, Swim",61.6,170.00,92.00,176.50,36.85,44.25,27.10,46.90,38.45,28.00,24.15,20.75,7.46,7.83,19.2,8.0,23.1,9.4,78.00,69.03,22.13,33.75,7.65,,,,,,,,,,,,,,,,,,,,
AC-016,Climb,ClimbM,No,Non-elite,Cn/m,27,Male,White,,22.5,5,9,1,10,"Run, Cycle",73.8,178.75,95.00,181.25,39.05,47.90,28.10,47.80,41.20,28.40,28.65,11.20,7.29,7.50,18.9,8.9,22.6,9.7,83.75,70.03,22.23,35.85,7.40,,,,,,,,,,,,,,,,,,,,
AR-044,Run,RunM,No,Non-elite,Rn/m,50,Male,White,11,,9,2,2,4,Gym,79.0,181.00,96.00,180.50,40.00,47.75,28.15,47.40,41.00,29.60,25.85,8.50,6.61,7.16,18.2,8.3,23.6,9.5,85.00,69.75,22.35,37.25,6.89,,,,,,,,,,,,,,,,,,,,
AR-045,Run,RunF,No,Non-elite,Rn/f,47,Female,White,464,,25,3.5,3,6.5,Gym,66.7,171.50,92.25,167.50,38.85,45.75,26.50,44.45,37.00,29.40,25.50,14.95,6.54,6.63,17.0,8.1,22.5,8.8,79.25,65.25,20.80,33.50,6.59,,,,,,,,,,,,,,,,,,,,
AR-046,Run,RunM,No,Non-elite,Rn/m,19,Male,White,235,,2,5,5,10,Gym,69.5,176.00,95.50,179.00,37.70,45.40,27.40,46.85,41.35,28.35,27.80,13.20,7.32,7.60,19.3,8.4,22.5,9.0,80.50,68.83,21.98,35.10,7.46,,,,,,,,,,,,,,,,,,,,
AX-040,Control,ControlF,Yes,NA,X/f,25,Female,Mixed,,,NA,NA,3,3,Gym,50.9,169.00,93.25,163.00,35.85,42.90,25.35,43.45,33.70,28.00,22.20,13.40,7.12,7.22,17.5,7.5,22.5,8.0,75.75,64.65,21.20,32.85,7.17,,,,,,,,,,,,,,,,,,,,
AR-047,Run,RunM,No,Non-elite,Rn/m,24,Male,White,341,,4,4,5,9,Row,66.4,173.00,94.50,171.00,36.70,44.50,26.50,44.95,38.90,25.50,25.60,10.30,7.04,7.01,17.6,7.9,23.2,8.6,78.50,66.05,21.10,34.00,7.03,,,,,,,,,,,,,,,,,,,,
AR-048,Run,RunF,No,Non-elite,Rn/f,43,Female,Other,391,,8,3,1,4,"Cycle, Swim",67.7,168.00,88.75,175.75,36.65,43.60,27.70,46.85,37.95,28.80,24.70,22.55,7.45,7.66,18.2,7.7,21.0,8.7,79.25,68.90,22.05,35.65,7.56,,,,,,,,,,,,,,,,,,,,
AR-049,Run,RunM,No,Non-elite,Rn/m,55,Male,White,98,,4,8,0,8,NONE,82.6,183.25,93.00,184.50,41.70,49.85,28.15,48.10,41.25,30.40,24.55,12.10,7.57,7.62,18.6,8.1,25.0,10.1,90.25,71.63,23.53,40.40,7.59,,,,,,,,,,,,,,,,,,,,
AR-050,Run,RunF,No,Non-elite,Rn/f,41,Female,White,513,,7,7,7,14,Boxing,59.2,162.25,86.75,154.50,35.40,42.35,24.45,42.60,34.10,28.00,22.75,20.90,7.10,7.31,17.4,8.0,21.8,9.1,75.50,60.20,17.60,33.15,7.20,,,,,,,,,,,,,,,,,,,,
AR-051,Run,RunM,No,Non-elite,Rn/m,40,Male,White,678,,15,8,2,10,Cycle,57.2,164.50,87.00,161.75,35.75,43.20,25.85,42.70,36.25,26.00,25.20,7.25,6.54,6.87,17.0,8.6,21.2,9.2,77.50,62.75,20.05,34.30,6.70,,,,,,,,,,,,,,,,,,,,
AC-017,Climb,ClimbF,No,Non-elite,Cn/f,20,Female,White,,20,9,8,3,11,"Cycle, Run, Swim",55.7,167.25,89.25,160.00,35.90,43.85,24.70,42.20,37.05,25.40,23.25,12.70,6.65,6.94,16.8,7.1,20.9,8.8,78.00,61.48,19.28,34.15,6.79,,,,,,,,,,,,,,,,,,,,
AC-018,Climb,ClimbF,No,Non-elite,Cn/f,35,Female,White,,18,5,4,0,4,NONE,51.2,157.00,86.00,153.25,33.50,40.15,24.45,40.05,35.10,26.00,23.25,11.80,6.19,6.38,15.6,7.3,20.0,8.1,71.00,59.08,19.03,30.85,6.28,,,,,,,,,,,,,,,,,,,,
AC-019,Climb,ClimbM,No,Non-elite,Cn/m,28,Male,White,,16.5,4,5,2,7,"Cycle, Walk",66.3,184.00,97.25,184.00,40.25,48.00,28.35,47.25,40.15,29.70,25.80,7.40,7.24,7.41,18.0,7.8,21.5,8.9,86.75,71.93,24.68,38.75,7.33,,,,,,,,,,,,,,,,,,,,
AR-052,Run,RunM,No,Non-elite,Rn/m,45,Male,White,645,,15,8,2.5,10.5,"Cycle, Swim",82.1,189.50,98.00,190.00,42.70,51.10,30.50,50.65,41.60,28.20,28.30,5.80,7.36,8.21,19.7,9.6,26.6,10.9,91.50,74.20,23.55,40.40,7.78,,,,,,,,,,,,,,,,,,,,Runners at Bedford
AC-020,Climb,ClimbM,No,Non-elite,Cn/m,32,Male,Mixed,,21.5,5,6,6,12,Gym,71.0,175.00,91.75,174.25,39.60,47.75,27.15,45.95,39.15,28.45,29.05,8.30,6.85,7.23,18.1,8.6,22.3,9.6,83.25,67.55,21.60,35.50,7.04,,,,,,,,,,,,,,,,,,,,
AR-053,Run,RunM,Yes,Elite,Re/m,27,Male,White,880,,5,12,4,16,"Cycle, Swim",72.6,190.50,97.50,193.00,42.85,51.90,30.85,52.05,40.55,30.15,25.15,4.10,7.82,8.48,20.5,8.6,25.7,10.0,93.00,76.23,24.18,41.10,8.15,,,,,,,,,,,,,,,,,,,,
AR-054,Run,RunF,No,Non-elite,Rn/f,21,Female,White,604,,9,2.5,0.5,3,Swim,52.3,164.25,84.00,167.50,37.35,44.05,26.50,44.10,37.00,26.45,21.95,14.90,6.35,6.62,16.9,7.5,21.4,8.0,80.25,65.25,21.15,36.20,6.49,,,,,,,,,,,,,,,,,,,,
AR-055,Sprint,SprintF,Yes,Elite,RSe/f,19,Female,White,839,,10,10,2,12,Football,57.2,165.00,89.50,163.50,35.70,43.00,24.90,42.75,35.65,27.35,22.05,11.85,6.73,6.86,17.4,7.6,21.7,8.0,75.50,63.93,21.18,32.50,6.79,,,,,,,,,,,,,,,,,,,,
AR-056,Sprint,SprintM,Yes,Elite,RSe/m,23,Male,Black,931,,9,7.5,1,8.5,Basketball,80.1,176.50,90.75,192.25,40.80,48.70,30.50,50.60,42.60,27.70,28.45,4.30,7.20,8.00,19.7,8.7,24.8,9.7,85.75,74.83,24.23,37.05,7.60,,,,,,,,,,,,,,,,,,,,
AC-021,Climb,ClimbM,No,Non-elite,Cn/m,31,Male,Asian,,20,4.5,6,1.5,7.5,"Football, Gym",61.9,172.50,89.50,176.00,38.50,45.70,28.45,46.70,39.15,26.60,25.45,9.15,7.24,7.52,18.4,8.3,23.1,9.1,83.00,68.43,21.73,37.30,7.38,,,,,,,,,,,,,,,,,,,,
AR-057,Sprint,SprintM,Yes,Elite,RSe/m,18,Male,White,851,,4,8,1,9,Hockey,67.2,176.00,94.00,181.75,38.95,46.45,27.70,47.60,39.45,27.30,27.15,6.65,7.16,7.16,19.1,8.6,23.8,8.8,82.00,71.15,23.55,35.55,7.16,,,,,,,,,,,,,,,,,,,,
AR-058,Run,RunF,Yes,Elite,Re/f,20,Female,White,723,,10,7,3,10,"Swim, Cycle",59.2,172.25,86.00,174.75,39.80,47.80,27.10,45.60,37.75,27.65,22.45,14.10,7.20,6.91,17.3,7.8,22.5,9.7,86.25,68.50,22.90,38.45,7.06,,,,,,,,,,,,,,,,,,,,
AR-059,Run,RunF,Yes,Elite,Re/f,23,Female,White,977,,7,6,5,11,"Gym, Cycle",50.6,155.75,82.50,154.50,33.00,40.20,24.35,42.00,33.80,25.45,22.35,7.90,6.46,6.69,16.1,7.0,20.1,8.1,73.25,60.35,18.35,33.05,6.57,,,,,,,,,,,,,,,,,,,,
AR-060,Run,RunF,Yes,Elite,Re/f,20,Female,White,1011,,9,4,7,11,"Cycle, Swim, Gym",57.9,163.00,86.00,163.75,36.50,43.50,25.60,42.40,33.95,25.50,23.35,16.90,6.63,6.48,16.6,7.5,20.1,8.1,77.00,64.90,22.50,33.50,6.55,,,,,,,,,,,,,,,,,,,,
AR-061,Sprint,SprintM,Yes,Elite,RSe/m,19,Male,White,760,,11,7,5,12,"Hockey, Football",75.1,185.00,98.00,189.00,41.40,49.45,30.15,49.75,42.70,27.60,27.00,7.25,7.23,7.35,18.5,8.2,23.4,8.6,87.00,73.15,23.40,37.55,7.29,,,,,,,,,,,,,,,,,,,,
AR-062,Run,RunF,Yes,Elite,Re/f,31,Female,Mixed,797,,10,10,1,11,Cycle,49.2,163.50,90.00,162.00,34.15,41.10,25.75,42.25,35.85,29.00,20.90,6.45,6.45,6.61,16.2,7.0,19.9,8.1,73.50,63.08,20.83,32.40,6.53,,,,,,,,,,,,,,,,,,,,
AR-063,Run,RunM,Yes,Elite,Re/m,34,Male,White,883,,18,10,0.5,10.5,Gym,80.8,183.75,97.50,188.75,40.60,49.05,30.50,50.20,41.30,30.00,26.75,8.65,7.47,7.45,20.0,8.5,23.8,10.2,86.25,73.73,23.53,37.20,7.46,,,,,,,,,,,,,,,,,,,,
AX-041,Control,ControlM,Yes,NA,X/m,33,Male,White,,,NA,NA,3,3,"Run, Climb",84.7,182.50,98.00,188.25,39.25,49.05,28.65,49.10,43.60,28.80,29.00,8.15,7.38,8.09,20.1,9.3,22.7,9.5,84.50,72.33,23.23,35.45,7.73,,,,,,,,,,,,,,,,,,,,
AR-064,Run,RunM,No,Non-elite,Rn/m,27,Male,Other,512,,5,6,3,9,"Cycle, Swim, Freedive",72.6,169.75,87.75,174.75,39.55,46.60,27.25,45.45,40.70,27.10,25.45,9.00,6.65,7.32,17.7,8.3,21.6,9.9,82.00,67.03,21.58,35.40,6.99,,,,,,,,,,,,,,,,,,,,
AR-065,Run,RunM,No,Non-elite,Rn/m,36,Male,White,581,,1.5,6,2,8,Cycle,76.1,185.75,97.25,188.00,40.70,49.50,29.20,49.25,40.15,28.55,28.75,5.55,7.59,8.03,18.9,8.5,24.5,10.4,88.50,73.93,24.68,39.00,7.81,,,,,,,,,,,,,,,,,,,,
AX-042,Control,ControlM,Yes,NA,X/m,27,Male,White,,,NA,NA,4,4,"Gym, Climb",66.9,182.00,98.00,178.50,39.85,47.85,28.60,48.10,39.65,28.70,26.40,4.25,7.76,7.86,18.6,8.0,25.5,9.5,84.00,69.43,21.33,36.15,7.81,,,,,,,,,,,,,,,,,,,,
AC-022,Climb,ClimbM,No,Non-elite,Cn/m,25,Male,White,,17,2,9,3,12,"Run, Gym, Row",79.8,182.50,95.75,188.50,39.75,47.95,29.00,49.35,42.80,28.80,29.10,7.35,8.00,7.90,19.4,8.6,24.6,10.0,86.75,72.85,23.50,38.80,7.95,,,,,,,,,,,,,,,,,,,,
AR-066,Run,RunF,Yes,Elite,Re/f,32,Female,White,707,,10,4,1,5,"Climb, Ski, Hike",58.3,163.75,91.00,162.00,34.35,42.25,25.10,43.35,36.60,27.30,22.70,14.70,7.25,7.14,17.0,7.5,21.0,8.9,72.75,62.70,19.35,30.50,7.20,,,,,,,,,,,,,,,,,,,,
AR-067,Run,RunM,Yes,Elite,Re/m,20,Male,Mixed,902,,5,10,3,13,"Cycle, Swim",62.1,173.50,92.50,178.75,37.90,45.60,28.55,47.35,37.50,25.50,24.90,5.80,7.20,7.00,17.7,7.9,22.0,9.8,81.00,70.63,23.28,35.40,7.10,,,,,,,,,,,,,,,,,,,,
AC-023,Climb,ClimbF,Yes,Elite,Ce/f,20,Female,White,,24,15,10,0,10,NONE,55.6,161.50,87.00,162.05,35.55,43.50,24.65,41.80,36.75,25.80,24.50,12.35,6.80,6.98,16.6,7.6,20.1,9.1,74.50,62.65,20.85,31.00,6.89,,,,,,,,,,,,,,,,,,,,
AR-068,Run,RunF,Yes,Elite,Re/f,37,Female,White,953,,15,8,2,10,Gym,61.9,169.25,91.50,168.75,35.65,44.15,27.35,46.10,37.55,29.20,24.40,12.05,7.15,7.16,17.7,7.5,23.2,8.4,77.75,65.60,19.50,33.60,7.16,,,,,,,,,,,,,,,,,,,,
AC-024,Climb,ClimbM,No,Non-elite,Cn/m,19,Male,White,,18,3,7,2,9,Cycle,70.4,172.00,93.00,168.50,37.45,44.45,26.35,45.05,39.15,28.00,26.90,15.10,6.87,7.37,18.1,7.9,22.6,9.3,79.00,64.68,19.63,34.55,7.12,,,,,,,,,,,,,,,,,,,,
AC-025,Climb,ClimbM,Yes,Elite,Ce/m,20,Male,Mixed,,24,12,12,0,12,NONE,57.8,176.00,89.50,179.00,40.70,48.20,28.10,47.00,41.00,26.45,24.40,7.60,6.74,7.34,17.7,7.3,21.9,8.3,86.50,69.00,22.00,38.30,7.04,,,,,,,,,,,,,,,,,,,,
AC-026,Climb,ClimbM,No,Non-elite,Cn/m,51,Male,White,,13,25,2.5,0,2.5,NONE,74.0,180.75,98.00,182.50,38.40,47.35,28.70,48.65,42.65,29.95,27.90,8.50,7.33,7.75,19.1,8.5,22.5,8.9,82.75,69.93,21.28,35.40,7.54,,,,,,,,,,,,,,,,,,,,
AX-043,Control,ControlM,Yes,NA,X/m,26,Male,White,,,NA,NA,5,5,"Run, Football",83.8,184.00,98.25,187.75,38.60,47.20,28.20,48.15,42.60,30.55,26.40,17.10,7.32,7.52,18.9,7.9,24.3,9.3,85.75,72.58,24.43,38.55,7.42,,,,,,,,,,,,,,,,,,,,
AX-044,Control,ControlF,Yes,NA,X/f,31,Female,White,,,NA,NA,5,5,Pilates,60.4,164.00,86.50,164.25,37.25,43.95,26.00,43.75,36.25,27.85,23.00,20.90,6.52,6.58,16.9,7.3,20.6,8.5,77.50,64.00,20.25,33.55,6.55,,,,,,,,,,,,,,,,,,,,
AX-045,Control,ControlM,Yes,NA,X/m,31,Male,White,,,NA,NA,3,3,"Swim, Row",69.8,177.25,93.50,180.50,39.60,46.60,28.00,47.60,40.80,26.40,28.20,11.70,7.95,7.64,18.7,8.3,23.4,9.4,83.75,69.85,22.25,37.15,7.79,,,,,,,,,,,,,,,,,,,,
AX-046,Control,ControlF,Yes,NA,X/f,28,Female,White,,,NA,NA,0,0,NONE,67.2,160.00,85.00,162.25,35.70,42.95,25.80,42.45,36.20,28.65,25.20,26.40,6.52,6.76,16.3,7.5,19.3,8.1,75.00,63.03,20.58,32.05,6.64,,,,,,,,,,,,,,,,,,,,
AX-047,Control,ControlF,Yes,NA,X/f,30,Female,White,,,NA,NA,2,2,Yoga,65.9,169.75,91.50,169.50,36.50,43.55,25.65,44.25,36.80,27.70,23.60,25.20,7.21,7.28,17.7,7.7,22.4,8.6,78.25,66.35,22.10,34.70,7.25,,,,,,,,,,,,,,,,,,,,
AX-048,Control,ControlF,Yes,NA,X/f,62,Female,Mixed,,,NA,NA,2,2,Cycle,70.5,161.50,84.00,167.25,36.70,43.95,27.00,44.90,37.10,29.25,23.15,29.10,6.70,6.97,17.7,7.6,21.7,9.2,77.50,65.08,20.18,33.55,6.83,,,,,,,,,,,,,,,,,,,,
AX-049,Control,ControlM,Yes,NA,X/m,34,Male,White,,,NA,NA,4,4,"Squash, Kayak, Gym",104.6,182.25,96.50,188.00,41.05,48.70,30.10,49.55,43.35,32.05,29.65,24.00,7.14,7.50,18.7,8.5,23.5,9.6,85.75,72.33,22.78,37.05,7.32,,,,,,,,,,,,,,,,,,,,
AX-050,Control,ControlM,Yes,NA,X/m,27,Male,White,,,NA,NA,2,2,"Run, Cycle",81.1,181.00,97.50,177.50,38.30,47.40,28.05,46.85,39.90,28.30,27.30,13.50,7.04,7.24,18.8,8.8,23.2,8.9,83.50,68.80,21.95,36.10,7.14,,,,,,,,,,,,,,,,,,,,
AR-069,Run,RunF,No,Non-elite,Rn/f,31,Female,White,671,,2,5,9,14,"Cycle, Swim, Gym, Yoga",48.3,149.25,81.00,152.50,31.50,38.50,22.90,39.15,35.00,26.55,21.20,16.90,6.03,6.20,15.8,6.6,19.4,7.9,68.25,58.75,19.60,29.75,6.11,,,,,,,,,,,,,,,,,,,,
AX-051,Control,ControlF,Yes,NA,X/f,18,Female,Asian,,,NA,NA,4,4,"Climb, Gym",50.2,166.75,86.50,174.25,37.40,44.95,28.10,46.60,35.20,26.70,21.30,18.85,6.93,7.32,17.3,7.1,21.9,8.7,80.25,69.53,22.93,35.30,7.13,,,,,,,,,,,,,,,,,,,,
AX-052,Control,ControlM,Yes,NA,X/m,18,Male,Asian,,,NA,NA,10,10,"Cricket, Cycle, Gym, Climb",59.8,172.50,89.25,178.00,39.00,46.55,27.90,46.40,39.05,27.40,25.05,8.00,7.21,7.45,18.1,7.7,22.1,8.9,83.25,69.48,23.08,36.70,7.33,,,,,,,,,,,,,,,,,,,,
AC-027,Climb,ClimbF,No,Non-elite,Cn/f,36,Female,Asian,,10,1,15,7,22,"Cycle, Gym",57.0,161.50,85.25,167.75,37.00,43.85,25.80,43.10,37.65,26.70,25.45,11.00,6.71,7.41,17.5,7.7,20.2,8.3,76.25,65.05,21.95,32.40,7.06,,,,,,,,,,,,,,,,,,,,
AR-070,Run,RunM,No,Non-elite,Rn/m,20,Male,White,499,,7.5,15,0,15,NONE,78.1,177.25,94.00,174.00,38.25,45.75,27.15,46.35,39.45,29.40,26.70,14.15,7.02,7.36,17.9,8.2,22.9,9.5,83.25,67.28,20.93,37.50,7.19,,,,,,,,,,,,,,,,,,,,
AR-071,Run,RunM,Yes,Elite,Re/m,24,Male,White,725,,10,8,2,10,Orienteering,67.1,179.50,93.00,178.75,40.25,47.75,27.60,46.80,38.60,27.95,24.10,10.00,6.94,7.50,19.0,8.2,24.2,9.7,86.50,70.08,23.28,38.75,7.22,,,,,,,,,,,,,,,,,,,,Lives with other elite runners
AX-053,Control,ControlF,Yes,NA,X/f,27,Female,White,,,NA,NA,0,0,NONE,52.3,162.75,86.50,159.75,35.10,42.45,24.85,41.85,37.25,28.70,21.70,14.25,6.20,6.43,16.7,7.4,20.3,8.2,76.25,61.25,19.40,33.80,6.32,,,,,,,,,,,,,,,,,,,,
AR-072,Sprint,SprintF,Yes,Elite,RSe/f,22,Female,Black,847,,6,18,3,21,"Yoga, Gym",60.3,167.00,87.50,175.75,38.15,45.00,28.20,47.10,37.15,26.65,23.30,10.25,7.06,7.22,18.2,7.2,21.3,8.9,79.50,69.30,22.20,34.50,7.14,,,,,,,,,,,,,,,,,,,,
AC-028,Climb,ClimbM,No,Non-elite,Cn/m,40,Male,White,,21,10,4,1,5,"Cycle, Run",67.4,179.50,92.75,185.25,41.20,49.15,29.25,49.30,41.60,26.40,26.25,8.45,8.19,8.87,19.9,8.9,23.4,9.5,86.75,71.83,22.53,37.60,8.53,,,,,,,,,,,,,,,,,,,,
AW-001,Walk,WalkF,Yes,Elite,We/f,23,Female,White,925,,8,12,0,12,NONE,61.3,172.00,91.50,174.50,37.55,44.40,26.35,45.30,39.40,29.00,22.15,12.20,7.16,7.27,18.5,7.4,21.1,8.2,80.50,67.55,22.25,36.10,7.22,,,,,,,,,,,,,,,,,,,,
AX-054,Control,ControlF,Yes,NA,X/f,58,Female,White,,,NA,NA,0,0,NONE,57.2,168.00,89.25,169.00,37.65,45.10,25.65,44.95,35.20,30.35,23.10,16.30,6.95,7.24,18.0,7.3,21.2,8.0,78.75,66.90,21.95,33.65,7.09,,,,,,,,,,,,,,,,,,,,
AR-073,Run,RunF,No,Non-elite,Rn/f,22,Female,White,303,,8,1.5,1,2.5,"Cycle, Swim, Gym",63.5,175.50,91.00,177.50,40.30,47.35,27.80,47.00,36.05,29.00,23.70,11.60,7.43,7.72,18.5,8.2,23.3,9.1,84.50,70.73,23.73,37.15,7.58,,,,,,,,,,,,,,,,,,,,
AC-029,Climb,ClimbM,Yes,Elite,Ce/m,19,Male,White,,26,4,20,2,22,Run,63.6,174.50,91.50,177.75,39.35,47.95,28.10,47.40,40.15,29.45,26.50,4.35,7.08,7.45,18.2,8.2,24.7,9.6,83.00,68.80,21.40,35.05,7.26,,,,,,,,,,,,,,,,,,,,
AC-030,Climb,ClimbF,No,Non-elite,Cn/f,24,Female,White,,15.5,7,6,14,20,"Run, Yoga, Gym, Walk",68.4,170.00,89.00,167.50,37.80,45.15,26.50,43.75,36.75,28.80,26.45,21.80,6.18,6.46,17.1,7.4,20.4,8.8,81.00,65.38,21.63,35.85,6.32,,,,,,,,,,,,,,,,,,,,
AC-031,Climb,ClimbM,No,Non-elite,Cn/m,24,Male,White,,17,1,12,2,14,Yoga,64.7,183.00,95.50,184.25,40.45,49.00,27.50,47.00,42.55,29.50,26.65,7.80,7.23,7.56,18.6,7.8,24.4,8.5,87.50,70.85,23.85,38.50,7.40,,,,,,,,,,,,,,,,,,,,
AC-032,Climb,ClimbM,No,Non-elite,Cn/m,25,Male,White,,18,14,12,2,14,"Tennis, Squash, Badminton",70.0,175.50,94.50,170.75,38.35,46.45,26.75,45.65,39.00,27.00,28.25,14.00,6.55,7.21,17.1,8.3,23.4,9.4,81.00,65.88,20.23,34.55,6.88,,,,,,,,,,,,,,,,,,,,
AC-033,Climb,ClimbM,No,Non-elite,Cn/m,39,Male,White,,17,17,10,10,20,"Run, Swim, Gym, Yoga",59.9,159.00,83.75,165.25,35.40,42.15,25.50,44.00,37.75,25.30,25.80,11.85,6.56,6.90,17.6,7.6,22.8,8.2,75.25,63.75,19.75,33.10,6.73,,,,,,,,,,,,,,,,,,,,
AC-034,Climb,ClimbM,No,Non-elite,Cn/m,50,Male,Other,,19,32,6,1,7,"Run, Row",65.6,172.50,89.00,175.75,39.30,46.75,27.10,46.50,39.50,28.00,27.60,8.00,6.96,7.58,17.4,8.6,23.0,9.3,83.50,68.13,21.63,36.75,7.27,,,,,,,,,,,,,,,,,,,,
AC-035,Climb,ClimbM,No,Non-elite,Cn/m,29,Male,White,,14,7,6,3,9,Gym,69.4,169.00,89.50,174.75,37.70,45.30,27.05,46.75,39.65,28.10,28.30,11.35,7.33,7.96,18.8,8.1,23.3,8.3,79.50,67.55,20.80,34.20,7.65,,,,,,,,,,,,,,,,,,,,
AC-036,Climb,ClimbM,No,Non-elite,Cn/m,25,Male,White,,20,10,12,3,15,"Yoga, Swim",68.0,176.00,97.25,171.25,36.00,44.60,26.00,44.25,38.35,25.85,27.45,8.15,6.85,7.03,17.5,8.0,22.5,9.4,78.75,66.45,22.20,34.15,6.94,,,,,,,,,,,,,,,,,,,,
AC-037,Climb,ClimbM,Yes,Elite,Ce/m,27,Male,White,,24,18,4,2,6,"Tennis, Squash, Run, Cycle",68.4,174.50,89.75,184.75,38.90,47.55,29.65,50.05,40.00,27.30,27.35,9.70,7.50,8.39,19.7,8.3,22.8,8.7,84.75,72.38,22.33,37.20,7.94,,,,,,,,,,,,,,,,,,,,
AC-038,Climb,ClimbM,No,Non-elite,Cn/m,21,Male,White,,23,5,8,10,18,"Row, Run",72.7,177.50,94.00,180.50,39.60,48.10,29.40,48.35,39.90,27.10,29.00,7.10,6.91,7.51,18.2,8.3,23.2,8.9,83.50,70.30,21.95,35.40,7.21,,,,,,,,,,,,,,,,,,,,
AC-039,Climb,ClimbM,No,Non-elite,Cn/m,28,Male,Asian,,19,5,3.5,2,5.5,Run,63.8,169.00,87.50,176.50,38.70,45.85,27.50,45.65,41.65,27.10,27.05,8.20,6.78,7.26,18.0,8.2,23.0,9.4,81.50,67.43,21.78,35.65,7.02,,,,,,,,,,,,,,,,,,,,
AC-040,Climb,ClimbF,No,Non-elite,Cn/f,26,Female,White,,17,5,9,1.5,10.5,Swim,60.1,164.25,87.00,162.50,37.00,44.00,25.15,42.90,36.15,25.30,25.15,12.05,6.50,6.84,17.5,7.9,20.7,8.3,77.25,63.18,20.28,33.25,6.67,,,,,,,,,,,,,,,,,,,,
AW-002,Walk,WalkM,Yes,Elite,We/m,24,Male,White,1067,,13,8,0,8,NONE,66.8,175.00,94.75,176.50,36.85,45.00,27.35,46.20,41.75,26.05,25.75,7.70,7.36,7.57,17.8,8.2,22.1,9.0,80.25,67.38,21.18,35.25,7.47,,,,,,,,,,,,,,,,,,,,
AR-074,Sprint,SprintF,Yes,Elite,RSe/f,21,Female,White,1013,,12,10,8,18,"Swim, Cycle, Gym",54.5,163.00,89.00,156.75,35.20,42.45,24.00,40.60,37.05,25.50,22.15,10.70,6.34,6.57,15.6,7.4,20.9,8.0,74.00,59.85,19.25,31.55,6.45,,,,,,,,,,,,,,,,,,,,
AR-075,Run,RunM,Yes,Elite,Re/m,20,Male,White,774,,2,8,2,10,Gym,69.1,189.25,96.00,194.00,43.25,51.70,30.85,51.15,41.55,26.90,24.35,6.35,7.87,8.11,19.8,8.2,24.5,9.1,93.25,76.23,25.08,41.55,7.99,,,,,,,,,,,,,,,,,,,,
AR-076,Run,RunM,Yes,Elite,Re/m,18,Male,Mixed,934,,6,5,0,5,NONE,68.4,176.25,92.25,177.75,39.10,46.35,28.50,47.80,39.65,26.90,25.35,9.35,7.09,7.53,18.3,7.8,23.5,9.0,84.00,69.05,21.25,37.65,7.31,,,,,,,,,,,,,,,,,,,,
AR-077,Run,RunM,Yes,Elite,Re/m,20,Male,White,966,,5,9,0,9,NONE,63.8,174.25,88.75,181.00,41.00,49.00,28.10,47.30,39.30,28.35,25.25,7.40,6.86,7.31,18.7,8.1,22.4,9.0,85.50,70.85,23.55,36.50,7.09,,,,,,,,,,,,,,,,,,,,
AR-078,Run,RunM,Yes,Elite,Re/m,22,Male,White,1047,,12,6,0,6,NONE,65.5,173.50,90.25,178.00,38.75,45.65,28.55,47.05,39.90,26.55,25.85,9.90,6.88,7.48,18.5,7.5,22.6,9.2,83.25,69.05,22.00,37.60,7.18,,,,,,,,,,,,,,,,,,,,
AR-079,Sprint,SprintM,Yes,Elite,RSe/m,25,Male,Black,860,,10,4,7,11,Long Jump,88.0,190.00,94.75,195.50,46.10,53.45,32.85,54.60,44.15,28.25,29.85,5.40,8.36,7.79,21.5,8.8,26.3,10.2,95.25,75.68,21.08,41.80,8.07,,,,,,,,,,,,,,,,,,,,
AW-003,Walk,WalkF,Yes,Elite,We/f,25,Female,White,703,,9,10,0,10,NONE,73.6,171.00,91.00,168.00,38.25,45.45,26.30,43.00,37.15,27.70,25.95,26.95,5.70,6.50,16.4,7.5,20.6,8.1,80.00,65.43,22.43,34.55,6.10,,,,,,,,,,,,,,,,,,,,
AW-004,Walk,WalkF,Yes,Elite,We/f,23,Female,White,886,,11,6,0,6,NONE,46.8,156.25,85.50,155.00,33.75,39.50,23.50,39.00,35.10,26.55,20.85,11.00,6.06,6.13,15.1,7.2,19.1,7.4,70.75,59.95,20.95,31.25,6.10,,,,,,,,,,,,,,,,,,,,
AW-005,Walk,WalkM,Yes,Elite,We/m,27,Male,White,1143,,15,10,0,10,NONE,64.5,172.50,93.50,175.00,35.85,43.65,27.25,45.95,41.45,27.20,25.40,6.20,7.15,7.23,18.6,8.4,22.4,9.4,79.00,66.78,20.83,35.35,7.19,,,,,,,,,,,,,,,,,,,,
AR-080,Run,RunM,Yes,Elite,Re/m,19,Male,White,915,,10,10,0,10,NONE,63.0,167.75,90.75,170.25,35.10,43.50,26.15,44.85,39.70,25.20,24.50,6.60,7.02,7.31,17.5,7.9,22.7,8.9,77.00,65.28,20.43,33.50,7.16,,,,,,,,,,,,,,,,,,,,
AR-081,Run,RunF,Yes,Elite,Re/f,23,Female,Mixed,1101,,10,15,0,15,"Swim, Cycle",55.7,163.50,86.00,167.00,37.30,43.70,26.35,44.95,36.40,26.35,21.75,11.70,7.16,7.73,17.8,8.2,21.5,8.3,77.50,65.30,20.35,33.80,7.44,,,,,,,,,,,,,,,,,,,,
AR-082,Run,RunM,Yes,Elite,Re/m,31,Male,White,945,,3,8,5,13,Hike,60.6,177.25,93.25,174.25,38.15,46.45,26.95,45.60,41.05,27.45,23.55,5.00,7.60,7.86,18.4,8.2,22.1,8.5,84.00,66.60,21.00,37.55,7.73,,,,,,,,,,,,,,,,,,,,
AR-083,Run,RunF,Yes,Elite,Re/f,32,Female,White,1212,,20,15,0,15,Gym,57.9,172.00,91.25,173.50,37.90,44.80,26.85,45.40,38.70,27.30,22.85,7.00,7.11,7.19,17.9,7.6,21.5,8.6,80.75,67.40,22.00,35.95,7.15,,,,,,,,,,,,,,,,,,,,
AR-084,Run,RunM,Yes,Elite,Re/m,27,Male,White,918,,16,10,3,13,"Cycle, Gym",64.7,176.00,90.25,176.00,39.05,47.65,27.35,45.75,39.30,28.05,25.25,5.65,7.07,7.43,18.0,7.7,24.7,9.3,85.75,68.35,22.60,38.10,7.25,,,,,,,,,,,,,,,,,,,,
AX-055,Control,ControlF,Yes,NA,X/f,47,Female,White,,,NA,NA,0,0,Walk,73.8,165.50,89.75,162.25,37.25,44.65,25.05,43.15,39.42,27.90,24.90,27.40,7.12,7.38,17.6,7.6,20.1,8.5,75.75,61.42,18.27,31.10,7.25,,,,,,,,,,,,,,,,,,,,
AC-041,Climb,ClimbM,Yes,Elite,Ce/m,47,Male,White,,24,33,5,5,10,"Surf, Run, Cycle",77.0,179.50,95.75,190.75,39.25,46.80,28.50,49.50,42.20,28.25,29.40,7.05,7.44,7.57,19.7,8.6,23.4,9.8,83.75,74.28,24.78,36.95,7.50,,,,,,,,,,,,,,,,,,,,
AC-042,Climb,ClimbM,Yes,Elite,Ce/m,21,Male,White,,25,16,12,1,13,Run,80.9,191.00,100.25,193.75,40.70,49.65,30.95,51.85,40.95,30.25,29.75,6.80,7.88,7.96,20.0,8.8,25.3,9.6,90.75,76.40,24.55,41.10,7.92,,,,,,,,,,,,,,,,,,,,
AC-043,Climb,ClimbM,Yes,Elite,Ce/m,21,Male,White,,25,6,8,2,10,"Run, Surf",75.7,185.50,95.75,188.25,42.90,51.30,29.00,48.40,43.40,28.95,26.40,11.95,7.16,7.67,18.9,8.3,23.1,9.0,89.75,72.43,24.03,38.45,7.41,,,,,,,,,,,,,,,,,,,,
AC-044,Climb,ClimbM,Yes,Elite,Ce/m,30,Male,White,,25,16,10,4,14,Gym,67.8,174.00,94.00,175.50,37.60,45.80,27.95,46.75,39.40,27.65,28.20,6.65,6.47,6.93,17.4,7.7,21.9,8.2,80.00,68.05,21.30,34.20,6.70,,,,,,,,,,,,,,,,,,,,
AC-045,Climb,ClimbM,Yes,Elite,Ce/m,58,Male,White,,24,40,8,8,16,"Run, Walk, Cycle",62.1,178.00,94.50,182.25,38.55,46.90,28.75,48.15,39.55,28.40,26.65,4.65,7.06,7.81,18.9,8.3,22.5,9.1,83.50,71.35,23.20,36.60,7.43,,,,,,,,,,,,,,,,,,,,
AC-046,Climb,ClimbM,Yes,Elite,Ce/m,32,Male,Mixed,,27,14,20,0,20,NONE,58.8,170.00,93.50,171.00,35.40,42.70,25.50,44.05,40.35,25.85,27.20,5.60,6.68,7.01,17.3,7.8,24.4,9.3,76.50,65.33,21.28,33.80,6.84,,,,,,,,,,,,,,,,,,,,
AC-047,Climb,ClimbM,Yes,Elite,Ce/m,41,Male,White,,27,27,9,0,9,NONE,71.7,183.25,91.50,197.25,42.10,50.90,31.50,52.90,39.20,26.70,27.90,6.05,7.68,7.89,20.6,8.8,24.7,8.7,91.75,79.03,26.13,40.85,7.78,,,,,,,,,,,,,,,,,,,,
AC-048,Climb,ClimbF,Yes,Elite,Ce/f,30,Female,White,,23,21,8,0,8,NONE,52.3,171.25,87.25,168.25,39.00,46.25,25.85,44.40,36.35,27.50,23.00,9.30,6.95,7.03,17.2,7.2,22.5,7.9,84.00,65.95,21.55,37.75,6.99,,,,,,,,,,,,,,,,,,,,
AC-049,Climb,ClimbF,Yes,Elite,Ce/f,30,Female,White,,27,20,20,1,21,Run,56.4,167.50,88.25,167.00,36.95,44.70,26.55,44.55,35.40,26.00,24.30,10.35,6.92,7.74,17.8,7.6,23.1,7.9,79.25,65.80,21.25,34.55,7.33,,,,,,,,,,,,,,,,,,,,
AC-050,Climb,ClimbM,Yes,Elite,Ce/m,35,Male,White,,28,21,16,4,20,Firefighting,77.1,187.50,98.00,193.00,42.30,49.65,28.50,49.65,44.05,30.40,29.35,5.00,7.66,8.20,20.2,8.7,25.4,9.0,89.50,74.48,24.83,39.85,7.93,,,,,,,,,,,,,,,,,,,,
AC-051,Climb,ClimbF,Yes,Elite,Ce/f,23,Female,White,,24,12,16,0,16,NONE,53.7,161.75,88.00,159.25,35.70,42.40,25.20,42.20,36.15,25.25,22.25,15.30,6.08,6.80,16.6,6.8,20.0,7.4,73.75,61.55,19.35,31.35,6.44,,,,,,,,,,,,,,,,,,,,
AC-052,Climb,ClimbM,Yes,Elite,Ce/m,25,Male,White,,29.5,13,15,0,15,NONE,61.8,173.50,91.25,179.50,38.10,46.55,28.40,47.45,40.85,26.80,25.90,4.75,7.14,7.07,18.1,8.1,22.9,8.9,82.25,69.33,21.88,35.70,7.10,,,,,,,,,,,,,,,,,,,,
AC-053,Climb,ClimbM,Yes,Elite,Ce/m,29,Male,White,,24,26,8,2,10,"Run, Ski, Cycle",83.0,171.75,95.75,177.75,35.95,44.20,27.00,46.65,41.35,28.90,31.15,7.85,6.83,7.30,19.0,8.5,23.2,9.1,76.00,68.20,21.55,31.80,7.07,,,,,,,,,,,,,,,,,,,,
AC-054,Climb,ClimbM,No,Non-elite,Cn/m,23,Male,White,,21,2.5,7,3,10,"Run, Cycle",71.4,180.50,96.75,178.00,38.55,46.40,26.75,46.35,39.40,26.70,27.90,5.05,7.24,7.45,17.6,7.8,22.9,8.6,83.75,69.30,22.95,37.35,7.34,,,,,,,,,,,,,,,,,,,,
AC-055,Climb,ClimbM,Yes,Elite,Ce/m,21,Male,White,,28.5,6,8,0,8,NONE,71.4,180.75,93.50,187.50,40.45,48.80,29.15,48.25,40.80,26.65,29.00,7.10,7.17,7.55,18.7,8.4,21.9,8.7,87.25,73.35,25.10,38.45,7.36,,,,,,,,,,,,,,,,,,,,
AC-056,Climb,ClimbM,No,Non-elite,Cn/m,34,Male,White,,20,7,12,1.5,13.5,Run,68.5,176.75,95.25,176.25,37.70,46.60,28.60,47.75,41.05,27.45,27.10,5.15,7.05,7.91,19.2,8.8,23.3,8.9,81.50,67.60,19.85,34.90,7.48,,,,,,,,,,,,,,,,,,,,
AC-057,Climb,ClimbM,No,Non-elite,Cn/m,57,Male,White,,20,40,20,7,27,Hike,77.4,180.25,93.00,182.75,40.85,49.30,29.55,49.45,38.80,30.50,26.35,8.55,7.41,7.82,19.2,8.7,24.7,9.2,87.25,71.98,22.53,37.95,7.61,,,,,,,,,,,,,,,,,,,,
AC-058,Climb,ClimbM,No,Non-elite,Cn/m,25,Male,White,,20,15,14,0,14,NONE,69.1,177.50,93.00,176.75,38.85,47.55,28.15,47.40,35.50,28.10,27.65,12.55,7.10,7.35,18.7,8.1,22.7,8.7,84.50,70.63,23.23,36.95,7.22,,,,,,,,,,,,,,,,,,,,
AC-059,Climb,ClimbF,Yes,Elite,Ce/f,18,Female,White,,25,12,36,0,36,NONE,56.7,160.25,86.25,163.50,34.45,41.60,25.40,43.30,35.80,25.75,25.45,14.90,6.26,6.59,16.8,7.3,21.2,8.5,74.00,63.85,20.55,32.40,6.43,,,,,,,,,,,,,,,,,,,,
AC-060,Climb,ClimbM,No,Non-elite,Cn/m,28,Male,White,,22,10,10,0,10,NONE,69.2,183.00,95.00,184.25,40.65,48.40,29.35,49.40,40.45,28.85,27.40,7.00,6.96,7.28,18.8,8.2,23.1,8.8,88.00,71.90,22.50,39.60,7.12,,,,,,,,,,,,,,,,,,,,
AR-085,Run,RunM,Yes,Elite,Re/m,33,Male,White,785,,10,4,10,14,"Cycle, Swim",67.7,174.75,95.50,179.25,38.00,46.45,28.35,48.50,39.35,28.20,24.35,9.60,7.29,8.09,19.3,8.7,23.9,8.5,79.25,69.95,21.45,32.80,7.69,,,,,,,,,,,,,,,,,,,,
AX-056,Control,ControlF,Yes,NA,X/f,34,Female,Black,,,NA,NA,6,6,"Gym, Yoga",68.2,164.25,83.75,172.00,39.50,45.60,27.50,45.90,38.35,27.55,24.55,22.00,7.09,7.07,18.0,7.6,22.3,8.9,80.50,66.83,20.93,34.90,7.08,,,,,,,,,,,,,,,,,,,,
AR-085.5,Sprint,SprintM,Yes,Elite,RSe/m,53,Male,Mixed,718,,25,20,6,26,Gym,79.6,182.75,96.50,187.75,40.80,48.20,30.20,50.45,42.25,28.60,28.95,5.25,7.59,7.74,19.4,9.1,24.8,9.6,86.25,72.75,22.30,38.05,7.66,,,,,,,,,,,,,,,,,,,,
AR-086,Sprint,SprintM,Yes,Elite,RSe/m,53,Male,Black,710,,28,6,6,12,"Gym, Football",69.1,169.00,86.50,176.75,40.65,47.40,27.20,46.45,41.75,25.40,27.00,8.45,7.04,7.80,18.2,7.7,23.1,9.9,82.50,67.50,21.05,35.10,7.42,,,,,,,,,,,,,,,,,,,,
AR-087,Sprint,SprintF,Yes,Elite,RSe/f,62,Female,Mixed,650,,30,8,0,8,NONE,66.2,167.75,86.75,173.00,38.90,46.30,27.45,46.30,38.65,29.35,24.55,10.55,7.67,7.89,18.5,8.4,24.6,9.3,81.00,67.18,20.88,34.70,7.78,,,,,,,,,,,,,,,,,,,,
AR-088,Run,RunF,No,Non-elite,Rn/f,37,Female,White,611,,20,7.5,2,9.5,"Gym, Swim, Cycle",59.5,166.00,89.00,162.00,37.45,44.15,25.45,43.75,36.45,28.65,22.90,20.55,6.63,7.15,17.3,7.4,22.4,8.9,77.00,62.78,19.03,32.85,6.89,,,,,,,,,,,,,,,,,,,,
AR-089,Run,RunF,Yes,Elite,Re/f,40,Female,White,1042,,30,14,5,19,"Golf, Hike, Cycle",49.7,169.00,92.25,161.00,35.35,43.10,24.80,41.60,35.80,28.00,21.55,6.90,6.87,7.12,17.1,7.8,20.1,8.5,76.75,62.60,21.00,33.65,6.99,,,,,,,,,,,,,,,,,,,,
AR-090,Run,RunF,Yes,Elite,Re/f,41,Female,White,811,,36,4.5,2,6.5,"Cycle, Hike",57.6,175.50,93.50,173.50,38.80,46.70,26.40,46.15,36.70,28.95,23.35,10.20,7.48,7.87,18.9,8.1,23.8,9.2,82.00,68.40,22.25,35.30,7.68,,,,,,,,,,,,,,,,,,,,
AR-091,Run,RunF,Yes,Elite,Re/f,45,Female,White,825,,20,7,2,9,Gym,57.5,168.25,88.25,169.50,36.45,43.00,26.45,44.50,35.20,28.75,22.85,12.80,6.33,6.72,17.1,7.2,20.6,7.9,80.00,67.15,22.65,37.00,6.52,,,,,,,,,,,,,,,,,,,,
AR-092,Run,RunM,Yes,Elite,Re/m,52,Male,White,753,,49,13,0,13,NONE,62.9,174.50,91.75,176.50,39.10,46.25,28.75,47.75,36.00,28.15,25.15,7.45,6.86,7.37,17.9,7.9,22.3,8.3,82.75,70.25,22.50,36.50,7.12,,,,,,,,,,,,,,,,,,,,
AR-093,Sprint,SprintM,Yes,Elite,RSe/m,46,Male,White,683,,35,10,5,15,"Gym, Row, Cycle",73.8,175.00,91.00,181.75,39.00,46.95,28.10,47.90,42.05,28.95,26.70,4.40,6.98,7.59,18.4,8.4,24.7,10.1,84.00,69.85,21.95,37.05,7.28,,,,,,,,,,,,,,,,,,,,
AW-006,Walk,WalkF,Yes,Elite,We/f,46,Female,White,742,,11,4,6,10,"Swim, Cycle, Run",81.6,172.50,93.25,173.50,37.00,44.20,26.05,45.25,39.00,29.85,24.80,29.70,7.38,6.74,18.5,7.7,22.3,8.3,79.25,67.25,22.00,35.05,7.06,,,,,,,,,,,,,,,,,,,,
AW-007,Walk,WalkF,Yes,Elite,We/f,55,Female,White,742,,5,18,9,27,"Run, Swim",52.8,165.50,88.75,167.50,36.35,42.75,25.40,43.65,39.05,27.25,19.40,8.50,6.59,6.33,17.3,7.0,20.6,7.5,76.75,64.23,20.58,34.00,6.46,,,,,,,,,,,,,,,,,,,,
AR-094,Sprint,SprintM,Yes,Elite,RSe/m,46,Male,White,718,,14,6,4,10,"Gym, Walk",84.3,182.50,95.50,184.25,40.45,49.00,30.10,49.80,41.75,29.80,28.10,11.35,7.26,7.56,19.5,9.0,22.6,9.2,87.00,71.25,21.45,38.00,7.41,,,,,,,,,,,,,,,,,,,,
AR-095,Sprint,SprintF,Yes,Elite,RSe/f,52,Female,Black,768,,10,6,3,9,Netball,88.4,175.00,92.50,179.75,40.25,48.30,28.30,47.90,38.95,28.75,28.65,25.30,7.22,8.14,19.3,8.7,24.3,9.6,82.50,70.40,22.50,34.20,7.68,,,,,,,,,,,,,,,,,,,,
AR-096,Sprint,SprintF,Yes,Elite,RSe/f,51,Female,Black,761,,35,15,0,15,NONE,59.2,162.75,85.50,167.25,36.90,43.40,27.40,45.85,36.95,25.40,24.75,8.80,6.82,6.87,17.8,7.8,22.7,9.5,77.25,65.15,19.30,33.85,6.85,,,,,,,,,,,,,,,,,,,,
AR-097,Run,RunF,Yes,Elite,Re/f,50,Female,White,729,,32,7,3,10,Cycle,56.5,156.00,84.25,159.75,34.30,40.45,25.65,42.50,34.55,28.05,21.45,11.50,6.79,6.43,16.3,7.3,21.3,8.4,71.75,62.60,20.10,31.30,6.61,,,,,,,,,,,,,,,,,,,,
AR-098,Sprint,SprintF,Yes,Elite,RSe/f,37,Female,Mixed,870,,11,6,4.5,10.5,"Gym, Cycle",57.9,163.25,85.00,161.50,35.75,42.30,24.10,41.70,36.65,24.85,24.00,9.70,6.77,6.95,17.2,7.6,20.8,8.4,78.25,62.43,20.73,35.95,6.86,,,,,,,,,,,,,,,,,,,,
AR-099,Sprint,SprintF,Yes,Elite,RSe/f,36,Female,White,817,,2,9,0,9,NONE,66.6,169.75,92.75,163.00,36.45,44.00,25.00,42.50,37.85,27.80,24.75,10.80,7.08,7.00,17.5,8.6,20.9,8.6,77.00,62.58,20.08,33.00,7.04,,,,,,,,,,,,,,,,,,,,
AR-100,Run,RunM,Yes,Elite,Re/m,32,Male,White,1016,,15,13,0,13,NONE,66.2,179.00,92.00,185.75,40.20,48.20,28.45,48.65,42.30,26.65,25.25,6.75,7.31,7.39,18.2,7.5,24.5,9.9,87.00,71.73,23.08,38.80,7.35,,,,,,,,,,,,,,,,,,,,
AR-101,Sprint,SprintF,Yes,Elite,RSe/f,24,Female,White,775,,2,9,2,11,Yoga,65.6,177.25,93.00,172.25,41.05,48.00,27.30,45.50,36.45,28.15,23.80,14.55,6.95,7.38,17.7,7.9,21.5,8.3,84.25,67.90,22.40,36.25,7.16,,,,,,,,,,,,,,,,,,,,
AR-102,Run,RunF,Yes,Elite,Re/f,30,Female,White,869,,9,7,5,12,"Cycle, Swim, Gym",58.1,166.50,85.50,170.25,36.70,44.55,25.80,43.85,36.15,27.70,23.00,13.60,6.92,7.11,17.2,7.9,20.4,8.7,81.00,67.05,23.20,36.45,7.01,,,,,,,,,,,,,,,,,,,,
AR-103,Run,RunF,Yes,Elite,Re/f,48,Female,White,834,,15,12,5,17,"Cycle, Gym, Yoga",53.3,163.00,85.50,162.50,35.85,43.05,25.90,43.80,34.55,26.25,23.00,12.50,6.64,6.98,17.6,7.8,20.4,7.9,77.50,63.98,20.18,34.45,6.81,,,,,,,,,,,,,,,,,,,,
AC-061,Climb,ClimbF,Yes,Elite,Ce/f,25,Female,White,,22,19,5,2,7,"Swim, Gym, Poledance",67.5,166.50,88.75,170.00,36.50,43.75,26.30,45.00,37.70,29.05,26.65,13.00,7.23,7.22,18.3,7.7,21.9,8.5,77.75,66.15,21.15,34.00,7.23,,,,,,,,,,,,,,,,,,,,
AC-062,Climb,ClimbF,Yes,Elite,Ce/f,21,Female,White,,23,8,20,0,20,NONE,70.8,168.25,89.75,170.00,36.20,44.30,25.80,43.00,39.65,28.60,27.20,16.60,6.40,6.74,16.8,7.6,21.7,9.1,78.50,65.18,22.18,34.20,6.57,,,,,,,,,,,,,,,,,,,,
AC-063,Climb,ClimbM,No,Non-elite,Cn/m,25,Male,White,,21,6,9,6,15,"Cycle, Cricket",68.6,182.25,94.50,182.50,41.35,49.25,29.10,48.55,40.45,27.20,27.25,6.90,7.31,7.87,19.2,8.6,22.5,9.7,87.75,71.03,22.48,38.50,7.59,,,,,,,,,,,,,,,,,,,,
AR-104,Sprint,SprintM,Yes,Elite,RSe/m,18,Male,Black,946,,2,7,2,9,Football,66.1,169.75,90.75,180.00,38.05,44.35,28.45,47.25,42.10,25.15,25.90,6.15,6.78,7.61,18.3,8.1,23.2,9.1,79.00,68.95,21.70,34.65,7.20,,,,,,,,,,,,,,,,,,,,
AR-105,Sprint,SprintM,Yes,Elite,RSe/m,18,Male,Black,685,,4,4,4,8,"High Jump, Long Jump",72.9,180.75,90.25,194.75,43.65,50.70,30.60,50.70,43.55,27.25,25.70,7.75,8.04,8.58,19.7,8.5,23.7,9.2,90.50,75.60,24.90,39.80,8.31,,,,,,,,,,,,,,,,,,,,
AR-106,Sprint,SprintM,Yes,Elite,RSe/m,19,Male,Black,689,,4,8,5,13,Cycle,68.5,174.75,90.25,187.75,39.95,47.00,29.70,48.95,43.40,28.50,26.30,6.25,7.30,7.70,19.1,8.1,24.7,9.4,84.50,72.18,23.23,37.50,7.50,,,,,,,,,,,,,,,,,,,,
AR-107,Sprint,SprintM,Yes,Elite,RSe/m,18,Male,Black,977,,3,3,0,3,NONE,73.1,175.25,90.75,183.00,40.30,47.45,28.00,49.10,41.70,25.25,28.10,6.70,7.99,9.05,19.5,8.9,24.6,9.6,84.50,70.65,21.55,37.05,8.52,,,,,,,,,,,,,,,,,,,,
AR-108,Sprint,SprintF,Yes,Elite,RSe/f,20,Female,White,771,,11,8,20,28,"Hockey, Row, Tennis, Horse riding",66.8,169.50,89.75,170.75,37.85,45.90,26.65,45.05,37.90,28.60,26.00,12.90,6.55,6.64,16.6,7.7,21.6,8.9,79.75,66.43,21.38,33.85,6.59,,,,,,,,,,,,,,,,,,,,
AR-109,Sprint,SprintM,Yes,Elite,RSe/m,18,Male,White,749,,9,10,2,12,Boxing,75.6,185.25,98.00,188.25,39.70,48.25,27.75,48.80,41.90,29.60,27.10,8.30,7.68,7.87,18.9,7.9,25.1,9.7,87.25,73.18,24.38,39.00,7.78,,,,,,,,,,,,,,,,,,,,
AR-110,Sprint,SprintM,Yes,Elite,RSe/m,18,Male,Black,864,,8.5,5.5,0,5.5,NONE,71.7,177.00,88.50,189.50,43.60,51.00,30.35,51.00,41.60,24.65,26.90,8.00,7.83,8.35,20.0,8.7,26.3,9.7,88.50,73.95,22.95,37.50,8.09,,,,,,,,,,,,,,,,,,,,
AR-111,Sprint,SprintF,Yes,Elite,RSe/f,18,Female,Black,876,,5,6,4,10,Hammer throwing,63.4,164.00,87.00,170.00,38.10,44.10,27.20,45.50,36.00,27.15,23.65,10.50,6.76,6.87,18.2,7.8,22.2,9.5,77.00,67.00,21.50,32.90,6.81,,,,,,,,,,,,,,,,,,,,
AR-112,Sprint,SprintM,Yes,Elite,RSe/m,18,Male,White,728,,11,9,7.5,16.5,Gym,76.2,184.00,94.50,184.50,42.35,51.30,28.85,48.10,40.40,27.80,27.30,10.80,7.15,7.48,18.2,8.4,22.6,9.4,89.50,72.05,23.95,38.20,7.32,,,,,,,,,,,,,,,,,,,,
AR-113,Sprint,SprintF,Yes,Elite,RSe/f,25,Female,White,871,,12,10,2,12,Swim,58.5,169.25,87.50,168.50,38.15,45.65,26.00,44.95,36.50,27.20,21.60,12.15,7.31,7.29,17.2,7.6,21.4,8.2,81.75,66.00,21.05,36.10,7.30,,,,,,,,,,,,,,,,,,,,
AR-114,Sprint,SprintM,Yes,Elite,RSe/m,20,Male,White,1000,,10,9,2,11,"Swim, Gym",71.9,179.00,95.50,182.50,40.25,48.15,28.70,47.70,39.75,26.90,25.70,9.20,6.95,7.59,18.2,8.3,23.1,9.3,83.50,71.38,23.68,35.35,7.27,,,,,,,,,,,,,,,,,,,,
AR-115,Sprint,SprintF,Yes,Elite,RSe/f,35,Female,Black,1079,,18,20,0,20,NONE,67.3,169.75,85.25,177.75,41.50,47.95,29.40,49.30,38.30,26.55,25.00,8.75,7.12,7.46,18.4,7.9,23.3,8.6,84.50,69.73,20.43,36.55,7.29,,,,,,,,,,,,,,,,,,,,
AR-116,Sprint,SprintF,Yes,Elite,RSe/f,24,Female,White,732,,7,10,6,16,"Cycle, Climb",57.3,161.25,87.00,161.00,35.70,42.30,24.70,42.60,34.20,28.00,22.10,13.40,6.81,7.08,16.9,7.0,20.6,8.1,74.25,63.40,20.80,31.95,6.95,,,,,,,,,,,,,,,,,,,,
AR-117,Sprint,SprintF,Yes,Elite,RSe/f,26,Female,White,1032,,16,12,3,15,"Yoga, Pilates, Football",63.4,168.50,91.50,170.25,36.10,43.55,25.65,44.65,37.80,27.95,25.10,9.25,7.15,7.26,18.1,8.2,22.2,8.7,77.00,66.23,21.58,33.45,7.21,,,,,,,,,,,,,,,,,,,,
AR-118,Sprint,SprintM,Yes,Elite,RSe/m,25,Male,Black,995,,15,4,12,16,,65.8,171.25,88.50,178.25,39.15,46.00,28.30,46.90,42.30,26.35,26.30,4.95,6.29,6.52,17.2,7.5,22.3,8.4,82.75,67.98,21.08,36.75,6.40,,,,,,,,,,,,,,,,,,,,
AR-119,Run,RunF,Yes,Elite,Re/f,33,Female,White,1040,,20,9,1,10,,53.7,168.25,91.25,165.00,37.00,44.05,26.20,44.50,34.65,27.90,23.00,14.85,6.888888889,7.39,17.1,7.6,22.0,8.7,77.00,65.18,20.68,32.95,7.14,,,,,,,,,,,,,,,,,,,,
AR-120,Run,RunM,Yes,Elite,Re/m,19,Male,Mixed,846,,3,12,2,14,Swim,67.5,184.25,96.00,188.25,41.85,50.35,29.35,49.30,41.35,29.40,24.20,6.00,7.48,7.64,19.4,8.0,24.4,9.0,88.25,73.45,24.15,37.90,7.56,,,,,,,,,,,,,,,,,,,,
AR-121,Sprint,SprintF,Yes,Elite,RSe/f,26,Female,White,839,,4,8,5,13,Dance,62.7,168.50,92.00,160.50,36.85,43.90,24.20,41.55,37.50,27.50,23.40,11.50,6.08,6.46,15.9,7.4,20.9,7.7,76.50,61.50,19.95,32.60,6.27,,,,,,,,,,,,,,,,,,,,
AR-122,Sprint,SprintF,Yes,Elite,RSe/f,20,Female,White,834,,12,10,4,14,Gym,59.9,159.50,86.00,162.50,34.70,41.95,24.70,41.85,37.50,27.90,23.55,13.15,6.34,6.79,16.5,7.5,21.8,7.6,73.50,62.50,20.65,31.55,6.57,,,,,,,,,,,,,,,,,,,,
AX-057,Control,ControlM,Yes,NA,X/m,27,Male,White,,,NA,NA,7,7,"Gym, Football, Tennis",71.5,178.00,92.75,177.25,39.65,47.50,28.60,47.55,40.55,29.35,27.20,10.35,7.31,7.60,18.4,8.1,23.7,8.5,85.25,68.35,20.80,37.75,7.46,,,,,,,,,,,,,,,,,,,,
AR-123,Run,RunM,Yes,Elite,Re/m,22,Male,White,899,,13,10,0,10,NONE,66.0,180.75,94.50,184.75,39.80,46.95,28.70,48.20,41.80,26.85,24.30,4.90,7.56,7.79,19.2,8.1,22.9,8.5,86.25,71.48,23.28,39.30,7.68,,,,,,,,,,,,,,,,,,,,
AR-124,Sprint,SprintM,Yes,Elite,RSe/m,18,Male,Black,1037,,9,8,2,10,"Basketball, Football, Gaelic football",79.9,177.00,89.50,189.75,41.75,48.70,29.70,49.55,40.95,27.85,28.95,8.10,8.37,8.71,20.3,8.9,24.3,9.0,87.50,74.40,24.85,38.80,8.54,,,,,,,,,,,,,,,,,,,,
AR-125,Sprint,SprintF,Yes,Elite,RSe/f,18,Female,White,1017,,7,7,0,7,NONE,65.8,169.75,90.75,171.50,38.70,46.25,27.45,45.60,35.00,27.05,24.95,14.00,7.45,7.73,18.2,7.9,23.6,8.3,79.00,68.25,22.65,32.75,7.59,,,,,,,,,,,,,,,,,,,,
AR-126,Sprint,SprintF,Yes,Elite,RSe/f,18,Female,Mixed,1056,,7,12,0,12,NONE,57.7,168.00,88.25,172.25,39.45,46.70,27.00,45.45,37.55,26.35,22.40,7.20,7.04,7.27,17.3,7.0,23.2,8.1,79.75,67.35,21.90,33.05,7.16,,,,,,,,,,,,,,,,,,,,
AR-127,Sprint,SprintM,Yes,Elite,RSe/m,23,Male,Black,925,,13,20,0,20,NONE,77.0,173.50,90.25,184.25,40.55,47.20,28.10,47.95,44.10,25.75,30.30,4.60,6.92,7.47,18.8,8.2,23.2,8.4,83.25,70.08,22.13,36.05,7.20,,,,,,,,,,,,,,,,,,,,
AR-128,Sprint,SprintM,Yes,Elite,RSe/m,18,Male,White,747,,5,10,2,12,Rugby,76.7,173.50,93.50,177.75,37.60,45.30,26.25,45.90,43.15,28.30,29.70,5.70,7.95,7.86,19.2,9.3,25.1,9.5,80.00,67.30,21.40,34.70,7.90,,,,,,,,,,,,,,,,,,,,
AR-129,Sprint,SprintM,Yes,Elite,RSe/m,18,Male,Asian,971,,9,8,0,8,NONE,71.8,175.25,93.50,175.00,38.60,45.50,27.30,45.65,42.45,26.30,25.00,8.95,6.63,7.41,18.3,8.2,24.0,9.5,81.75,66.28,20.63,36.25,7.02,,,,,,,,,,,,,,,,,,,,
AR-130,Sprint,SprintF,Yes,Elite,RSe/f,20,Female,White,895,,12,12,0,12,NONE,68.4,171.75,90.25,176.00,39.45,46.80,26.35,45.35,38.85,27.80,25.40,10.55,7.26,7.88,19.0,8.1,22.8,8.6,81.50,68.58,23.23,34.70,7.57,,,,,,,,,,,,,,,,,,,,
AR-131,Run,RunM,Yes,Elite,Re/m,18,Male,White,772,,8,10,0,10,NONE,64.3,176.25,92.75,178.00,39.30,46.75,26.65,46.65,40.55,27.30,24.50,7.90,7.29,7.89,19.1,7.7,23.1,9.3,83.50,68.73,22.08,36.75,7.59,,,,,,,,,,,,,,,,,,,,
AR-132,Sprint,SprintM,Yes,Elite,RSe/m,18,Male,White,912,,8,13,0,13,NONE,73.6,183.50,95.50,185.75,41.60,49.50,28.80,48.60,40.50,26.55,26.60,5.10,7.64,7.90,18.7,8.4,24.7,9.7,88.00,72.63,24.03,38.50,7.77,,,,,,,,,,,,,,,,,,,,
AR-133,Sprint,SprintM,Yes,Elite,RSe/m,18,Male,White,918,,6,5,0,5,NONE,77.8,184.00,100.50,182.50,40.00,48.05,28.40,47.10,41.75,29.35,25.50,7.10,7.32,7.70,18.3,7.8,24.6,9.6,83.50,70.38,23.28,35.45,7.51,,,,,,,,,,,,,,,,,,,,
AR-134,Run,RunM,Yes,Elite,Re/m,20,Male,White,834,,5,6,0,6,NONE,64.9,172.75,92.00,173.75,38.55,46.00,27.15,45.05,38.80,25.70,25.30,9.70,6.22,6.89,16.5,7.9,22.4,9.2,80.75,67.48,22.43,34.75,6.55,,,,,,,,,,,,,,,,,,,,
AR-135,Run,RunF,No,Non-elite,Rn/f,24,Female,White,418,,4,4,2,6,"Cycle, Swim",63.4,172.25,92.00,168.25,37.10,44.35,26.30,45.25,36.80,27.70,23.45,14.05,6.98,7.47,18.6,7.4,23.2,8.9,80.25,65.73,20.48,35.90,7.22,,,,,,,,,,,,,,,,,,,,
AX-058,Control,ControlM,Yes,NA,X/m,22,Male,White,,,NA,NA,14,14,"Row, Gym, Cycle",88.9,189.00,99.50,190.50,41.35,50.30,29.80,50.80,43.10,28.85,30.20,12.10,7.68,7.27,19.6,8.6,25.4,9.9,89.50,73.70,22.90,39.20,7.47,,,,,,,,,,,,,,,,,,,,
AX-059,Control,ControlF,Yes,NA,X/f,24,Female,White,,,NA,NA,4,4,Powerlift,53.2,161.50,88.50,158.50,34.35,41.20,23.85,41.00,33.85,26.85,21.80,13.05,6.35,6.62,16.3,7.1,21.0,7.6,73.00,62.33,21.33,31.80,6.49,,,,,,,,,,,,,,,,,,,,
AR-136,Run,RunF,Yes,Elite,Re/f,26,Female,White,1048,,15,12,2,14,Gym,52.1,167.75,87.00,165.00,36.95,44.60,24.75,42.75,35.00,28.50,21.70,9.05,6.57,6.77,16.4,7.3,21.4,7.8,80.75,65.00,22.25,36.15,6.67,,,,,,,,,,,,,,,,,,,,
AR-137,Run,RunF,Yes,Elite,Re/f,21,Female,White,842,,9,14,6,20,"Cycle, Swim",55.8,165.00,88.00,162.75,35.70,43.65,25.70,43.25,36.20,26.50,23.25,12.65,6.43,6.78,16.6,7.2,21.6,8.4,77.00,63.28,20.03,33.35,6.61,,,,,,,,,,,,,,,,,,,,
AR-138,Run,RunF,No,Non-elite,Rn/f,21,Female,Asian,141,,1,1,1,2,"Cycle, Hike",60.6,165.75,84.50,174.00,37.95,44.95,27.80,46.50,36.35,27.75,23.35,15.95,6.61,7.11,16.8,7.4,21.8,8.1,81.25,68.83,22.33,36.30,6.86,,,,,,,,,,,,,,,,,,,,
AR-139,Run,RunF,No,Non-elite,Rn/f,24,Female,White,431,,5,12,5,17,"Kickbox, Hike, Gym, Cycle",72.4,177.25,93.25,175.75,38.10,46.85,27.05,45.40,38.15,30.30,25.95,19.10,6.57,7.08,17.1,7.8,23.2,9.1,84.00,68.80,23.40,37.15,6.82,,,,,,,,,,,,,,,,,,,,
AC-064,Climb,ClimbM,Yes,Elite,Ce/m,33,Male,White,,28,26,12,0,12,NONE,72.1,176.50,93.50,181.75,36.75,46.05,27.35,46.95,41.50,27.55,29.00,4.80,7.29,7.89,18.8,9.2,21.9,9.1,83.00,70.13,23.18,36.95,7.59,,,,,,,,,,,,,,,,,,,,
AW-008,Walk,WalkF,Yes,Elite,We/f,18,Female,White,905,,5.5,9,1.5,10.5,Run,63.5,179.50,96.75,174.25,39.40,46.50,26.65,45.60,39.35,31.30,22.80,13.80,7.20,7.26,18.9,7.6,24.3,9.2,82.75,67.45,21.85,36.25,7.23,,,,,,,,,,,,,,,,,,,,
AW-009,Walk,WalkF,Yes,Elite,We/f,18,Female,White,779,,3,6,0,6,NONE,50.7,161.00,87.75,154.50,34.90,41.05,24.65,41.35,35.20,24.20,21.70,15.90,6.19,6.57,16.1,7.4,20.8,8.1,73.25,59.65,18.30,32.20,6.38,,,,,,,,,,,,,,,,,,,,
AW-010,Walk,WalkF,Yes,Elite,We/f,20,Female,White,846,,7,10,10,20,"Gym, Run",62.2,169.00,89.00,166.25,38.30,45.25,26.20,44.00,38.15,27.60,23.30,20.70,6.96,7.27,18.3,7.4,22.3,7.9,80.00,64.05,20.05,34.75,7.11,,,,,,,,,,,,,,,,,,,,
AW-011,Walk,WalkM,Yes,Elite,We/m,18,Male,White,789,,8,8.5,3,11.5,"Run, Gaelic Football",64.2,181.50,93.50,179.50,41.55,49.60,29.15,48.35,39.70,28.25,24.00,7.60,7.47,7.83,18.7,8.2,24.0,9.2,88.00,69.90,21.55,38.40,7.65,,,,,,,,,,,,,,,,,,,,
AW-012,Walk,WalkM,Yes,Elite,We/m,18,Male,White,961,,4,5,1,6,Gym,67.5,180.25,94.75,183.50,41.10,48.45,28.35,47.90,38.60,27.30,25.95,12.90,7.56,7.71,19.5,8.7,24.6,9.8,85.50,72.45,24.55,37.05,7.64,,,,,,,,,,,,,,,,,,,,
AW-013,Walk,WalkM,Yes,Elite,We/m,20,Male,White,1011,,5,5,1.5,6.5,"Football, Gaelic Football, Gym",65.8,177.50,92.75,180.25,38.75,46.35,27.75,46.00,39.45,28.25,25.25,9.60,7.13,7.65,18.4,8.7,24.8,9.2,84.75,70.40,24.40,38.40,7.39,,,,,,,,,,,,,,,,,,,,
AW-014,Walk,WalkM,Yes,Elite,We/m,19,Male,White,966,,6,5,2,7,Gym,65.5,186.50,93.50,183.75,44.00,51.00,28.95,48.55,40.55,28.40,24.55,9.05,7.48,7.62,18.6,8.1,23.4,8.8,93.00,71.60,23.05,42.00,7.55,,,,,,,,,,,,,,,,,,,,
AW-015,Walk,WalkM,Yes,Elite,We/m,27,Male,White,965,,13,8,3.5,11.5,"Run, Gym",73.8,180.75,92.00,187.25,41.50,50.10,28.95,47.60,41.95,29.15,26.60,10.55,6.81,7.51,18.5,8.5,26.3,11.1,88.75,72.65,25.05,38.65,7.16,,,,,,,,,,,,,,,,,,,,
AW-016,Walk,WalkF,Yes,Elite,We/f,21,Female,Mixed,912,,8,7,2,9,Gym,51.1,170.00,87.00,170.75,39.25,45.25,26.65,45.25,35.15,25.90,21.50,12.50,7.41,7.78,18.3,7.6,23.1,9.4,83.00,67.80,22.55,37.75,7.60,,,,,,,,,,,,,,,,,,,,
AW-017,Walk,WalkM,Yes,Elite,We/m,21,Male,White,1009,,5,30,2,32,Run,67.6,179.50,93.50,185.50,39.40,47.00,29.15,48.60,42.20,30.00,24.75,5.30,7.34,7.42,19.2,8.2,25.9,10.6,86.00,71.65,23.05,39.00,7.38,,,,,,,,,,,,,,,,,,,,
AW-018,Walk,WalkF,Yes,Elite,We/f,18,Female,White,864,,4,16,2,18,"Football, Camogie",61.4,173.75,93.75,173.50,39.55,46.35,26.40,45.65,38.20,26.60,23.00,14.40,7.61,7.53,17.4,7.7,24.0,9.4,80.00,67.65,22.00,33.65,7.57,,,,,,,,,,,,,,,,,,,,
AW-019,Walk,WalkF,Yes,Elite,We/f,19,Female,White,866,,6,10,2,12,"Gym, Run",51.5,161.50,86.00,159.25,35.40,42.40,24.25,41.80,37.05,26.40,21.90,12.15,6.51,6.72,16.4,6.8,22.4,8.5,75.50,61.10,19.30,33.10,6.62,,,,,,,,,,,,,,,,,,,,
AW-020,Walk,WalkF,Yes,Elite,We/f,18,Female,White,718,,4,36,2,38,Cycle,68.0,176.25,94.00,176.75,40.35,47.05,27.35,46.25,35.95,27.40,23.60,14.85,7.32,7.65,18.1,7.8,23.7,9.2,82.25,70.40,24.15,35.20,7.49,,,,,,,,,,,,,,,,,,,,
AC-065,Climb,ClimbF,No,Non-elite,Cn/f,26,Female,White,,19.5,4,7,4,11,"Swim, Run, Yoga",58.0,156.25,84.50,155.50,33.55,40.10,24.25,41.45,34.70,27.90,23.70,10.60,6.34,6.67,16.0,7.6,21.2,9.4,71.75,60.40,18.95,31.65,6.51,,,,,,,,,,,,,,,,,,,,
AC-066,Climb,ClimbM,Yes,Elite,Ce/m,33,Male,White,,24,19,2.5,0,2.5,Run,62.6,169.00,89.75,174.50,37.00,44.85,26.80,45.00,39.70,26.80,26.70,8.70,7.00,7.25,18.0,7.7,22.8,8.3,79.25,67.40,22.40,34.40,7.12,,,,,,,,,,,,,,,,,,,,
AC-067,Climb,ClimbF,No,Non-elite,Cn/f,27,Female,White,,20,6,8,3,11,"Swim, Yoga",59.4,164.00,86.50,162.25,36.95,44.00,25.35,43.15,36.25,25.70,26.10,8.40,6.88,7.00,17.3,7.9,22.1,8.5,77.50,63.00,19.85,33.50,6.94,,,,,,,,,,,,,,,,,,,,
AC-068,Climb,ClimbF,No,Non-elite,Cn/f,24,Female,Asian,,18,1,4,1,5,Run,48.2,156.50,83.50,156.00,34.85,41.70,24.50,40.55,36.05,24.85,23.25,17.10,6.30,6.61,15.9,7.0,20.7,8.8,73.00,59.98,19.43,31.30,6.46,,,,,,,,,,,,,,,,,,,,
AC-069,Climb,ClimbF,No,Non-elite,Cn/f,29,Female,Asian,,14,2,3,0,3,NONE,70.6,175.25,92.00,178.75,39.50,46.40,28.30,46.75,40.50,27.55,25.80,19.50,6.87,7.29,17.9,8.0,22.2,8.8,83.25,69.13,22.38,36.85,7.08,,,,,,,,,,,,,,,,,,,,
AC-070,Climb,ClimbF,No,Non-elite,Cn/f,30,Female,White,,17,4,8,2,10,"Badminton, Run",62.2,170.50,90.50,173.50,39.05,46.75,26.85,45.90,38.25,27.85,23.60,15.35,7.08,7.37,17.7,7.6,23.6,8.3,80.00,67.63,21.73,33.25,7.23,,,,,,,,,,,,,,,,,,,,
AC-071,Climb,ClimbF,No,Non-elite,Cn/f,31,Female,Mixed,,16.5,1,7,10,17,"Run, Swim",55.8,160.50,88.00,154.50,34.10,41.70,23.85,39.95,35.40,27.10,23.00,12.20,5.98,6.04,15.8,7.0,20.8,8.2,72.50,59.55,19.60,30.80,6.01,,,,,,,,,,,,,,,,,,,,
AX-060,Control,ControlF,Yes,NA,X/f,26,Female,Mixed,,,NA,NA,1,1,Run,57.8,170.00,89.25,163.50,38.15,45.05,26.10,44.20,36.30,27.70,21.75,17.25,6.74,6.91,17.1,6.9,22.6,8.6,80.75,63.60,19.40,35.70,6.83,,,,,,,,,,,,,,,,,,,,
AC-072,Climb,ClimbF,No,Non-elite,Cn/f,22,Female,White,,16.5,15,5,6,11,Run,55.5,163.50,88.75,163.75,35.05,42.10,23.80,41.00,39.05,27.85,23.60,12.30,6.58,6.72,16.3,7.3,22.8,8.3,74.75,62.35,21.35,32.65,6.65,,,,,,,,,,,,,,,,,,,,
AC-073,Climb,ClimbF,No,Non-elite,Cn/f,25,Female,White,,16.5,4,5,10,15,"Row, Surf, Ski, Gym",56.2,169.00,88.75,173.00,36.90,44.10,26.80,45.25,37.10,27.60,21.80,10.10,5.60,5.92,14.7,6.3,23.0,8.5,80.25,67.95,22.70,36.15,5.76,,,,,,,,,,,,,,,,,,,,
AC-074,Climb,ClimbF,No,Non-elite,Cn/f,37,Female,Asian,,15,1.5,15,5,20,"Cycle, Gym",59.2,160.75,82.75,168.75,37.00,43.85,25.80,43.40,37.40,26.95,26.25,11.30,6.44,7.21,17.5,7.7,22.0,8.5,78.00,65.68,22.28,34.15,6.83,,,,,,,,,,,,,,,,,,,,
AC-075,Climb,ClimbF,No,Non-elite,Cn/f,24,Female,Asian,,17,2.5,10,2,12,"Run, Badminton",51.0,168.50,91.25,164.50,36.60,43.80,24.95,42.00,37.15,27.10,22.50,8.15,6.32,7.04,16.5,7.2,22.1,8.5,77.25,63.68,21.68,33.45,6.68,,,,,,,,,,,,,,,,,,,,
AC-076,Climb,ClimbF,No,Non-elite,Cn/f,23,Female,White,,15,4,2,1.5,3.5,"Run, Yoga",63.5,178.00,93.25,176.00,40.05,46.90,26.70,45.15,36.75,30.80,22.30,14.40,6.82,7.48,17.9,7.8,22.8,9.4,84.75,69.63,24.48,37.85,7.15,,,,,,,,,,,,,,,,,,,,
AX-061,Control,ControlF,Yes,NA,X/f,26,Female,White,,,NA,NA,2,2,"Gym, Swim, Run",60.1,160.50,86.00,158.50,34.40,41.35,24.35,40.50,35.60,26.70,22.70,28.80,6.43,6.73,15.8,7.2,21.2,8.2,74.50,61.45,20.95,33.15,6.58,,,,,,,,,,,,,,,,,,,,
AC-077,Climb,ClimbF,No,Non-elite,Cn/f,23,Female,White,,17,16,9,7,16,"Ski, Cycle",58.0,163.75,89.25,173.25,35.65,43.05,24.80,43.95,39.35,29.50,24.95,13.05,7.15,7.23,18.4,7.9,23.3,8.6,74.50,66.95,23.00,31.45,7.19,,,,,,,,,,,,,,,,,,,,
AC-078,Climb,ClimbF,No,Non-elite,Cn/f,30,Female,White,,18.5,4,3,1.5,4.5,Gymnastics,53.6,159.00,85.25,161.75,35.20,41.30,25.15,41.00,36.15,28.50,23.45,12.85,6.05,6.37,15.5,7.1,21.7,7.9,73.75,62.80,21.80,32.45,6.21,,,,,,,,,,,,,,,,,,,,
AC-079,Climb,ClimbF,No,Non-elite,Cn/f,36,Female,White,,19,6,10,30,40,"Stonework, Run, Gym, Dance",63.6,175.50,92.00,175.75,40.50,47.05,28.05,46.95,37.25,29.30,25.25,11.20,7.25,7.50,18.4,7.8,23.1,8.5,83.50,69.25,22.30,36.45,7.38,,,,,,,,,,,,,,,,,,,,
AC-080,Climb,ClimbF,No,Non-elite,Cn/f,26,Female,Mixed,,18.5,1.5,6,4,10,"Yoga, Gym",49.9,160.00,83.75,162.75,35.75,42.80,24.85,42.35,34.15,27.85,22.40,12.50,6.28,6.97,17.1,7.4,22.1,7.9,76.25,64.30,21.95,33.45,6.62,,,,,,,,,,,,,,,,,,,,
AC-081,Climb,ClimbF,No,Non-elite,Cn/f,25,Female,White,,18.5,9,4,10,14,"Run, Cycle",56.4,162.00,89.25,157.50,34.35,41.70,24.00,41.00,35.25,28.15,22.35,9.75,6.15,6.65,16.2,6.9,21.7,7.9,72.75,61.13,20.13,31.05,6.40,,,,,,,,,,,,,,,,,,,,
AC-082,Climb,ClimbF,No,Non-elite,Cn/f,28,Female,Asian,,18,7,8,10,18,"Walk, Run",65.1,169.50,91.25,163.25,35.90,43.00,25.05,42.70,37.45,29.70,24.90,13.20,6.83,7.01,17.7,7.8,24.2,9.2,78.25,62.90,20.20,35.25,6.92,,,,,,,,,,,,,,,,,,,,
AC-083,Climb,ClimbF,No,Non-elite,Cn/f,37,Female,White,,13,10,2,1.5,3.5,Run,63.1,166.25,87.50,168.50,36.60,43.85,26.00,44.00,35.70,30.25,24.60,20.30,7.16,7.14,17.8,7.9,22.8,9.2,78.75,66.40,22.40,34.90,7.15,,,,,,,,,,,,,,,,,,,,
AC-084,Climb,ClimbF,No,Non-elite,Cn/f,34,Female,White,,17,15,2,8,10,"Run, Wakeboard, Ski, Skateboard",53.9,165.00,89.25,161.00,35.55,42.05,24.45,41.10,35.50,27.85,23.45,15.75,6.02,6.14,16.0,7.2,20.9,7.9,75.75,62.75,21.65,33.70,6.08,,,,,,,,,,,,,,,,,,,,
,,,Yes,,,,,,,,,,,,,,,,,,,,,,,,,,,,,,,,,,,,,,,,,,,,,,,,,,,,,,,
,,,Yes,,,,,,,,,,,,,,,,,,,,,,,,,,,,,,,,,,,,,,,,,,,,,,,,,,,,,,,
,,,Yes,,,,,,,,,,,,,,,,,,,,,,,,,,,,,,,,,,,,,,,,,,,,,,,,,,,,,,,
,,,Yes,,,,,,,,,,,,,,,,,,,,,,,,,,,,,,,,,,,,,,,,,,,,,,,,,,,,,,,
,,,Yes,,,,,,,,,,,,,,,,,,,,,,,,,,,,,,,,,,,,,,,,,,,,,,,,,,,,,,,
,,,Yes,,,,,,,,,,,,,,,,,,,,,,,,,,,,,,,,,,,,,,,,,,,,,,,,,,,,,,,
,,,Yes,,,,,,,,,,,,,,,,,,,,,,,,,,,,,,,,,,,,,,,,,,,,,,,,,,,,,,,
,,,Yes,,,,,,,,,,,,,,,,,,,,,,,,,,,,,,,,,,,,,,,,,,,,,,,,,,,,,,,
,,,Yes,,,,,,,,,,,,,,,,,,,,,,,,,,,,,,,,,,,,,,,,,,,,,,,,,,,,,,,
,,,Yes,,,,,,,,,,,,,,,,,,,,,,,,,,,,,,,,,,,,,,,,,,,,,,,,,,,,,,,
,,,Yes,,,,,,,,,,,,,,,,,,,,,,,,,,,,,,,,,,,,,,,,,,,,,,,,,,,,,,,
,,,Yes,,,,,,,,,,,,,,,,,,,,,,,,,,,,,,,,,,,,,,,,,,,,,,,,,,,,,,,
,,,Yes,,,,,,,,,,,,,,,,,,,,,,,,,,,,,,,,,,,,,,,,,,,,,,,,,,,,,,,
,,,Yes,,,,,,,,,,,,,,,,,,,,,,,,,,,,,,,,,,,,,,,,,,,,,,,,,,,,,,,
,,,Yes,,,,,,,,,,,,,,,,,,,,,,,,,,,,,,,,,,,,,,,,,,,,,,,,,,,,,,,
,,,Yes,,,,,,,,,,,,,,,,,,,,,,,,,,,,,,,,,,,,,,,,,,,,,,,,,,,,,,,
,,,Yes,,,,,,,,,,,,,,,,,,,,,,,,,,,,,,,,,,,,,,,,,,,,,,,,,,,,,,,
,,,Yes,,,,,,,,,,,,,,,,,,,,,,,,,,,,,,,,,,,,,,,,,,,,,,,,,,,,,,,
,,,Yes,,,,,,,,,,,,,,,,,,,,,,,,,,,,,,,,,,,,,,,,,,,,,,,,,,,,,,,
,,,Yes,,,,,,,,,,,,,,,,,,,,,,,,,,,,,,,,,,,,,,,,,,,,,,,,,,,,,,,
,,,Yes,,,,,,,,,,,,,,,,,,,,,,,,,,,,,,,,,,,,,,,,,,,,,,,,,,,,,,,
,,,Yes,,,,,,,,,,,,,,,,,,,,,,,,,,,,,,,,,,,,,,,,,,,,,,,,,,,,,,,
,,,Yes,,,,,,,,,,,,,,,,,,,,,,,,,,,,,,,,,,,,,,,,,,,,,,,,,,,,,,,
,,,Yes,,,,,,,,,,,,,,,,,,,,,,,,,,,,,,,,,,,,,,,,,,,,,,,,,,,,,,,
,,,Yes,,,,,,,,,,,,,,,,,,,,,,,,,,,,,,,,,,,,,,,,,,,,,,,,,,,,,,,
,,,Yes,,,,,,,,,,,,,,,,,,,,,,,,,,,,,,,,,,,,,,,,,,,,,,,,,,,,,,,
,,,Yes,,,,,,,,,,,,,,,,,,,,,,,,,,,,,,,,,,,,,,,,,,,,,,,,,,,,,,,
,,,Yes,,,,,,,,,,,,,,,,,,,,,,,,,,,,,,,,,,,,,,,,,,,,,,,,,,,,,,,
,,,Yes,,,,,,,,,,,,,,,,,,,,,,,,,,,,,,,,,,,,,,,,,,,,,,,,,,,,,,,
,,,Yes,,,,,,,,,,,,,,,,,,,,,,,,,,,,,,,,,,,,,,,,,,,,,,,,,,,,,,,
,,,Yes,,,,,,,,,,,,,,,,,,,,,,,,,,,,,,,,,,,,,,,,,,,,,,,,,,,,,,,
,,,Yes,,,,,,,,,,,,,,,,,,,,,,,,,,,,,,,,,,,,,,,,,,,,,,,,,,,,,,,
,,,Yes,,,,,,,,,,,,,,,,,,,,,,,,,,,,,,,,,,,,,,,,,,,,,,,,,,,,,,,
,,,Yes,,,,,,,,,,,,,,,,,,,,,,,,,,,,,,,,,,,,,,,,,,,,,,,,,,,,,,,
,,,Yes,,,,,,,,,,,,,,,,,,,,,,,,,,,,,,,,,,,,,,,,,,,,,,,,,,,,,,,
,,,Yes,,,,,,,,,,,,,,,,,,,,,,,,,,,,,,,,,,,,,,,,,,,,,,,,,,,,,,,
,,,Yes,,,,,,,,,,,,,,,,,,,,,,,,,,,,,,,,,,,,,,,,,,,,,,,,,,,,,,,
,,,Yes,,,,,,,,,,,,,,,,,,,,,,,,,,,,,,,,,,,,,,,,,,,,,,,,,,,,,,,
,,,Yes,,,,,,,,,,,,,,,,,,,,,,,,,,,,,,,,,,,,,,,,,,,,,,,,,,,,,,,
,,,Yes,,,,,,,,,,,,,,,,,,,,,,,,,,,,,,,,,,,,,,,,,,,,,,,,,,,,,,,
,,,Yes,,,,,,,,,,,,,,,,,,,,,,,,,,,,,,,,,,,,,,,,,,,,,,,,,,,,,,,
,,,Yes,,,,,,,,,,,,,,,,,,,,,,,,,,,,,,,,,,,,,,,,,,,,,,,,,,,,,,,
,,,Yes,,,,,,,,,,,,,,,,,,,,,,,,,,,,,,,,,,,,,,,,,,,,,,,,,,,,,,,
,,,Yes,,,,,,,,,,,,,,,,,,,,,,,,,,,,,,,,,,,,,,,,,,,,,,,,,,,,,,,
,,,Yes,,,,,,,,,,,,,,,,,,,,,,,,,,,,,,,,,,,,,,,,,,,,,,,,,,,,,,,
,,,Yes,,,,,,,,,,,,,,,,,,,,,,,,,,,,,,,,,,,,,,,,,,,,,,,,,,,,,,,
,,,Yes,,,,,,,,,,,,,,,,,,,,,,,,,,,,,,,,,,,,,,,,,,,,,,,,,,,,,,,
,,,Yes,,,,,,,,,,,,,,,,,,,,,,,,,,,,,,,,,,,,,,,,,,,,,,,,,,,,,,,
,,,Yes,,,,,,,,,,,,,,,,,,,,,,,,,,,,,,,,,,,,,,,,,,,,,,,,,,,,,,,
,,,Yes,,,,,,,,,,,,,,,,,,,,,,,,,,,,,,,,,,,,,,,,,,,,,,,,,,,,,,,
,,,Yes,,,,,,,,,,,,,,,,,,,,,,,,,,,,,,,,,,,,,,,,,,,,,,,,,,,,,,,
,,,Yes,,,,,,,,,,,,,,,,,,,,,,,,,,,,,,,,,,,,,,,,,,,,,,,,,,,,,,,
,,,Yes,,,,,,,,,,,,,,,,,,,,,,,,,,,,,,,,,,,,,,,,,,,,,,,,,,,,,,,
,,,Yes,,,,,,,,,,,,,,,,,,,,,,,,,,,,,,,,,,,,,,,,,,,,,,,,,,,,,,,
,,,Yes,,,,,,,,,,,,,,,,,,,,,,,,,,,,,,,,,,,,,,,,,,,,,,,,,,,,,,,
,,,Yes,,,,,,,,,,,,,,,,,,,,,,,,,,,,,,,,,,,,,,,,,,,,,,,,,,,,,,,
,,,Yes,,,,,,,,,,,,,,,,,,,,,,,,,,,,,,,,,,,,,,,,,,,,,,,,,,,,,,,
,,,Yes,,,,,,,,,,,,,,,,,,,,,,,,,,,,,,,,,,,,,,,,,,,,,,,,,,,,,,,
,,,Yes,,,,,,,,,,,,,,,,,,,,,,,,,,,,,,,,,,,,,,,,,,,,,,,,,,,,,,,
,,,Yes,,,,,,,,,,,,,,,,,,,,,,,,,,,,,,,,,,,,,,,,,,,,,,,,,,,,,,,
,,,Yes,,,,,,,,,,,,,,,,,,,,,,,,,,,,,,,,,,,,,,,,,,,,,,,,,,,,,,,
,,,Yes,,,,,,,,,,,,,,,,,,,,,,,,,,,,,,,,,,,,,,,,,,,,,,,,,,,,,,,
,,,Yes,,,,,,,,,,,,,,,,,,,,,,,,,,,,,,,,,,,,,,,,,,,,,,,,,,,,,,,
,,,Yes,,,,,,,,,,,,,,,,,,,,,,,,,,,,,,,,,,,,,,,,,,,,,,,,,,,,,,,
,,,Yes,,,,,,,,,,,,,,,,,,,,,,,,,,,,,,,,,,,,,,,,,,,,,,,,,,,,,,,
,,,Yes,,,,,,,,,,,,,,,,,,,,,,,,,,,,,,,,,,,,,,,,,,,,,,,,,,,,,,,
,,,Yes,,,,,,,,,,,,,,,,,,,,,,,,,,,,,,,,,,,,,,,,,,,,,,,,,,,,,,,
,,,Yes,,,,,,,,,,,,,,,,,,,,,,,,,,,,,,,,,,,,,,,,,,,,,,,,,,,,,,,
,,,Yes,,,,,,,,,,,,,,,,,,,,,,,,,,,,,,,,,,,,,,,,,,,,,,,,,,,,,,,
,,,Yes,,,,,,,,,,,,,,,,,,,,,,,,,,,,,,,,,,,,,,,,,,,,,,,,,,,,,,,
,,,Yes,,,,,,,,,,,,,,,,,,,,,,,,,,,,,,,,,,,,,,,,,,,,,,,,,,,,,,,
,,,Yes,,,,,,,,,,,,,,,,,,,,,,,,,,,,,,,,,,,,,,,,,,,,,,,,,,,,,,,
,,,Yes,,,,,,,,,,,,,,,,,,,,,,,,,,,,,,,,,,,,,,,,,,,,,,,,,,,,,,,
,,,Yes,,,,,,,,,,,,,,,,,,,,,,,,,,,,,,,,,,,,,,,,,,,,,,,,,,,,,,,
,,,Yes,,,,,,,,,,,,,,,,,,,,,,,,,,,,,,,,,,,,,,,,,,,,,,,,,,,,,,,
,,,Yes,,,,,,,,,,,,,,,,,,,,,,,,,,,,,,,,,,,,,,,,,,,,,,,,,,,,,,,
,,,Yes,,,,,,,,,,,,,,,,,,,,,,,,,,,,,,,,,,,,,,,,,,,,,,,,,,,,,,,
,,,Yes,,,,,,,,,,,,,,,,,,,,,,,,,,,,,,,,,,,,,,,,,,,,,,,,,,,,,,,
,,,Yes,,,,,,,,,,,,,,,,,,,,,,,,,,,,,,,,,,,,,,,,,,,,,,,,,,,,,,,
,,,Yes,,,,,,,,,,,,,,,,,,,,,,,,,,,,,,,,,,,,,,,,,,,,,,,,,,,,,,,
,,,Yes,,,,,,,,,,,,,,,,,,,,,,,,,,,,,,,,,,,,,,,,,,,,,,,,,,,,,,,
,,,Yes,,,,,,,,,,,,,,,,,,,,,,,,,,,,,,,,,,,,,,,,,,,,,,,,,,,,,,,
,,,Yes,,,,,,,,,,,,,,,,,,,,,,,,,,,,,,,,,,,,,,,,,,,,,,,,,,,,,,,
,,,Yes,,,,,,,,,,,,,,,,,,,,,,,,,,,,,,,,,,,,,,,,,,,,,,,,,,,,,,,
,,,Yes,,,,,,,,,,,,,,,,,,,,,,,,,,,,,,,,,,,,,,,,,,,,,,,,,,,,,,,
,,,Yes,,,,,,,,,,,,,,,,,,,,,,,,,,,,,,,,,,,,,,,,,,,,,,,,,,,,,,,
,,,Yes,,,,,,,,,,,,,,,,,,,,,,,,,,,,,,,,,,,,,,,,,,,,,,,,,,,,,,,
,,,Yes,,,,,,,,,,,,,,,,,,,,,,,,,,,,,,,,,,,,,,,,,,,,,,,,,,,,,,,
,,,Yes,,,,,,,,,,,,,,,,,,,,,,,,,,,,,,,,,,,,,,,,,,,,,,,,,,,,,,,
,,,Yes,,,,,,,,,,,,,,,,,,,,,,,,,,,,,,,,,,,,,,,,,,,,,,,,,,,,,,,
,,,Yes,,,,,,,,,,,,,,,,,,,,,,,,,,,,,,,,,,,,,,,,,,,,,,,,,,,,,,,
,,,Yes,,,,,,,,,,,,,,,,,,,,,,,,,,,,,,,,,,,,,,,,,,,,,,,,,,,,,,,
,,,Yes,,,,,,,,,,,,,,,,,,,,,,,,,,,,,,,,,,,,,,,,,,,,,,,,,,,,,,,
,,,Yes,,,,,,,,,,,,,,,,,,,,,,,,,,,,,,,,,,,,,,,,,,,,,,,,,,,,,,,
,,,Yes,,,,,,,,,,,,,,,,,,,,,,,,,,,,,,,,,,,,,,,,,,,,,,,,,,,,,,,
,,,Yes,,,,,,,,,,,,,,,,,,,,,,,,,,,,,,,,,,,,,,,,,,,,,,,,,,,,,,,
,,,Yes,,,,,,,,,,,,,,,,,,,,,,,,,,,,,,,,,,,,,,,,,,,,,,,,,,,,,,,
,,,Yes,,,,,,,,,,,,,,,,,,,,,,,,,,,,,,,,,,,,,,,,,,,,,,,,,,,,,,,
,,,Yes,,,,,,,,,,,,,,,,,,,,,,,,,,,,,,,,,,,,,,,,,,,,,,,,,,,,,,,
,,,Yes,,,,,,,,,,,,,,,,,,,,,,,,,,,,,,,,,,,,,,,,,,,,,,,,,,,,,,,
,,,Yes,,,,,,,,,,,,,,,,,,,,,,,,,,,,,,,,,,,,,,,,,,,,,,,,,,,,,,,
,,,Yes,,,,,,,,,,,,,,,,,,,,,,,,,,,,,,,,,,,,,,,,,,,,,,,,,,,,,,,
,,,Yes,,,,,,,,,,,,,,,,,,,,,,,,,,,,,,,,,,,,,,,,,,,,,,,,,,,,,,,
,,,Yes,,,,,,,,,,,,,,,,,,,,,,,,,,,,,,,,,,,,,,,,,,,,,,,,,,,,,,,
,,,Yes,,,,,,,,,,,,,,,,,,,,,,,,,,,,,,,,,,,,,,,,,,,,,,,,,,,,,,,
,,,Yes,,,,,,,,,,,,,,,,,,,,,,,,,,,,,,,,,,,,,,,,,,,,,,,,,,,,,,,
,,,Yes,,,,,,,,,,,,,,,,,,,,,,,,,,,,,,,,,,,,,,,,,,,,,,,,,,,,,,,
,,,Yes,,,,,,,,,,,,,,,,,,,,,,,,,,,,,,,,,,,,,,,,,,,,,,,,,,,,,,,
,,,Yes,,,,,,,,,,,,,,,,,,,,,,,,,,,,,,,,,,,,,,,,,,,,,,,,,,,,,,,
,,,Yes,,,,,,,,,,,,,,,,,,,,,,,,,,,,,,,,,,,,,,,,,,,,,,,,,,,,,,,
,,,Yes,,,,,,,,,,,,,,,,,,,,,,,,,,,,,,,,,,,,,,,,,,,,,,,,,,,,,,,
,,,Yes,,,,,,,,,,,,,,,,,,,,,,,,,,,,,,,,,,,,,,,,,,,,,,,,,,,,,,,
,,,Yes,,,,,,,,,,,,,,,,,,,,,,,,,,,,,,,,,,,,,,,,,,,,,,,,,,,,,,,
,,,Yes,,,,,,,,,,,,,,,,,,,,,,,,,,,,,,,,,,,,,,,,,,,,,,,,,,,,,,,
,,,Yes,,,,,,,,,,,,,,,,,,,,,,,,,,,,,,,,,,,,,,,,,,,,,,,,,,,,,,,
,,,Yes,,,,,,,,,,,,,,,,,,,,,,,,,,,,,,,,,,,,,,,,,,,,,,,,,,,,,,,
,,,Yes,,,,,,,,,,,,,,,,,,,,,,,,,,,,,,,,,,,,,,,,,,,,,,,,,,,,,,,
,,,Yes,,,,,,,,,,,,,,,,,,,,,,,,,,,,,,,,,,,,,,,,,,,,,,,,,,,,,,,
,,,Yes,,,,,,,,,,,,,,,,,,,,,,,,,,,,,,,,,,,,,,,,,,,,,,,,,,,,,,,
,,,Yes,,,,,,,,,,,,,,,,,,,,,,,,,,,,,,,,,,,,,,,,,,,,,,,,,,,,,,,
,,,Yes,,,,,,,,,,,,,,,,,,,,,,,,,,,,,,,,,,,,,,,,,,,,,,,,,,,,,,,
,,,Yes,,,,,,,,,,,,,,,,,,,,,,,,,,,,,,,,,,,,,,,,,,,,,,,,,,,,,,,
,,,Yes,,,,,,,,,,,,,,,,,,,,,,,,,,,,,,,,,,,,,,,,,,,,,,,,,,,,,,,
,,,Yes,,,,,,,,,,,,,,,,,,,,,,,,,,,,,,,,,,,,,,,,,,,,,,,,,,,,,,,
,,,Yes,,,,,,,,,,,,,,,,,,,,,,,,,,,,,,,,,,,,,,,,,,,,,,,,,,,,,,,
,,,Yes,,,,,,,,,,,,,,,,,,,,,,,,,,,,,,,,,,,,,,,,,,,,,,,,,,,,,,,
,,,Yes,,,,,,,,,,,,,,,,,,,,,,,,,,,,,,,,,,,,,,,,,,,,,,,,,,,,,,,
,,,Yes,,,,,,,,,,,,,,,,,,,,,,,,,,,,,,,,,,,,,,,,,,,,,,,,,,,,,,,
,,,Yes,,,,,,,,,,,,,,,,,,,,,,,,,,,,,,,,,,,,,,,,,,,,,,,,,,,,,,,
,,,Yes,,,,,,,,,,,,,,,,,,,,,,,,,,,,,,,,,,,,,,,,,,,,,,,,,,,,,,,
,,,Yes,,,,,,,,,,,,,,,,,,,,,,,,,,,,,,,,,,,,,,,,,,,,,,,,,,,,,,,
,,,Yes,,,,,,,,,,,,,,,,,,,,,,,,,,,,,,,,,,,,,,,,,,,,,,,,,,,,,,,
,,,Yes,,,,,,,,,,,,,,,,,,,,,,,,,,,,,,,,,,,,,,,,,,,,,,,,,,,,,,,
,,,Yes,,,,,,,,,,,,,,,,,,,,,,,,,,,,,,,,,,,,,,,,,,,,,,,,,,,,,,,
,,,Yes,,,,,,,,,,,,,,,,,,,,,,,,,,,,,,,,,,,,,,,,,,,,,,,,,,,,,,,
,,,Yes,,,,,,,,,,,,,,,,,,,,,,,,,,,,,,,,,,,,,,,,,,,,,,,,,,,,,,,
,,,Yes,,,,,,,,,,,,,,,,,,,,,,,,,,,,,,,,,,,,,,,,,,,,,,,,,,,,,,,
,,,Yes,,,,,,,,,,,,,,,,,,,,,,,,,,,,,,,,,,,,,,,,,,,,,,,,,,,,,,,
,,,Yes,,,,,,,,,,,,,,,,,,,,,,,,,,,,,,,,,,,,,,,,,,,,,,,,,,,,,,,
,,,Yes,,,,,,,,,,,,,,,,,,,,,,,,,,,,,,,,,,,,,,,,,,,,,,,,,,,,,,,
,,,Yes,,,,,,,,,,,,,,,,,,,,,,,,,,,,,,,,,,,,,,,,,,,,,,,,,,,,,,,
,,,Yes,,,,,,,,,,,,,,,,,,,,,,,,,,,,,,,,,,,,,,,,,,,,,,,,,,,,,,,
,,,Yes,,,,,,,,,,,,,,,,,,,,,,,,,,,,,,,,,,,,,,,,,,,,,,,,,,,,,,,
,,,Yes,,,,,,,,,,,,,,,,,,,,,,,,,,,,,,,,,,,,,,,,,,,,,,,,,,,,,,,
,,,Yes,,,,,,,,,,,,,,,,,,,,,,,,,,,,,,,,,,,,,,,,,,,,,,,,,,,,,,,
,,,Yes,,,,,,,,,,,,,,,,,,,,,,,,,,,,,,,,,,,,,,,,,,,,,,,,,,,,,,,
,,,Yes,,,,,,,,,,,,,,,,,,,,,,,,,,,,,,,,,,,,,,,,,,,,,,,,,,,,,,,
,,,Yes,,,,,,,,,,,,,,,,,,,,,,,,,,,,,,,,,,,,,,,,,,,,,,,,,,,,,,,
,,,Yes,,,,,,,,,,,,,,,,,,,,,,,,,,,,,,,,,,,,,,,,,,,,,,,,,,,,,,,
,,,Yes,,,,,,,,,,,,,,,,,,,,,,,,,,,,,,,,,,,,,,,,,,,,,,,,,,,,,,,
,,,Yes,,,,,,,,,,,,,,,,,,,,,,,,,,,,,,,,,,,,,,,,,,,,,,,,,,,,,,,
,,,Yes,,,,,,,,,,,,,,,,,,,,,,,,,,,,,,,,,,,,,,,,,,,,,,,,,,,,,,,
,,,Yes,,,,,,,,,,,,,,,,,,,,,,,,,,,,,,,,,,,,,,,,,,,,,,,,,,,,,,,
,,,Yes,,,,,,,,,,,,,,,,,,,,,,,,,,,,,,,,,,,,,,,,,,,,,,,,,,,,,,,
,,,Yes,,,,,,,,,,,,,,,,,,,,,,,,,,,,,,,,,,,,,,,,,,,,,,,,,,,,,,,
,,,Yes,,,,,,,,,,,,,,,,,,,,,,,,,,,,,,,,,,,,,,,,,,,,,,,,,,,,,,,
,,,Yes,,,,,,,,,,,,,,,,,,,,,,,,,,,,,,,,,,,,,,,,,,,,,,,,,,,,,,,
,,,Yes,,,,,,,,,,,,,,,,,,,,,,,,,,,,,,,,,,,,,,,,,,,,,,,,,,,,,,,
,,,Yes,,,,,,,,,,,,,,,,,,,,,,,,,,,,,,,,,,,,,,,,,,,,,,,,,,,,,,,
,,,Yes,,,,,,,,,,,,,,,,,,,,,,,,,,,,,,,,,,,,,,,,,,,,,,,,,,,,,,,
,,,Yes,,,,,,,,,,,,,,,,,,,,,,,,,,,,,,,,,,,,,,,,,,,,,,,,,,,,,,,
,,,Yes,,,,,,,,,,,,,,,,,,,,,,,,,,,,,,,,,,,,,,,,,,,,,,,,,,,,,,,
,,,Yes,,,,,,,,,,,,,,,,,,,,,,,,,,,,,,,,,,,,,,,,,,,,,,,,,,,,,,,
,,,Yes,,,,,,,,,,,,,,,,,,,,,,,,,,,,,,,,,,,,,,,,,,,,,,,,,,,,,,,
,,,Yes,,,,,,,,,,,,,,,,,,,,,,,,,,,,,,,,,,,,,,,,,,,,,,,,,,,,,,,
,,,Yes,,,,,,,,,,,,,,,,,,,,,,,,,,,,,,,,,,,,,,,,,,,,,,,,,,,,,,,
,,,Yes,,,,,,,,,,,,,,,,,,,,,,,,,,,,,,,,,,,,,,,,,,,,,,,,,,,,,,,
,,,Yes,,,,,,,,,,,,,,,,,,,,,,,,,,,,,,,,,,,,,,,,,,,,,,,,,,,,,,,
,,,Yes,,,,,,,,,,,,,,,,,,,,,,,,,,,,,,,,,,,,,,,,,,,,,,,,,,,,,,,
,,,Yes,,,,,,,,,,,,,,,,,,,,,,,,,,,,,,,,,,,,,,,,,,,,,,,,,,,,,,,
,,,Yes,,,,,,,,,,,,,,,,,,,,,,,,,,,,,,,,,,,,,,,,,,,,,,,,,,,,,,,
,,,Yes,,,,,,,,,,,,,,,,,,,,,,,,,,,,,,,,,,,,,,,,,,,,,,,,,,,,,,,
,,,Yes,,,,,,,,,,,,,,,,,,,,,,,,,,,,,,,,,,,,,,,,,,,,,,,,,,,,,,,
,,,Yes,,,,,,,,,,,,,,,,,,,,,,,,,,,,,,,,,,,,,,,,,,,,,,,,,,,,,,,
,,,Yes,,,,,,,,,,,,,,,,,,,,,,,,,,,,,,,,,,,,,,,,,,,,,,,,,,,,,,,
,,,Yes,,,,,,,,,,,,,,,,,,,,,,,,,,,,,,,,,,,,,,,,,,,,,,,,,,,,,,,
,,,Yes,,,,,,,,,,,,,,,,,,,,,,,,,,,,,,,,,,,,,,,,,,,,,,,,,,,,,,,
,,,Yes,,,,,,,,,,,,,,,,,,,,,,,,,,,,,,,,,,,,,,,,,,,,,,,,,,,,,,,
,,,Yes,,,,,,,,,,,,,,,,,,,,,,,,,,,,,,,,,,,,,,,,,,,,,,,,,,,,,,,
,,,Yes,,,,,,,,,,,,,,,,,,,,,,,,,,,,,,,,,,,,,,,,,,,,,,,,,,,,,,,
,,,Yes,,,,,,,,,,,,,,,,,,,,,,,,,,,,,,,,,,,,,,,,,,,,,,,,,,,,,,,
,,,Yes,,,,,,,,,,,,,,,,,,,,,,,,,,,,,,,,,,,,,,,,,,,,,,,,,,,,,,,
,,,Yes,,,,,,,,,,,,,,,,,,,,,,,,,,,,,,,,,,,,,,,,,,,,,,,,,,,,,,,
,,,Yes,,,,,,,,,,,,,,,,,,,,,,,,,,,,,,,,,,,,,,,,,,,,,,,,,,,,,,,
,,,Yes,,,,,,,,,,,,,,,,,,,,,,,,,,,,,,,,,,,,,,,,,,,,,,,,,,,,,,,
,,,Yes,,,,,,,,,,,,,,,,,,,,,,,,,,,,,,,,,,,,,,,,,,,,,,,,,,,,,,,
,,,Yes,,,,,,,,,,,,,,,,,,,,,,,,,,,,,,,,,,,,,,,,,,,,,,,,,,,,,,,
,,,Yes,,,,,,,,,,,,,,,,,,,,,,,,,,,,,,,,,,,,,,,,,,,,,,,,,,,,,,,
,,,Yes,,,,,,,,,,,,,,,,,,,,,,,,,,,,,,,,,,,,,,,,,,,,,,,,,,,,,,,
,,,Yes,,,,,,,,,,,,,,,,,,,,,,,,,,,,,,,,,,,,,,,,,,,,,,,,,,,,,,,
,,,Yes,,,,,,,,,,,,,,,,,,,,,,,,,,,,,,,,,,,,,,,,,,,,,,,,,,,,,,,
,,,Yes,,,,,,,,,,,,,,,,,,,,,,,,,,,,,,,,,,,,,,,,,,,,,,,,,,,,,,,
,,,Yes,,,,,,,,,,,,,,,,,,,,,,,,,,,,,,,,,,,,,,,,,,,,,,,,,,,,,,,
,,,Yes,,,,,,,,,,,,,,,,,,,,,,,,,,,,,,,,,,,,,,,,,,,,,,,,,,,,,,,
,,,Yes,,,,,,,,,,,,,,,,,,,,,,,,,,,,,,,,,,,,,,,,,,,,,,,,,,,,,,,
,,,Yes,,,,,,,,,,,,,,,,,,,,,,,,,,,,,,,,,,,,,,,,,,,,,,,,,,,,,,,
,,,Yes,,,,,,,,,,,,,,,,,,,,,,,,,,,,,,,,,,,,,,,,,,,,,,,,,,,,,,,
,,,Yes,,,,,,,,,,,,,,,,,,,,,,,,,,,,,,,,,,,,,,,,,,,,,,,,,,,,,,,
,,,Yes,,,,,,,,,,,,,,,,,,,,,,,,,,,,,,,,,,,,,,,,,,,,,,,,,,,,,,,
,,,Yes,,,,,,,,,,,,,,,,,,,,,,,,,,,,,,,,,,,,,,,,,,,,,,,,,,,,,,,
,,,Yes,,,,,,,,,,,,,,,,,,,,,,,,,,,,,,,,,,,,,,,,,,,,,,,,,,,,,,,
,,,Yes,,,,,,,,,,,,,,,,,,,,,,,,,,,,,,,,,,,,,,,,,,,,,,,,,,,,,,,
,,,Yes,,,,,,,,,,,,,,,,,,,,,,,,,,,,,,,,,,,,,,,,,,,,,,,,,,,,,,,
,,,Yes,,,,,,,,,,,,,,,,,,,,,,,,,,,,,,,,,,,,,,,,,,,,,,,,,,,,,,,
,,,Yes,,,,,,,,,,,,,,,,,,,,,,,,,,,,,,,,,,,,,,,,,,,,,,,,,,,,,,,
,,,Yes,,,,,,,,,,,,,,,,,,,,,,,,,,,,,,,,,,,,,,,,,,,,,,,,,,,,,,,
,,,Yes,,,,,,,,,,,,,,,,,,,,,,,,,,,,,,,,,,,,,,,,,,,,,,,,,,,,,,,
,,,Yes,,,,,,,,,,,,,,,,,,,,,,,,,,,,,,,,,,,,,,,,,,,,,,,,,,,,,,,
,,,Yes,,,,,,,,,,,,,,,,,,,,,,,,,,,,,,,,,,,,,,,,,,,,,,,,,,,,,,,
,,,Yes,,,,,,,,,,,,,,,,,,,,,,,,,,,,,,,,,,,,,,,,,,,,,,,,,,,,,,,
,,,Yes,,,,,,,,,,,,,,,,,,,,,,,,,,,,,,,,,,,,,,,,,,,,,,,,,,,,,,,
,,,Yes,,,,,,,,,,,,,,,,,,,,,,,,,,,,,,,,,,,,,,,,,,,,,,,,,,,,,,,
,,,Yes,,,,,,,,,,,,,,,,,,,,,,,,,,,,,,,,,,,,,,,,,,,,,,,,,,,,,,,
,,,Yes,,,,,,,,,,,,,,,,,,,,,,,,,,,,,,,,,,,,,,,,,,,,,,,,,,,,,,,
,,,Yes,,,,,,,,,,,,,,,,,,,,,,,,,,,,,,,,,,,,,,,,,,,,,,,,,,,,,,,
,,,Yes,,,,,,,,,,,,,,,,,,,,,,,,,,,,,,,,,,,,,,,,,,,,,,,,,,,,,,,
,,,Yes,,,,,,,,,,,,,,,,,,,,,,,,,,,,,,,,,,,,,,,,,,,,,,,,,,,,,,,
,,,Yes,,,,,,,,,,,,,,,,,,,,,,,,,,,,,,,,,,,,,,,,,,,,,,,,,,,,,,,
,,,Yes,,,,,,,,,,,,,,,,,,,,,,,,,,,,,,,,,,,,,,,,,,,,,,,,,,,,,,,
,,,Yes,,,,,,,,,,,,,,,,,,,,,,,,,,,,,,,,,,,,,,,,,,,,,,,,,,,,,,,
,,,Yes,,,,,,,,,,,,,,,,,,,,,,,,,,,,,,,,,,,,,,,,,,,,,,,,,,,,,,,
,,,Yes,,,,,,,,,,,,,,,,,,,,,,,,,,,,,,,,,,,,,,,,,,,,,,,,,,,,,,,
,,,Yes,,,,,,,,,,,,,,,,,,,,,,,,,,,,,,,,,,,,,,,,,,,,,,,,,,,,,,,
,,,Yes,,,,,,,,,,,,,,,,,,,,,,,,,,,,,,,,,,,,,,,,,,,,,,,,,,,,,,,
,,,Yes,,,,,,,,,,,,,,,,,,,,,,,,,,,,,,,,,,,,,,,,,,,,,,,,,,,,,,,
,,,Yes,,,,,,,,,,,,,,,,,,,,,,,,,,,,,,,,,,,,,,,,,,,,,,,,,,,,,,,
,,,Yes,,,,,,,,,,,,,,,,,,,,,,,,,,,,,,,,,,,,,,,,,,,,,,,,,,,,,,,
,,,Yes,,,,,,,,,,,,,,,,,,,,,,,,,,,,,,,,,,,,,,,,,,,,,,,,,,,,,,,
,,,Yes,,,,,,,,,,,,,,,,,,,,,,,,,,,,,,,,,,,,,,,,,,,,,,,,,,,,,,,
,,,Yes,,,,,,,,,,,,,,,,,,,,,,,,,,,,,,,,,,,,,,,,,,,,,,,,,,,,,,,
,,,Yes,,,,,,,,,,,,,,,,,,,,,,,,,,,,,,,,,,,,,,,,,,,,,,,,,,,,,,,
,,,Yes,,,,,,,,,,,,,,,,,,,,,,,,,,,,,,,,,,,,,,,,,,,,,,,,,,,,,,,
,,,Yes,,,,,,,,,,,,,,,,,,,,,,,,,,,,,,,,,,,,,,,,,,,,,,,,,,,,,,,
,,,Yes,,,,,,,,,,,,,,,,,,,,,,,,,,,,,,,,,,,,,,,,,,,,,,,,,,,,,,,
,,,Yes,,,,,,,,,,,,,,,,,,,,,,,,,,,,,,,,,,,,,,,,,,,,,,,,,,,,,,,
,,,Yes,,,,,,,,,,,,,,,,,,,,,,,,,,,,,,,,,,,,,,,,,,,,,,,,,,,,,,,
,,,Yes,,,,,,,,,,,,,,,,,,,,,,,,,,,,,,,,,,,,,,,,,,,,,,,,,,,,,,,
,,,Yes,,,,,,,,,,,,,,,,,,,,,,,,,,,,,,,,,,,,,,,,,,,,,,,,,,,,,,,
,,,Yes,,,,,,,,,,,,,,,,,,,,,,,,,,,,,,,,,,,,,,,,,,,,,,,,,,,,,,,
,,,Yes,,,,,,,,,,,,,,,,,,,,,,,,,,,,,,,,,,,,,,,,,,,,,,,,,,,,,,,
,,,Yes,,,,,,,,,,,,,,,,,,,,,,,,,,,,,,,,,,,,,,,,,,,,,,,,,,,,,,,
,,,Yes,,,,,,,,,,,,,,,,,,,,,,,,,,,,,,,,,,,,,,,,,,,,,,,,,,,,,,,
,,,Yes,,,,,,,,,,,,,,,,,,,,,,,,,,,,,,,,,,,,,,,,,,,,,,,,,,,,,,,
,,,Yes,,,,,,,,,,,,,,,,,,,,,,,,,,,,,,,,,,,,,,,,,,,,,,,,,,,,,,,
,,,Yes,,,,,,,,,,,,,,,,,,,,,,,,,,,,,,,,,,,,,,,,,,,,,,,,,,,,,,,
,,,Yes,,,,,,,,,,,,,,,,,,,,,,,,,,,,,,,,,,,,,,,,,,,,,,,,,,,,,,,
,,,Yes,,,,,,,,,,,,,,,,,,,,,,,,,,,,,,,,,,,,,,,,,,,,,,,,,,,,,,,
,,,Yes,,,,,,,,,,,,,,,,,,,,,,,,,,,,,,,,,,,,,,,,,,,,,,,,,,,,,,,
,,,Yes,,,,,,,,,,,,,,,,,,,,,,,,,,,,,,,,,,,,,,,,,,,,,,,,,,,,,,,
,,,Yes,,,,,,,,,,,,,,,,,,,,,,,,,,,,,,,,,,,,,,,,,,,,,,,,,,,,,,,
,,,Yes,,,,,,,,,,,,,,,,,,,,,,,,,,,,,,,,,,,,,,,,,,,,,,,,,,,,,,,
,,,Yes,,,,,,,,,,,,,,,,,,,,,,,,,,,,,,,,,,,,,,,,,,,,,,,,,,,,,,,
,,,Yes,,,,,,,,,,,,,,,,,,,,,,,,,,,,,,,,,,,,,,,,,,,,,,,,,,,,,,,
,,,Yes,,,,,,,,,,,,,,,,,,,,,,,,,,,,,,,,,,,,,,,,,,,,,,,,,,,,,,,
,,,Yes,,,,,,,,,,,,,,,,,,,,,,,,,,,,,,,,,,,,,,,,,,,,,,,,,,,,,,,
,,,Yes,,,,,,,,,,,,,,,,,,,,,,,,,,,,,,,,,,,,,,,,,,,,,,,,,,,,,,,
,,,Yes,,,,,,,,,,,,,,,,,,,,,,,,,,,,,,,,,,,,,,,,,,,,,,,,,,,,,,,
,,,Yes,,,,,,,,,,,,,,,,,,,,,,,,,,,,,,,,,,,,,,,,,,,,,,,,,,,,,,,
,,,Yes,,,,,,,,,,,,,,,,,,,,,,,,,,,,,,,,,,,,,,,,,,,,,,,,,,,,,,,
,,,Yes,,,,,,,,,,,,,,,,,,,,,,,,,,,,,,,,,,,,,,,,,,,,,,,,,,,,,,,
,,,Yes,,,,,,,,,,,,,,,,,,,,,,,,,,,,,,,,,,,,,,,,,,,,,,,,,,,,,,,
,,,Yes,,,,,,,,,,,,,,,,,,,,,,,,,,,,,,,,,,,,,,,,,,,,,,,,,,,,,,,
,,,Yes,,,,,,,,,,,,,,,,,,,,,,,,,,,,,,,,,,,,,,,,,,,,,,,,,,,,,,,
,,,Yes,,,,,,,,,,,,,,,,,,,,,,,,,,,,,,,,,,,,,,,,,,,,,,,,,,,,,,,
,,,Yes,,,,,,,,,,,,,,,,,,,,,,,,,,,,,,,,,,,,,,,,,,,,,,,,,,,,,,,
,,,Yes,,,,,,,,,,,,,,,,,,,,,,,,,,,,,,,,,,,,,,,,,,,,,,,,,,,,,,,
,,,Yes,,,,,,,,,,,,,,,,,,,,,,,,,,,,,,,,,,,,,,,,,,,,,,,,,,,,,,,
,,,Yes,,,,,,,,,,,,,,,,,,,,,,,,,,,,,,,,,,,,,,,,,,,,,,,,,,,,,,,
,,,Yes,,,,,,,,,,,,,,,,,,,,,,,,,,,,,,,,,,,,,,,,,,,,,,,,,,,,,,,
,,,Yes,,,,,,,,,,,,,,,,,,,,,,,,,,,,,,,,,,,,,,,,,,,,,,,,,,,,,,,
,,,Yes,,,,,,,,,,,,,,,,,,,,,,,,,,,,,,,,,,,,,,,,,,,,,,,,,,,,,,,
,,,Yes,,,,,,,,,,,,,,,,,,,,,,,,,,,,,,,,,,,,,,,,,,,,,,,,,,,,,,,
,,,Yes,,,,,,,,,,,,,,,,,,,,,,,,,,,,,,,,,,,,,,,,,,,,,,,,,,,,,,,
,,,Yes,,,,,,,,,,,,,,,,,,,,,,,,,,,,,,,,,,,,,,,,,,,,,,,,,,,,,,,
,,,Yes,,,,,,,,,,,,,,,,,,,,,,,,,,,,,,,,,,,,,,,,,,,,,,,,,,,,,,,
,,,Yes,,,,,,,,,,,,,,,,,,,,,,,,,,,,,,,,,,,,,,,,,,,,,,,,,,,,,,,
,,,Yes,,,,,,,,,,,,,,,,,,,,,,,,,,,,,,,,,,,,,,,,,,,,,,,,,,,,,,,
,,,Yes,,,,,,,,,,,,,,,,,,,,,,,,,,,,,,,,,,,,,,,,,,,,,,,,,,,,,,,
,,,Yes,,,,,,,,,,,,,,,,,,,,,,,,,,,,,,,,,,,,,,,,,,,,,,,,,,,,,,,
,,,Yes,,,,,,,,,,,,,,,,,,,,,,,,,,,,,,,,,,,,,,,,,,,,,,,,,,,,,,,
,,,Yes,,,,,,,,,,,,,,,,,,,,,,,,,,,,,,,,,,,,,,,,,,,,,,,,,,,,,,,
,,,Yes,,,,,,,,,,,,,,,,,,,,,,,,,,,,,,,,,,,,,,,,,,,,,,,,,,,,,,,
,,,Yes,,,,,,,,,,,,,,,,,,,,,,,,,,,,,,,,,,,,,,,,,,,,,,,,,,,,,,,
,,,Yes,,,,,,,,,,,,,,,,,,,,,,,,,,,,,,,,,,,,,,,,,,,,,,,,,,,,,,,
,,,Yes,,,,,,,,,,,,,,,,,,,,,,,,,,,,,,,,,,,,,,,,,,,,,,,,,,,,,,,
,,,Yes,,,,,,,,,,,,,,,,,,,,,,,,,,,,,,,,,,,,,,,,,,,,,,,,,,,,,,,
,,,Yes,,,,,,,,,,,,,,,,,,,,,,,,,,,,,,,,,,,,,,,,,,,,,,,,,,,,,,,
,,,Yes,,,,,,,,,,,,,,,,,,,,,,,,,,,,,,,,,,,,,,,,,,,,,,,,,,,,,,,
,,,Yes,,,,,,,,,,,,,,,,,,,,,,,,,,,,,,,,,,,,,,,,,,,,,,,,,,,,,,,
,,,Yes,,,,,,,,,,,,,,,,,,,,,,,,,,,,,,,,,,,,,,,,,,,,,,,,,,,,,,,
,,,Yes,,,,,,,,,,,,,,,,,,,,,,,,,,,,,,,,,,,,,,,,,,,,,,,,,,,,,,,
,,,Yes,,,,,,,,,,,,,,,,,,,,,,,,,,,,,,,,,,,,,,,,,,,,,,,,,,,,,,,
,,,Yes,,,,,,,,,,,,,,,,,,,,,,,,,,,,,,,,,,,,,,,,,,,,,,,,,,,,,,,
,,,Yes,,,,,,,,,,,,,,,,,,,,,,,,,,,,,,,,,,,,,,,,,,,,,,,,,,,,,,,
,,,Yes,,,,,,,,,,,,,,,,,,,,,,,,,,,,,,,,,,,,,,,,,,,,,,,,,,,,,,,
,,,Yes,,,,,,,,,,,,,,,,,,,,,,,,,,,,,,,,,,,,,,,,,,,,,,,,,,,,,,,
,,,Yes,,,,,,,,,,,,,,,,,,,,,,,,,,,,,,,,,,,,,,,,,,,,,,,,,,,,,,,
,,,Yes,,,,,,,,,,,,,,,,,,,,,,,,,,,,,,,,,,,,,,,,,,,,,,,,,,,,,,,
,,,Yes,,,,,,,,,,,,,,,,,,,,,,,,,,,,,,,,,,,,,,,,,,,,,,,,,,,,,,,
,,,Yes,,,,,,,,,,,,,,,,,,,,,,,,,,,,,,,,,,,,,,,,,,,,,,,,,,,,,,,
,,,Yes,,,,,,,,,,,,,,,,,,,,,,,,,,,,,,,,,,,,,,,,,,,,,,,,,,,,,,,
,,,Yes,,,,,,,,,,,,,,,,,,,,,,,,,,,,,,,,,,,,,,,,,,,,,,,,,,,,,,,
,,,Yes,,,,,,,,,,,,,,,,,,,,,,,,,,,,,,,,,,,,,,,,,,,,,,,,,,,,,,,
,,,Yes,,,,,,,,,,,,,,,,,,,,,,,,,,,,,,,,,,,,,,,,,,,,,,,,,,,,,,,
,,,Yes,,,,,,,,,,,,,,,,,,,,,,,,,,,,,,,,,,,,,,,,,,,,,,,,,,,,,,,
,,,Yes,,,,,,,,,,,,,,,,,,,,,,,,,,,,,,,,,,,,,,,,,,,,,,,,,,,,,,,
,,,Yes,,,,,,,,,,,,,,,,,,,,,,,,,,,,,,,,,,,,,,,,,,,,,,,,,,,,,,,
,,,Yes,,,,,,,,,,,,,,,,,,,,,,,,,,,,,,,,,,,,,,,,,,,,,,,,,,,,,,,
,,,Yes,,,,,,,,,,,,,,,,,,,,,,,,,,,,,,,,,,,,,,,,,,,,,,,,,,,,,,,
,,,Yes,,,,,,,,,,,,,,,,,,,,,,,,,,,,,,,,,,,,,,,,,,,,,,,,,,,,,,,
,,,Yes,,,,,,,,,,,,,,,,,,,,,,,,,,,,,,,,,,,,,,,,,,,,,,,,,,,,,,,
,,,Yes,,,,,,,,,,,,,,,,,,,,,,,,,,,,,,,,,,,,,,,,,,,,,,,,,,,,,,,
,,,Yes,,,,,,,,,,,,,,,,,,,,,,,,,,,,,,,,,,,,,,,,,,,,,,,,,,,,,,,
,,,Yes,,,,,,,,,,,,,,,,,,,,,,,,,,,,,,,,,,,,,,,,,,,,,,,,,,,,,,,
,,,Yes,,,,,,,,,,,,,,,,,,,,,,,,,,,,,,,,,,,,,,,,,,,,,,,,,,,,,,,
,,,Yes,,,,,,,,,,,,,,,,,,,,,,,,,,,,,,,,,,,,,,,,,,,,,,,,,,,,,,,
,,,Yes,,,,,,,,,,,,,,,,,,,,,,,,,,,,,,,,,,,,,,,,,,,,,,,,,,,,,,,
,,,Yes,,,,,,,,,,,,,,,,,,,,,,,,,,,,,,,,,,,,,,,,,,,,,,,,,,,,,,,
,,,Yes,,,,,,,,,,,,,,,,,,,,,,,,,,,,,,,,,,,,,,,,,,,,,,,,,,,,,,,
,,,Yes,,,,,,,,,,,,,,,,,,,,,,,,,,,,,,,,,,,,,,,,,,,,,,,,,,,,,,,
,,,Yes,,,,,,,,,,,,,,,,,,,,,,,,,,,,,,,,,,,,,,,,,,,,,,,,,,,,,,,
,,,Yes,,,,,,,,,,,,,,,,,,,,,,,,,,,,,,,,,,,,,,,,,,,,,,,,,,,,,,,
,,,Yes,,,,,,,,,,,,,,,,,,,,,,,,,,,,,,,,,,,,,,,,,,,,,,,,,,,,,,,
,,,Yes,,,,,,,,,,,,,,,,,,,,,,,,,,,,,,,,,,,,,,,,,,,,,,,,,,,,,,,
,,,Yes,,,,,,,,,,,,,,,,,,,,,,,,,,,,,,,,,,,,,,,,,,,,,,,,,,,,,,,
,,,Yes,,,,,,,,,,,,,,,,,,,,,,,,,,,,,,,,,,,,,,,,,,,,,,,,,,,,,,,
,,,Yes,,,,,,,,,,,,,,,,,,,,,,,,,,,,,,,,,,,,,,,,,,,,,,,,,,,,,,,
,,,Yes,,,,,,,,,,,,,,,,,,,,,,,,,,,,,,,,,,,,,,,,,,,,,,,,,,,,,,,
,,,Yes,,,,,,,,,,,,,,,,,,,,,,,,,,,,,,,,,,,,,,,,,,,,,,,,,,,,,,,
,,,Yes,,,,,,,,,,,,,,,,,,,,,,,,,,,,,,,,,,,,,,,,,,,,,,,,,,,,,,,
,,,Yes,,,,,,,,,,,,,,,,,,,,,,,,,,,,,,,,,,,,,,,,,,,,,,,,,,,,,,,
,,,Yes,,,,,,,,,,,,,,,,,,,,,,,,,,,,,,,,,,,,,,,,,,,,,,,,,,,,,,,
,,,Yes,,,,,,,,,,,,,,,,,,,,,,,,,,,,,,,,,,,,,,,,,,,,,,,,,,,,,,,
,,,Yes,,,,,,,,,,,,,,,,,,,,,,,,,,,,,,,,,,,,,,,,,,,,,,,,,,,,,,,
,,,Yes,,,,,,,,,,,,,,,,,,,,,,,,,,,,,,,,,,,,,,,,,,,,,,,,,,,,,,,
,,,Yes,,,,,,,,,,,,,,,,,,,,,,,,,,,,,,,,,,,,,,,,,,,,,,,,,,,,,,,
,,,Yes,,,,,,,,,,,,,,,,,,,,,,,,,,,,,,,,,,,,,,,,,,,,,,,,,,,,,,,
,,,Yes,,,,,,,,,,,,,,,,,,,,,,,,,,,,,,,,,,,,,,,,,,,,,,,,,,,,,,,
,,,Yes,,,,,,,,,,,,,,,,,,,,,,,,,,,,,,,,,,,,,,,,,,,,,,,,,,,,,,,
,,,Yes,,,,,,,,,,,,,,,,,,,,,,,,,,,,,,,,,,,,,,,,,,,,,,,,,,,,,,,
,,,Yes,,,,,,,,,,,,,,,,,,,,,,,,,,,,,,,,,,,,,,,,,,,,,,,,,,,,,,,
,,,Yes,,,,,,,,,,,,,,,,,,,,,,,,,,,,,,,,,,,,,,,,,,,,,,,,,,,,,,,
,,,Yes,,,,,,,,,,,,,,,,,,,,,,,,,,,,,,,,,,,,,,,,,,,,,,,,,,,,,,,
,,,Yes,,,,,,,,,,,,,,,,,,,,,,,,,,,,,,,,,,,,,,,,,,,,,,,,,,,,,,,
,,,Yes,,,,,,,,,,,,,,,,,,,,,,,,,,,,,,,,,,,,,,,,,,,,,,,,,,,,,,,
,,,Yes,,,,,,,,,,,,,,,,,,,,,,,,,,,,,,,,,,,,,,,,,,,,,,,,,,,,,,,
,,,Yes,,,,,,,,,,,,,,,,,,,,,,,,,,,,,,,,,,,,,,,,,,,,,,,,,,,,,,,
,,,Yes,,,,,,,,,,,,,,,,,,,,,,,,,,,,,,,,,,,,,,,,,,,,,,,,,,,,,,,
,,,Yes,,,,,,,,,,,,,,,,,,,,,,,,,,,,,,,,,,,,,,,,,,,,,,,,,,,,,,,
,,,Yes,,,,,,,,,,,,,,,,,,,,,,,,,,,,,,,,,,,,,,,,,,,,,,,,,,,,,,,
,,,Yes,,,,,,,,,,,,,,,,,,,,,,,,,,,,,,,,,,,,,,,,,,,,,,,,,,,,,,,