"ID","Sport","Group","Model2_data","Cohort","Code","Age","Sex","Ethnicity","IAAF","Grade_IRCRA","Exp_yrs","Hrs_Sport","Hrs_Other","Hrs_Total","Other_List","Mass","Stature","SitHeight","ArmSpan","Tibia","TibiaHeight","ForearmL","ForeHand","Biacrom","Biiliac","ForearmC","Triceps","X2D","X4D","HandLength","HandBreadth","FootLength","FootBreadth","Leg","Arm","Humerus","Femur","Finger","PC1"
"AC-001","Climb","ClimbM","No","Non-elite","Cn/m",33,"Male","White",NA,13,9,7,2,9,"Run",64.5,164.5,84,175.5,38.45,46.3,27.2,45.5,46.87,31.1,26.45,7.3,6.73,7.12,17.7,7.9,23.6,8.1,80.5,64.31,18.81,34.2,6.93,0.341245249187483
"AC-002","Climb","ClimbM","No","Non-elite","Cn/m",27,"Male","White",NA,11,20,4,0,4,"NONE",67.1,183.25,94.5,187.5,41.65,49.85,29.85,49.3,47.41,27.25,25.55,7.9,7.12,7.54,18.4,8.2,24.9,8.5,88.75,70.05,20.75,38.9,7.33,3.56198322270512
"AC-003","Climb","ClimbF","No","Non-elite","Cn/f",25,"Female","White",NA,17,5.5,5,10.5,15.5,"Skating, Ice-hockey, Run, Swim, Cycle",66.8,172.5,92.75,165.25,37.55,44.75,24.75,42.2,42.04,27.3,25.1,14,6.58,6.79,17.4,8,21.1,8.4,79.75,61.6,19.4,35,6.69,-1.31417377226985
"AC-004","Climb","ClimbM","No","Non-elite","Cn/m",22,"Male","White",NA,17,4,10,3,13,"Gym, Walk, Cycle, Stretch",89.6,187.5,96.5,192,43,51.25,30.15,49.75,39.1,30.7,31.1,6.9,7.35,7.95,18.8,9.1,25.8,9.7,91,76.45,26.7,39.75,7.65,4.22830586455472
"AX-001","Control","ControlF","Yes",NA,"X/f",26,"Female","Mixed",NA,NA,NA,NA,10,10,"Run, Cycle, Yoga",61.9,165.5,87.25,167.5,38.75,44.7,27.2,44.6,36.1,27.25,23.6,14.9,6.6,6.82,17,7.7,22.4,8.6,78.25,65.7,21.1,33.55,6.71,-1.79565628544826
"AX-002","Control","ControlM","Yes",NA,"X/m",21,"Male","White",NA,NA,NA,NA,13,13,"Row, Run, Gym, Swim",97.5,187.5,95.5,189.25,42.55,50.9,29.4,48.4,39.5,30.5,29.75,17.2,7.72,7.77,19,9.1,23.7,9,92,74.88,26.48,41.1,7.75,3.58930325273447
"AX-003","Control","ControlM","Yes",NA,"X/m",22,"Male","White",NA,NA,NA,NA,11,11,"Row, Gym, Cycle",74.6,178.5,96,176,38.3,46.2,27.15,45.8,41.5,25.75,28.1,8.6,6.71,7.2,18,8.3,24.7,9,82.5,67.25,21.45,36.3,6.96,0.918184180991417
"AR-001","Run","RunF","No","Non-elite","Rn/f",22,"Female","White",419,NA,6,5,5,10,"Swim, Walk",61.9,172.5,93.75,176.75,37.8,45.9,26.95,45.3,37.35,28,21.3,17.4,7.16,7.46,17.4,7.6,23,8.1,78.75,69.7,24.4,32.85,7.31,-0.0710988845040875
"AR-002","Run","RunM","No","Non-elite","Rn/m",20,"Male","White",661,NA,0.5,4,0,4,"Cycle",66.5,177.25,89,182.5,39.2,48.9,27.9,47.25,42.6,27.5,25.45,6.4,7.71,7.99,19,8.4,25.9,9.1,88.25,69.95,22.7,39.35,7.85,2.25719417472542
"AX-040","Control","ControlM","Yes",NA,"X/m",32,"Male","White",NA,NA,NA,NA,9.5,9.5,"Football, Gym, Lacrosse, Raquet sports",78.3,183.75,99.25,183.75,40.3,48.9,28,48.3,42.25,29.75,28.5,11.5,7.35,7.58,19.3,8.8,26.1,10.1,84.5,70.75,22.45,35.6,7.47,3.54772814023706
"AX-004","Control","ControlM","Yes",NA,"X/m",22,"Male","Asian",NA,NA,NA,NA,4.5,4.5,"Gym",72.2,168.25,86.75,174.25,36.85,45.15,27.55,44.8,39.95,27.25,26.45,18,6.62,7.04,18.2,8,21,8.9,81.5,67.15,22.35,36.35,6.83,-1.10534047552375
"AR-004","Run","RunM","No","Non-elite","Rn/m",24,"Male","Asian",206,NA,5,4,3,7,"Football, Hockey",55,167.5,88.5,167,36.75,43.95,25.7,43.2,37.55,26.65,22.2,7.6,6.17,6.6,17.5,7.1,21.3,8.4,79,64.73,21.53,35.05,6.39,-2.37072423986763
"AX-005","Control","ControlM","Yes",NA,"X/m",25,"Male","White",NA,NA,NA,NA,6,6,"Waterpolo, Cycle",102.9,187.75,96.75,185,41.75,50.95,28.45,46.7,44.15,32.5,29.8,7.2,6.8,7.05,17.5,7.9,22.4,9,91,70.43,23.73,40.05,6.93,2.76568137882419
"AC-005","Climb","ClimbF","No","Non-elite","Cn/f",42,"Female","White",NA,17,9,4,7.5,11.5,"Walk, Run, Slackline",54.2,162.5,87,160.25,34.6,42.45,24.8,42.3,34.35,25.55,23.3,14.1,6.61,6.81,17,7.6,21.3,8.7,75.5,62.95,20.65,33.05,6.71,-3.79004993544858
"AX-006","Control","ControlF","Yes",NA,"X/f",23,"Female","White",NA,NA,NA,NA,5,5,"Cycle, Walk, Gym",53.9,159.5,87.75,153,33.45,40.75,22.15,40,34,26.4,23.65,17.1,6.67,6.84,17.4,7.2,20.8,7.8,71.75,59.5,19.5,31,6.76,-4.66123183024875
"AC-006","Climb","ClimbF","No","Non-elite","Cn/f",24,"Female","Asian",NA,18,3,11,3,14,"Run, Walk, Squash",59.4,160.75,87.25,162.25,35.6,42.75,25.75,42.1,36.45,26.8,24.65,21.3,6.53,6.95,17.8,7.6,23,9.2,73.5,62.9,20.8,30.75,6.74,-2.51194943214544
"AX-007","Control","ControlF","Yes",NA,"X/f",20,"Female","White",NA,NA,NA,NA,5.5,5.5,"Gym, Walk, Yoga",58.8,161,90.5,155,35.65,42.15,23.1,40.6,34.25,28.6,24.5,22.95,6.52,7.09,16.7,7.3,20.7,7.7,70.5,60.38,19.78,28.35,6.81,-3.79120767207914
"AX-008","Control","ControlF","Yes",NA,"X/f",18,"Female","Asian",NA,NA,NA,NA,7,7,"Badminton, Frisbee",68.9,168.75,91.25,167.25,37.1,44.15,25.9,44.6,36,29.2,25.4,18.9,6.66,7.02,17.5,7.9,23.1,9.1,77.5,65.63,21.03,33.35,6.84,-1.29225217645012
"AX-009","Control","ControlF","Yes",NA,"X/f",22,"Female","White",NA,NA,NA,NA,4,4,"Swim, Run, Fencing, Walk",62.1,168,90,168,36.15,44.2,25.55,44,39.4,27.85,24.85,15.2,7.25,7.11,17.3,7.7,21.1,7.8,78,64.3,20.3,33.8,7.18,-1.59028287205448
"AX-010","Control","ControlM","Yes",NA,"X/m",19,"Male","White",NA,NA,NA,NA,6,6,"Gym",87,172.5,91,170.75,37.55,46.45,27.25,45.6,40.75,28.7,29.5,19.6,7.18,7.26,18.1,8.4,23.2,9.1,81.5,65,19.4,35.05,7.22,0.177608644295782
"AX-011","Control","ControlF","Yes",NA,"X/f",22,"Female","Asian",NA,NA,NA,NA,0,0,"Walk",53.1,155.5,85.5,154.5,35,42,23.85,41.05,32.3,24.7,23.8,17.1,6.57,6.71,16.3,7.2,22.3,8.3,70,61.1,20.05,28,6.64,-4.8713025181403
"AR-005","Run","RunF","No","Non-elite","Rn/f",19,"Female","White",419,NA,2,3.5,2.5,6,"Walk",56.1,157,85.75,152.5,33.55,41.8,24.1,40.45,34.9,27.65,23.1,17.4,6.11,6.54,16.2,7.3,20.2,7.5,71.25,58.8,18.35,29.45,6.33,-5.05543397643665
"AX-012","Control","ControlM","Yes",NA,"X/m",20,"Male","White",NA,NA,NA,NA,10,10,"Cycle",67.9,188.75,99.5,189.5,41.7,50.7,30.3,50.4,42.25,30.8,25.3,7,7.39,8.13,18.7,8.1,24.5,8.8,89.25,73.63,23.23,38.55,7.76,4.39168043357551
"AR-006","Run","RunM","No","Non-elite","Rn/m",22,"Male","White",371,NA,8,4,6.5,10.5,"Walk, Cycle, Swim, Row, Rugby",73.2,184,95.5,179.25,40.95,49.5,28.8,47.85,40,28.3,26.6,6.5,6.92,7.73,18.5,8.5,24,9.2,88.5,69.63,21.78,39,7.33,2.23526845995015
"AX-013","Control","ControlM","Yes",NA,"X/m",20,"Male","Asian",NA,NA,NA,NA,10,10,"Badminton, Climb, Gym",59.9,163,83,166.75,37.6,45.6,28.1,44.95,36.75,25.85,26.25,10.7,6.29,6.34,16,7.5,20.3,7.9,80,65,20.05,34.4,6.32,-3.24347706268527
"AR-007","Run","RunF","No","Non-elite","Rn/f",18,"Female","White",654,NA,3,5,7,12,"Walk, Row",66.6,170.5,90.25,165,39.95,46.75,26.6,44.25,36.85,30.75,25.25,16.15,7.14,6.95,17.3,7.5,22.8,9.2,80.25,64.08,19.83,33.5,7.05,-0.580822914672796
"AX-014","Control","ControlM","Yes",NA,"X/m",26,"Male","Asian",NA,NA,NA,NA,0,0,"Cycle",86,185.5,99,189.25,40.4,48.7,29.55,49.7,40.9,29.8,27.15,14.75,6.8,7.28,19.6,8.5,25.3,9.6,86.5,74.18,24.48,37.8,7.04,3.61245407165256
"AX-015","Control","ControlM","Yes",NA,"X/m",23,"Male","White",NA,NA,NA,NA,1,1,"Climb, Run, Walk",91,189,96.5,195.75,45.2,53.2,31.6,52.3,39.9,32.35,27,14.75,7.71,8.28,19.8,8.4,24.8,9,92.5,77.93,25.63,39.3,8,5.5653865521009
"AX-016","Control","ControlM","Yes",NA,"X/m",21,"Male","Asian",NA,NA,NA,NA,6.5,6.5,"Gym",75.8,175,94,174.5,37.25,45.35,27.3,45.3,38.65,26.5,29.2,11.2,6.82,7.16,17.8,8.2,23.7,8.9,81,67.93,22.63,35.65,6.99,-0.00381670259901975
"AX-017","Control","ControlM","Yes",NA,"X/m",23,"Male","White",NA,NA,NA,NA,7,7,"Row, Gym",73,184.25,94.5,188,42.1,51.1,30.15,50.45,42.45,30.15,25.85,6.8,8.65,8.29,19.2,8.5,25.3,8.8,89.75,72.78,22.33,38.65,8.47,4.53088297570036
"AX-018","Control","ControlF","Yes",NA,"X/f",24,"Female","Mixed",NA,NA,NA,NA,5,5,"Run, Climb, Cycle",56.4,166,89.25,164.25,35.45,43.2,26,42.6,37,26.95,21.4,12.2,6.75,6.62,17.6,8,20.2,8,76.75,63.63,21.03,33.55,6.69,-2.6262907255492
"AC-007","Climb","ClimbM","Yes","Elite","Ce/m",20,"Male","White",NA,25,7,15,4,19,"Yoga",72.4,176.5,90.5,179.75,40.15,48.35,29.2,48.2,40.9,28.75,28.2,6.2,7.36,7.72,18.3,8.5,22.9,9,86,69.43,21.23,37.65,7.54,1.55990210521939
"AC-008","Climb","ClimbM","Yes","Elite","Ce/m",20,"Male","White",NA,24,8,10,3,13,"Cycle",63.4,172.5,92.5,176.25,37.65,45.5,27.4,46.25,38.75,26.8,27.05,10.6,7.33,7.78,18.1,8.1,25.5,8.8,80,68.75,22.5,34.5,7.56,0.76654717957682
"AX-019","Control","ControlM","Yes",NA,"X/m",19,"Male","White",NA,NA,NA,NA,0,0,"NONE",80.4,183.5,99.5,179.5,39.45,47.95,28.4,46.95,39.85,28.4,28.15,12.15,7.34,7.27,18.5,8.8,23.7,9.5,84,69.83,22.88,36.05,7.31,2.1496952563612
"AX-020","Control","ControlM","Yes",NA,"X/m",18,"Male","Asian",NA,NA,NA,NA,0,0,"Walk",61.2,164.5,83.5,173.5,38.3,45.25,27.9,45.9,39.15,26.8,25.6,16.6,6.55,6.78,16.6,7.4,22.3,8.6,81,67.18,21.28,35.75,6.67,-1.69695487895205
"AX-021","Control","ControlM","Yes",NA,"X/m",18,"Male","White",NA,NA,NA,NA,10,10,"Row",69.8,174,94,178.25,37.5,45.1,27.85,46.1,40.05,25,27.55,6.95,7.12,7.38,17.7,8.2,23,8.9,80,69.1,23,34.9,7.25,0.212706887543939
"AX-022","Control","ControlF","Yes",NA,"X/f",27,"Female","White",NA,NA,NA,NA,4,4,"Squash, Running",54.5,168,87.75,161.5,36.7,44.6,25.5,43.1,34.7,26.55,21.85,21.7,6.49,6.87,17,7.4,21.1,8.3,80.25,63.4,20.3,35.65,6.68,-2.96591869894792
"AX-023","Control","ControlF","Yes",NA,"X/f",23,"Female","Mixed",NA,NA,NA,NA,4,4,"Dance",55.4,175,94,173.75,37.75,46.1,26.65,44.75,38.05,29,22,11.6,6.72,6.89,17.1,6.9,23.6,8.5,81,67.85,23.1,34.9,6.81,-0.218898802106966
"AX-024","Control","ControlM","Yes",NA,"X/m",22,"Male","White",NA,NA,NA,NA,11,11,"Row",87.1,183,95.75,182.5,40,48.15,28.95,48,41.7,29.05,29.6,14.95,6.85,7.36,17.5,8.5,23,9.3,87.25,70.4,22.4,39.1,7.11,1.86346554400551
"AX-025","Control","ControlM","Yes",NA,"X/m",21,"Male","White",NA,NA,NA,NA,14,14,"Row, Squash",74.4,187,99.5,191.5,40.75,49.3,30.25,49.85,40.8,28.75,28.4,4.05,7.15,7.1,18.7,8.6,26,9.8,87.5,75.35,25.5,38.2,7.13,3.77628611742489
"AX-026","Control","ControlF","Yes",NA,"X/f",22,"Female","White",NA,NA,NA,NA,9.5,9.5,"Powerlift, Cycle",58.1,161.5,87,157,34.95,42.2,24.9,42,33.7,28.75,24.6,13,6.49,6.54,15.7,7,21.9,8.1,74.5,61.65,19.65,32.3,6.52,-3.98982874277115
"AX-042","Run","RunF","No","Non-elite","Rn/f",23,"Female","White",51,NA,1,3,5,8,"Gym, Pole",60,156.5,83.25,154.5,35.65,41.6,24.4,40.35,33.85,26.15,22.45,22.95,6.55,6.28,15.8,6.8,20.9,7.8,73.25,60.33,19.98,31.65,6.42,-5.03576217624228
"AX-027","Control","ControlF","Yes",NA,"X/f",24,"Female","White",NA,NA,NA,NA,0,0,"NONE",66.2,176.5,88.5,171.5,40.85,48.35,27,45.25,37.85,28.2,23.65,19.55,6.51,6.77,16.9,6.9,21.9,7.6,88,66.83,21.58,39.65,6.64,-0.745472487136873
"AX-028","Control","ControlM","Yes",NA,"X/m",34,"Male","White",NA,NA,NA,NA,2.5,2.5,"Yoga, Powerlift",78.7,179,95,173.5,39,47.35,27.75,46.6,38.75,27.9,29.45,10.4,7.19,7.38,18.1,8.4,23.3,9.7,84,67.38,20.78,36.65,7.29,0.873346823208804
"AR-009","Run","RunM","No","Non-elite","Rn/m",22,"Male","White",122,NA,8,7,4,11,"Climb, Row",81.5,172.75,93.25,177.5,36.1,44.3,26.85,45,44.6,29.2,28.9,7.15,6.7,6.9,17.7,8.3,23.4,8.7,79.5,66.45,21.45,35.2,6.8,0.4466286178416
"AR-010","Run","RunF","No","Non-elite","Rn/f",20,"Female","White",200,NA,10,4,6,10,"Tennis, Gym, Swim",60.2,166,85.5,168,37.4,44.15,26.05,42.7,37.9,27.3,24.3,12.4,7.01,6.95,16.6,7.2,23.8,8.3,80.5,65.05,22.35,36.35,6.98,-1.74491436544462
"AR-011","Run","RunF","No","Non-elite","Rn/f",25,"Female","White",497,NA,8,10,4.5,14.5,"Gym, Walk",58.1,165,87.25,158,35.45,43.1,24.3,41.2,35.15,27.05,23.5,16.75,6.47,6.67,17.2,7.9,21.1,8.5,77.75,61.43,20.23,34.65,6.57,-3.54827859858887
"AC-009","Climb","ClimbF","No","Non-elite","Cn/f",23,"Female","Other",NA,15.5,1.5,6,2,8,"Run, Ski, Snowboard, Yoga",57.9,170.5,90,166.25,37.1,43.35,26.1,44,35.8,28.4,23.3,10.45,6.86,7.13,17.5,7.7,22.7,9,80.5,65.23,21.23,37.15,7,-1.39224469859629
"AX-029","Control","ControlF","Yes",NA,"X/f",29,"Female","White",NA,NA,NA,NA,4.5,4.5,"Football, Gym",55.3,160,86.5,157.5,34.35,41.75,24.15,41.75,35.85,26.5,21.85,16.5,6.36,6.45,16.6,7.3,21.4,8.2,73.5,60.83,19.08,31.75,6.41,-4.19918055193957
"AC-010","Climb","ClimbF","No","Non-elite","Cn/f",20,"Female","White",NA,13,1,2.5,0.5,3,"Pilates, Gym",57.8,176.5,90.75,172.5,39.3,47.5,26.75,44.8,38.15,30.45,23.25,19.2,7.19,7.11,17.5,7.6,22.2,8.5,85.75,67.18,22.38,38.25,7.15,0.017123767115574
"AR-012","Run","RunM","No","Non-elite","Rn/m",24,"Male","White",551,NA,8,2,1.5,3.5,"Cycle",69.6,180,95,185.25,37.05,45.25,28.2,47.8,41.2,29.3,25.2,4.75,7.52,8.28,19.2,8.5,22.9,9.6,85,72.03,24.23,39.75,7.9,2.18708282608207
"AC-011","Climb","ClimbM","No","Non-elite","Cn/m",19,"Male","White",NA,18.5,3,7,0,7,"NONE",74.5,189,97.5,188.5,41.95,50.6,28.3,48.55,45,29.15,27.8,6,7.27,7.91,19.7,4.6,25.1,9.6,91.5,71.75,23.2,40.9,7.59,4.31863282157298
"AR-013","Run","RunM","No","Non-elite","Rn/m",19,"Male","White",180,NA,1,1.5,6,7.5,"Gym, Basketball, Tennis, Squash, Netball",76.4,185,100,187.75,39.7,47,29,48.7,41.45,27.5,27.45,10.25,7.95,8.17,19.4,8.8,24.6,9.8,85,73.15,24.45,38,8.06,3.67274870270645
"AX-030","Control","ControlF","Yes",NA,"X/f",22,"Female","White",NA,NA,NA,NA,7,7,"Ballet, Tennis, Run, Climb",62.8,170.25,92.25,169,36.85,44.55,25.55,43.55,38.4,29.3,23.6,14.25,6.94,7.06,17.3,7.4,21.4,8.6,78,65.3,21.75,33.45,7,-1.21785675605279
"AX-031","Control","ControlM","Yes",NA,"X/m",26,"Male","White",NA,NA,NA,NA,3,3,"Football",80.9,184.5,98,190,40.6,49.55,29.85,49.95,40.9,30.75,25.65,9.6,7.3,7.3,18.8,7.8,24.4,9.9,86.5,74.55,24.6,36.95,7.3,3.46352998393177
"AX-032","Control","ControlM","Yes",NA,"X/m",26,"Male","White",NA,NA,NA,NA,5,5,"Gym, Cycle",73.7,185.5,100,176,39.55,48.4,28.35,47.1,37.7,28.55,27.2,14.85,6.92,7.06,18.1,8.2,22.5,9.9,85.5,69.15,22.05,37.1,6.99,1.37411189460036
"AX-033","Control","ControlF","Yes",NA,"X/f",20,"Female","White",NA,NA,NA,NA,5,5,"Run, Football, Climb",62.8,169.25,91.5,169.25,36.6,44.35,25.65,44.1,37,28.55,23.55,15.7,6.39,6.58,17,7.6,22.6,8.8,77.75,66.13,22.03,33.4,6.49,-1.7217082037953
"AX-034","Control","ControlM","Yes",NA,"X/m",21,"Male","Asian",NA,NA,NA,NA,5,5,"Boxing",62.7,175.25,90.75,173.25,38.55,47.4,27.05,46.55,39.7,28.5,26.5,3.9,7.16,7.34,18.6,8.5,23.3,9.4,84.5,66.78,20.23,37.1,7.25,0.50832316578642
"AC-012","Climb","ClimbM","No","Non-elite","Cn/m",19,"Male","Mixed",NA,15.5,6,4,4,8,"Gymnastics",59.1,178,91.25,177.25,40.25,47.55,28.75,47.4,40.5,25,24.9,5.05,7.04,7.19,18.5,8,23.5,8.8,86.75,68.38,20.98,39.2,7.12,0.987717286824176
"AX-035","Control","ControlF","Yes",NA,"X/f",24,"Female","White",NA,NA,NA,NA,2,2,"Dance",52,165,87.5,165.75,38,44.75,25.55,42.35,35.6,29.75,21.15,13.45,5.93,5.93,15,6.6,22,8,77.5,65.08,22.73,32.75,5.93,-3.20740081565514
"AX-036","Control","ControlF","Yes",NA,"X/f",24,"Female","Other",NA,NA,NA,NA,3,3,"Cycle, Pilates",61.5,163,86.75,163.75,35.75,43.1,25.6,43.2,35.5,27.75,23.8,20.7,7.1,7.52,17.3,7.4,23.3,8.8,76.25,64.13,20.93,33.15,7.31,-2.14027283920243
"AR-014","Run","RunM","No","Non-elite","Rn/m",21,"Male","White",511,NA,12,5,3,8,"Tennis, Squash",71.9,182,94,180.5,41.55,49.45,29.8,48.95,40.3,27,27,9.8,7.5,8.06,18.9,8.4,23.1,9.8,88,70.1,21.15,38.55,7.78,2.47383354551333
"AR-015","Run","RunM","No","Non-elite","Rn/m",21,"Male","White",371,NA,1,2,3,5,"Football",79.1,198.75,105,196.25,43.85,52.2,30.7,50.6,40.1,28.45,26.9,7.25,7.57,7.95,19.1,8.5,27.3,10.1,93.75,78.08,27.48,41.55,7.76,5.98005193536037
"AX-037","Control","ControlM","Yes",NA,"X/m",22,"Male","Asian",NA,NA,NA,NA,2,2,"Run",52.7,178,88,182,42.4,50.2,30.65,49.5,36.4,24.65,22.65,11.05,7.47,7.41,18.8,7.6,23,9.2,90,72.8,23.3,39.8,7.44,1.27379386963629
"AX-041","Control","ControlM","Yes",NA,"X/m",25,"Male","White",NA,NA,NA,NA,4,4,"Run, Gym",74.4,183.5,98.75,176.75,38.85,47.25,28.55,47,40.1,29.55,26.4,15.9,7.21,7.13,17.4,8.2,23.9,9.6,84.75,68.33,21.33,37.5,7.17,1.72684093944209
"AX-038","Control","ControlM","Yes",NA,"X/m",28,"Male","White",NA,NA,NA,NA,7,7,"Row, Run, Cycle",70,181,94,177.25,41.55,49.2,28.65,47.35,39.4,31.6,25.5,8.3,6.77,7.26,18.1,7.9,22.7,8.9,87,68.93,21.58,37.8,7.02,1.70645323108601
"AX-039","Control","ControlF","Yes",NA,"X/f",24,"Female","White",NA,NA,NA,NA,12,12,"Netball, Volleyball",68,179.25,95,175,38.6,46.2,26.9,45.85,39.4,30,23.6,17,6.71,6.99,17.7,7.5,23.5,8.5,84.25,67.8,21.95,38.05,6.85,0.665843192091832
"AR-016","Run","RunF","No","Non-elite","Rn/f",25,"Female","White",573,NA,15,6,4,10,"Cycle",52,171.25,89.5,169.25,38.9,46,26.5,44.55,35.7,29,21.25,10.25,6.8,6.93,16.4,7.1,22.7,8.6,81.75,66.78,22.23,35.75,6.87,-1.32077764941137
"AC-013","Climb","ClimbF","Yes","Elite","Ce/f",25,"Female","White",NA,21.5,3,8,10,18,"Cycle, Row, Run",61.6,166.5,89.25,165.5,36.1,43.6,25.3,42.2,37.25,26.45,26.1,14.25,6.35,6.48,15.8,7.3,21.5,8.8,77.25,64.13,21.93,33.65,6.42,-3.06444987783824
"AR-017","Run","RunF","No","Non-elite","Rn/f",61,"Female","White",358,NA,25,9,5,14,"Cycle, Gym, Swim",52,170.5,88.5,168.75,37.85,45.5,26.75,45.7,36.55,28.2,23.4,6.95,6.31,6.99,17.6,8,21.9,8.5,82,66.1,20.4,36.5,6.65,-1.47579685565724
"AR-018","Run","RunF","No","Non-elite","Rn/f",46,"Female","White",324,NA,16,5,2,7,"Cycle, Swim, Yoga, Gym",58.7,165.5,88,164.5,37.05,44.05,26.3,44.5,35.65,28.35,23.55,17.8,6.27,6.56,16.3,6.6,23.1,8.4,77.5,64.43,19.93,33.45,6.42,-2.42621285120707
"AR-019","Run","RunM","No","Non-elite","Rn/m",48,"Male","White",217,NA,10,2,2,4,"Cycle, Football",80.2,186.75,99.5,190.5,41.8,50.8,29.65,50.35,41.4,30.9,27.5,5.75,7.91,8.24,20.7,8.7,24.7,10.3,87.25,74.55,24.2,36.45,8.08,4.97850071971471
"AR-020","Run","RunF","No","Non-elite","Rn/f",35,"Female","Asian",336,NA,3,2,5,7,"Gym",57.5,167.25,89,166.75,36.35,43.2,25.95,44.4,36.85,25.6,22.45,15.9,7.13,7.46,18,7.5,20.3,8.2,78.25,64.95,20.55,35.05,7.3,-2.03145905048452
"AR-021","Run","RunF","No","Non-elite","Rn/f",56,"Female","White",575,NA,45,6,4.5,10.5,"Cycle",62.8,168.25,89.25,168,36.1,43.85,27.6,46,35.1,28,23.45,16.35,7.35,7.36,17.2,7.4,21,8,79,66.45,20.45,35.15,7.36,-1.65117574107996
"AR-022","Run","RunM","No","Non-elite","Rn/m",20,"Male","Asian",212,NA,5,5,5,10,"Gym",65.3,173.5,93,174.25,37.15,45.65,27.25,46.1,39.6,28.2,25.3,7.85,7.15,7.46,18.3,8,22.6,8.5,80.5,67.33,21.23,34.85,7.31,0.245846410003131
"AR-024","Run","RunM","No","Non-elite","Rn/m",20,"Male","White",127,NA,2,1.5,2,3.5,"Football",80.6,180.5,94,179.5,40.5,47.75,29.45,48.05,40.55,27.85,27.35,16,7.19,7.6,18.2,8.4,24.8,9.4,86.5,69.48,21.43,38.75,7.4,2.18067006455918
"AR-025","Run","RunM","No","Non-elite","Rn/m",57,"Male","White",123,NA,4,4,0,4,"NONE",81.1,177.25,94.25,176.75,38.2,46.1,27.5,46.75,38.75,29.5,27.5,12.2,6.71,7.62,18.2,8.3,23.6,9.6,83,69,22.25,36.9,7.17,0.89102452429471
"AR-026","Run","RunM","No","Non-elite","Rn/m",18,"Male","White",8,NA,4,3,8,11,"Basketball, Row, Powerlift, Tabletennis",88.6,187,99.25,184.25,41.75,50.05,29.6,49.2,41.2,29.45,30.75,10.9,7.11,7.89,19.5,8.8,25.1,9.5,87.75,71.53,22.33,37.7,7.5,3.92442751142292
"AR-027","Run","RunM","No","Non-elite","Rn/m",48,"Male","White",106,NA,26,3,2,5,"Gym, Football",76.9,178.75,90.75,179.25,40.8,49.25,27.75,47.3,41,30.45,26.65,16.55,7.62,8.02,18.5,8.1,23.6,9.4,88,69.13,21.83,38.75,7.82,2.03691362737673
"AR-028","Run","RunM","No","Non-elite","Rn/m",30,"Male","White",134,NA,6,3,2,5,"Hockey",70.8,179.5,95,181.25,39.9,47.9,28.75,48.2,41.75,28.9,25.8,8.3,7.5,7.66,19,7.9,25.4,8.3,84.5,69.75,21.55,36.6,7.58,2.76800678535778
"AR-029","Run","RunM","No","Non-elite","Rn/m",60,"Male","White",7,NA,27,8,4.5,12.5,"Cycle, Cricket, Swim",90.4,182.75,93.75,187.75,40.75,49.25,29.15,49.6,42.7,33.25,27.7,11.45,7.73,7.9,19.1,8.8,25.3,9.9,89,72.53,22.93,39.75,7.82,3.95808587587546
"AR-030","Run","RunM","No","Non-elite","Rn/m",70,"Male","White",12,NA,40,4.5,2.5,7,"Gym, Basketball, Football",92.7,178.5,95.75,183,39.1,47.45,28,48,41.85,35,28.75,16.1,7.22,8.26,18.8,9.1,25.9,10.3,82.75,70.58,22.58,35.3,7.74,3.39389269502737
"AR-031","Run","RunM","No","Non-elite","Rn/m",40,"Male","White",498,NA,5,5,24,29,"Cycle, Swim",71.5,172,91,170.75,37.15,45.05,26.5,44.45,40,31,28.7,4.4,6.7,7.3,17.3,8.1,22.3,9.4,81,65.38,20.93,35.95,7,-0.422642566628511
"AR-032","Run","RunF","No","Non-elite","Rn/f",22,"Female","White",674,NA,3,15,15,30,"Cycle, Walk",48.7,169.25,90.5,163,37.35,44.35,26.45,44.35,34,28.1,21.3,7.85,6.46,6.69,17.2,6.7,21.7,8.1,78.75,64.5,20.15,34.4,6.58,-2.20181211458232
"AR-033","Run","RunM","No","Non-elite","Rn/m",26,"Male","Asian",310,NA,2,5,6,11,"Swim, Yoga, Gym",72.3,179.5,94.5,176,39.9,46.55,27.1,46.25,41.5,29.75,27.45,5.65,6.86,7.29,18.6,8,23.1,8.8,85,67.25,21,38.45,7.08,1.42049073183665
"AR-034","Run","RunM","No","Non-elite","Rn/m",42,"Male","White",684,NA,6,5,0,5,"NONE",73.2,183,96.25,185.75,40.25,48.95,29.75,48.85,42.65,29.65,26.75,9.3,7.1,7.53,18.8,8.6,26.3,10,86.75,71.55,22.7,37.8,7.32,3.52538048149003
"AR-035","Run","RunM","No","Non-elite","Rn/m",58,"Male","White",207,NA,45,12,6,18,"Gym, Row, Cycle",74.7,180.5,92.75,185,40.8,48.65,29.7,49.1,41.9,30.2,26.4,10,7.47,7.7,19.1,8.4,23.9,10,87.75,71.55,22.45,39.1,7.59,2.97397738422021
"AR-036","Run","RunF","No","Non-elite","Rn/f",62,"Female","White",384,NA,12,2,5,7,"Yoga, Gym",58.2,164.25,86.5,164.75,36.25,43.15,25.8,42.95,36.45,29.25,23.15,12.85,7.36,7.54,17.2,7.6,19.3,8.6,77.75,64.15,21.2,34.6,7.45,-2.43513524695711
"AR-037","Run","RunF","No","Non-elite","Rn/f",37,"Female","White",340,NA,12,2,1,3,"Swim",61.7,167,91,166,35.3,42.65,26,44.5,35.45,31.4,23.25,18.4,6.79,7.15,17.7,7.9,20.4,8.4,76,65.28,20.78,33.35,6.97,-1.87304137648049
"AR-038","Run","RunF","No","Non-elite","Rn/f",22,"Female","White",518,NA,15,4,4,8,"Yoga, Row",61.2,163,89,165.25,34.15,41,26.3,43.45,36.2,27.7,23.25,14.8,6.36,6.75,16.8,7.2,19.9,8.5,74,64.53,21.08,33,6.56,-3.23504231644294
"AR-039","Run","RunM","No","Non-elite","Rn/m",41,"Male","White",45,NA,1,3,1,4,"Gym",72.1,173.5,90.5,177.5,38.9,47.4,28.1,46.9,40.3,27.95,26.1,10.1,6.76,6.6,17.3,8,22.6,9.1,83,68.6,21.7,35.6,6.68,-0.05713891424976
"AC-014","Climb","ClimbM","No","Non-elite","Cn/m",27,"Male","Asian",NA,16.5,8,0.5,5,5.5,"Powerlift",88.2,182,95.75,187,40,48,29.55,48.65,42.4,30.45,29.75,16.1,6.98,7.76,19,9,22.3,9.7,86.25,72.3,23.65,38.25,7.37,2.77848004723169
"AR-040","Run","RunF","No","Non-elite","Rn/f",49,"Female","Asian",373,NA,11,4.5,1,5.5,"Horseriding",49.6,162,83,173,37.15,44.25,27.55,45.65,36.35,24,22.65,6.75,6.78,7.51,17.9,8.1,20.7,8.4,79,68.33,22.68,34.75,7.15,-2.3138686106211
"AC-015","Climb","ClimbM","No","Non-elite","Cn/m",36,"Male","White",NA,18,2,6,5,11,"Cycle, Run, Swim",84.3,197,101,195,45.35,54.5,31.3,53.6,37.4,31.25,28.55,8.35,8.42,8.44,21.5,8.8,25.6,9.7,96,78.8,25.2,41.5,8.43,6.68230645313526
"AR-041","Run","RunM","No","Non-elite","Rn/m",53,"Male","White",11,NA,15,2,0,2,"NONE",79.2,188.25,96,185.25,42.05,50.45,29.15,49.55,40.85,31,28.15,10.35,7.51,7.66,19.8,8.5,25.1,8.8,92.25,72.2,22.65,41.8,7.59,4.00976235890305
"AR-042","Run","RunF","No","Non-elite","Rn/f",53,"Female","White",262,NA,15,2.5,3,5.5,"Pilates, Swim",61.6,170,92,176.5,36.85,44.25,27.1,46.9,38.45,28,24.15,20.75,7.46,7.83,19.2,8,23.1,9.4,78,69.03,22.13,33.75,7.65,0.469745427170588
"AC-016","Climb","ClimbM","No","Non-elite","Cn/m",27,"Male","White",NA,22.5,5,9,1,10,"Run, Cycle",73.8,178.75,95,181.25,39.05,47.9,28.1,47.8,41.2,28.4,28.65,11.2,7.29,7.5,18.9,8.9,22.6,9.7,83.75,70.03,22.23,35.85,7.4,1.69234312677407
"AR-044","Run","RunM","No","Non-elite","Rn/m",50,"Male","White",11,NA,9,2,2,4,"Gym",79,181,96,180.5,40,47.75,28.15,47.4,41,29.6,25.85,8.5,6.61,7.16,18.2,8.3,23.6,9.5,85,69.75,22.35,37.25,6.89,1.74659645678762
"AR-045","Run","RunF","No","Non-elite","Rn/f",47,"Female","White",464,NA,25,3.5,3,6.5,"Gym",66.7,171.5,92.25,167.5,38.85,45.75,26.5,44.45,37,29.4,25.5,14.95,6.54,6.63,17,8.1,22.5,8.8,79.25,65.25,20.8,33.5,6.59,-1.0414268595286
"AR-046","Run","RunM","No","Non-elite","Rn/m",19,"Male","White",235,NA,2,5,5,10,"Gym",69.5,176,95.5,179,37.7,45.4,27.4,46.85,41.35,28.35,27.8,13.2,7.32,7.6,19.3,8.4,22.5,9,80.5,68.83,21.98,35.1,7.46,1.36756765734871
"AX-040","Control","ControlF","Yes",NA,"X/f",25,"Female","Mixed",NA,NA,NA,NA,3,3,"Gym",50.9,169,93.25,163,35.85,42.9,25.35,43.45,33.7,28,22.2,13.4,7.12,7.22,17.5,7.5,22.5,8,75.75,64.65,21.2,32.85,7.17,-1.85299039328575
"AR-047","Run","RunM","No","Non-elite","Rn/m",24,"Male","White",341,NA,4,4,5,9,"Row",66.4,173,94.5,171,36.7,44.5,26.5,44.95,38.9,25.5,25.6,10.3,7.04,7.01,17.6,7.9,23.2,8.6,78.5,66.05,21.1,34,7.03,-0.607544212418622
"AR-048","Run","RunF","No","Non-elite","Rn/f",43,"Female","Other",391,NA,8,3,1,4,"Cycle, Swim",67.7,168,88.75,175.75,36.65,43.6,27.7,46.85,37.95,28.8,24.7,22.55,7.45,7.66,18.2,7.7,21,8.7,79.25,68.9,22.05,35.65,7.56,-0.516769830151227
"AR-049","Run","RunM","No","Non-elite","Rn/m",55,"Male","White",98,NA,4,8,0,8,"NONE",82.6,183.25,93,184.5,41.7,49.85,28.15,48.1,41.25,30.4,24.55,12.1,7.57,7.62,18.6,8.1,25,10.1,90.25,71.63,23.53,40.4,7.59,2.94532995207978
"AR-050","Run","RunF","No","Non-elite","Rn/f",41,"Female","White",513,NA,7,7,7,14,"Boxing",59.2,162.25,86.75,154.5,35.4,42.35,24.45,42.6,34.1,28,22.75,20.9,7.1,7.31,17.4,8,21.8,9.1,75.5,60.2,17.6,33.15,7.2,-3.22053677609895
"AR-051","Run","RunM","No","Non-elite","Rn/m",40,"Male","White",678,NA,15,8,2,10,"Cycle",57.2,164.5,87,161.75,35.75,43.2,25.85,42.7,36.25,26,25.2,7.25,6.54,6.87,17,8.6,21.2,9.2,77.5,62.75,20.05,34.3,6.7,-3.0749503005899
"AC-017","Climb","ClimbF","No","Non-elite","Cn/f",20,"Female","White",NA,20,9,8,3,11,"Cycle, Run, Swim",55.7,167.25,89.25,160,35.9,43.85,24.7,42.2,37.05,25.4,23.25,12.7,6.65,6.94,16.8,7.1,20.9,8.8,78,61.48,19.28,34.15,6.79,-3.09431433779077
"AC-018","Climb","ClimbF","No","Non-elite","Cn/f",35,"Female","White",NA,18,5,4,0,4,"NONE",51.2,157,86,153.25,33.5,40.15,24.45,40.05,35.1,26,23.25,11.8,6.19,6.38,15.6,7.3,20,8.1,71,59.08,19.03,30.85,6.28,-5.35236156406184
"AC-019","Climb","ClimbM","No","Non-elite","Cn/m",28,"Male","White",NA,16.5,4,5,2,7,"Cycle, Walk",66.3,184,97.25,184,40.25,48,28.35,47.25,40.15,29.7,25.8,7.4,7.24,7.41,18,7.8,21.5,8.9,86.75,71.93,24.68,38.75,7.33,1.87298761466802
"AR-052","Run","RunM","No","Non-elite","Rn/m",45,"Male","White",645,NA,15,8,2.5,10.5,"Cycle, Swim",82.1,189.5,98,190,42.7,51.1,30.5,50.65,41.6,28.2,28.3,5.8,7.36,8.21,19.7,9.6,26.6,10.9,91.5,74.2,23.55,40.4,7.78,4.87905406094514
"AC-020","Climb","ClimbM","No","Non-elite","Cn/m",32,"Male","Mixed",NA,21.5,5,6,6,12,"Gym",71,175,91.75,174.25,39.6,47.75,27.15,45.95,39.15,28.45,29.05,8.3,6.85,7.23,18.1,8.6,22.3,9.6,83.25,67.55,21.6,35.5,7.04,0.224726509779429
"AR-053","Run","RunM","Yes","Elite","Re/m",27,"Male","White",880,NA,5,12,4,16,"Cycle, Swim",72.6,190.5,97.5,193,42.85,51.9,30.85,52.05,40.55,30.15,25.15,4.1,7.82,8.48,20.5,8.6,25.7,10,93,76.23,24.18,41.1,8.15,5.45520244152346
"AR-054","Run","RunF","No","Non-elite","Rn/f",21,"Female","White",604,NA,9,2.5,0.5,3,"Swim",52.3,164.25,84,167.5,37.35,44.05,26.5,44.1,37,26.45,21.95,14.9,6.35,6.62,16.9,7.5,21.4,8,80.25,65.25,21.15,36.2,6.49,-2.7476104339827
"AR-055","Sprint","SprintF","Yes","Elite","RSe/f",19,"Female","White",839,NA,10,10,2,12,"Football",57.2,165,89.5,163.5,35.7,43,24.9,42.75,35.65,27.35,22.05,11.85,6.73,6.86,17.4,7.6,21.7,8,75.5,63.93,21.18,32.5,6.79,-2.6492428690837
"AR-056","Sprint","SprintM","Yes","Elite","RSe/m",23,"Male","Black",931,NA,9,7.5,1,8.5,"Basketball",80.1,176.5,90.75,192.25,40.8,48.7,30.5,50.6,42.6,27.7,28.45,4.3,7.2,8,19.7,8.7,24.8,9.7,85.75,74.83,24.23,37.05,7.6,3.24211996401229
"AC-021","Climb","ClimbM","No","Non-elite","Cn/m",31,"Male","Asian",NA,20,4.5,6,1.5,7.5,"Football, Gym",61.9,172.5,89.5,176,38.5,45.7,28.45,46.7,39.15,26.6,25.45,9.15,7.24,7.52,18.4,8.3,23.1,9.1,83,68.43,21.73,37.3,7.38,0.378118345279927
"AR-057","Sprint","SprintM","Yes","Elite","RSe/m",18,"Male","White",851,NA,4,8,1,9,"Hockey",67.2,176,94,181.75,38.95,46.45,27.7,47.6,39.45,27.3,27.15,6.65,7.16,7.16,19.1,8.6,23.8,8.8,82,71.15,23.55,35.55,7.16,1.27556807095394
"AR-058","Run","RunF","Yes","Elite","Re/f",20,"Female","White",723,NA,10,7,3,10,"Swim, Cycle",59.2,172.25,86,174.75,39.8,47.8,27.1,45.6,37.75,27.65,22.45,14.1,7.2,6.91,17.3,7.8,22.5,9.7,86.25,68.5,22.9,38.45,7.06,-0.676576897591428
"AR-059","Run","RunF","Yes","Elite","Re/f",23,"Female","White",977,NA,7,6,5,11,"Gym, Cycle",50.6,155.75,82.5,154.5,33,40.2,24.35,42,33.8,25.45,22.35,7.9,6.46,6.69,16.1,7,20.1,8.1,73.25,60.35,18.35,33.05,6.57,-5.54604925602822
"AR-060","Run","RunF","Yes","Elite","Re/f",20,"Female","White",1011,NA,9,4,7,11,"Cycle, Swim, Gym",57.9,163,86,163.75,36.5,43.5,25.6,42.4,33.95,25.5,23.35,16.9,6.63,6.48,16.6,7.5,20.1,8.1,77,64.9,22.5,33.5,6.55,-3.81325147538338
"AR-061","Sprint","SprintM","Yes","Elite","RSe/m",19,"Male","White",760,NA,11,7,5,12,"Hockey, Football",75.1,185,98,189,41.4,49.45,30.15,49.75,42.7,27.6,27,7.25,7.23,7.35,18.5,8.2,23.4,8.6,87,73.15,23.4,37.55,7.29,3.18426230064702
"AR-062","Run","RunF","Yes","Elite","Re/f",31,"Female","Mixed",797,NA,10,10,1,11,"Cycle",49.2,163.5,90,162,34.15,41.1,25.75,42.25,35.85,29,20.9,6.45,6.45,6.61,16.2,7,19.9,8.1,73.5,63.08,20.83,32.4,6.53,-3.45387370076144
"AR-063","Run","RunM","Yes","Elite","Re/m",34,"Male","White",883,NA,18,10,0.5,10.5,"Gym",80.8,183.75,97.5,188.75,40.6,49.05,30.5,50.2,41.3,30,26.75,8.65,7.47,7.45,20,8.5,23.8,10.2,86.25,73.73,23.53,37.2,7.46,3.76857523066969
"AX-041","Control","ControlM","Yes",NA,"X/m",33,"Male","White",NA,NA,NA,NA,3,3,"Run, Climb",84.7,182.5,98,188.25,39.25,49.05,28.65,49.1,43.6,28.8,29,8.15,7.38,8.09,20.1,9.3,22.7,9.5,84.5,72.33,23.23,35.45,7.73,3.31464136117225
"AR-064","Run","RunM","No","Non-elite","Rn/m",27,"Male","Other",512,NA,5,6,3,9,"Cycle, Swim, Freedive",72.6,169.75,87.75,174.75,39.55,46.6,27.25,45.45,40.7,27.1,25.45,9,6.65,7.32,17.7,8.3,21.6,9.9,82,67.03,21.58,35.4,6.99,-0.503514919351185
"AR-065","Run","RunM","No","Non-elite","Rn/m",36,"Male","White",581,NA,1.5,6,2,8,"Cycle",76.1,185.75,97.25,188,40.7,49.5,29.2,49.25,40.15,28.55,28.75,5.55,7.59,8.03,18.9,8.5,24.5,10.4,88.5,73.93,24.68,39,7.81,3.33864815455278
"AX-042","Control","ControlM","Yes",NA,"X/m",27,"Male","White",NA,NA,NA,NA,4,4,"Gym, Climb",66.9,182,98,178.5,39.85,47.85,28.6,48.1,39.65,28.7,26.4,4.25,7.76,7.86,18.6,8,25.5,9.5,84,69.43,21.33,36.15,7.81,2.74762423483194
"AC-022","Climb","ClimbM","No","Non-elite","Cn/m",25,"Male","White",NA,17,2,9,3,12,"Run, Gym, Row",79.8,182.5,95.75,188.5,39.75,47.95,29,49.35,42.8,28.8,29.1,7.35,8,7.9,19.4,8.6,24.6,10,86.75,72.85,23.5,38.8,7.95,3.52033528253603
"AR-066","Run","RunF","Yes","Elite","Re/f",32,"Female","White",707,NA,10,4,1,5,"Climb, Ski, Hike",58.3,163.75,91,162,34.35,42.25,25.1,43.35,36.6,27.3,22.7,14.7,7.25,7.14,17,7.5,21,8.9,72.75,62.7,19.35,30.5,7.2,-2.69325294624332
"AR-067","Run","RunM","Yes","Elite","Re/m",20,"Male","Mixed",902,NA,5,10,3,13,"Cycle, Swim",62.1,173.5,92.5,178.75,37.9,45.6,28.55,47.35,37.5,25.5,24.9,5.8,7.2,7,17.7,7.9,22,9.8,81,70.63,23.28,35.4,7.1,-0.229906723628838
"AC-023","Climb","ClimbF","Yes","Elite","Ce/f",20,"Female","White",NA,24,15,10,0,10,"NONE",55.6,161.5,87,162.05,35.55,43.5,24.65,41.8,36.75,25.8,24.5,12.35,6.8,6.98,16.6,7.6,20.1,9.1,74.5,62.65,20.85,31,6.89,-3.6174707968874
"AR-068","Run","RunF","Yes","Elite","Re/f",37,"Female","White",953,NA,15,8,2,10,"Gym",61.9,169.25,91.5,168.75,35.65,44.15,27.35,46.1,37.55,29.2,24.4,12.05,7.15,7.16,17.7,7.5,23.2,8.4,77.75,65.6,19.5,33.6,7.16,-0.682353264564931
"AC-024","Climb","ClimbM","No","Non-elite","Cn/m",19,"Male","White",NA,18,3,7,2,9,"Cycle",70.4,172,93,168.5,37.45,44.45,26.35,45.05,39.15,28,26.9,15.1,6.87,7.37,18.1,7.9,22.6,9.3,79,64.68,19.63,34.55,7.12,-0.391901444616121
"AC-025","Climb","ClimbM","Yes","Elite","Ce/m",20,"Male","Mixed",NA,24,12,12,0,12,"NONE",57.8,176,89.5,179,40.7,48.2,28.1,47,41,26.45,24.4,7.6,6.74,7.34,17.7,7.3,21.9,8.3,86.5,69,22,38.3,7.04,0.394476296386822
"AC-026","Climb","ClimbM","No","Non-elite","Cn/m",51,"Male","White",NA,13,25,2.5,0,2.5,"NONE",74,180.75,98,182.5,38.4,47.35,28.7,48.65,42.65,29.95,27.9,8.5,7.33,7.75,19.1,8.5,22.5,8.9,82.75,69.93,21.28,35.4,7.54,2.5018463469787
"AX-043","Control","ControlM","Yes",NA,"X/m",26,"Male","White",NA,NA,NA,NA,5,5,"Run, Football",83.8,184,98.25,187.75,38.6,47.2,28.2,48.15,42.6,30.55,26.4,17.1,7.32,7.52,18.9,7.9,24.3,9.3,85.75,72.58,24.43,38.55,7.42,3.05350290977339
"AX-044","Control","ControlF","Yes",NA,"X/f",31,"Female","White",NA,NA,NA,NA,5,5,"Pilates",60.4,164,86.5,164.25,37.25,43.95,26,43.75,36.25,27.85,23,20.9,6.52,6.58,16.9,7.3,20.6,8.5,77.5,64,20.25,33.55,6.55,-2.85607831651966
"AX-045","Control","ControlM","Yes",NA,"X/m",31,"Male","White",NA,NA,NA,NA,3,3,"Swim, Row",69.8,177.25,93.5,180.5,39.6,46.6,28,47.6,40.8,26.4,28.2,11.7,7.95,7.64,18.7,8.3,23.4,9.4,83.75,69.85,22.25,37.15,7.79,1.64390824933971
"AX-046","Control","ControlF","Yes",NA,"X/f",28,"Female","White",NA,NA,NA,NA,0,0,"NONE",67.2,160,85,162.25,35.7,42.95,25.8,42.45,36.2,28.65,25.2,26.4,6.52,6.76,16.3,7.5,19.3,8.1,75,63.03,20.58,32.05,6.64,-3.74020154139009
"AX-047","Control","ControlF","Yes",NA,"X/f",30,"Female","White",NA,NA,NA,NA,2,2,"Yoga",65.9,169.75,91.5,169.5,36.5,43.55,25.65,44.25,36.8,27.7,23.6,25.2,7.21,7.28,17.7,7.7,22.4,8.6,78.25,66.35,22.1,34.7,7.25,-1.17653859297248
"AX-048","Control","ControlF","Yes",NA,"X/f",62,"Female","Mixed",NA,NA,NA,NA,2,2,"Cycle",70.5,161.5,84,167.25,36.7,43.95,27,44.9,37.1,29.25,23.15,29.1,6.7,6.97,17.7,7.6,21.7,9.2,77.5,65.08,20.18,33.55,6.83,-2.05159270127328
"AX-049","Control","ControlM","Yes",NA,"X/m",34,"Male","White",NA,NA,NA,NA,4,4,"Squash, Kayak, Gym",104.6,182.25,96.5,188,41.05,48.7,30.1,49.55,43.35,32.05,29.65,24,7.14,7.5,18.7,8.5,23.5,9.6,85.75,72.33,22.78,37.05,7.32,3.51384661109431
"AX-050","Control","ControlM","Yes",NA,"X/m",27,"Male","White",NA,NA,NA,NA,2,2,"Run, Cycle",81.1,181,97.5,177.5,38.3,47.4,28.05,46.85,39.9,28.3,27.3,13.5,7.04,7.24,18.8,8.8,23.2,8.9,83.5,68.8,21.95,36.1,7.14,1.49072006823518
"AR-069","Run","RunF","No","Non-elite","Rn/f",31,"Female","White",671,NA,2,5,9,14,"Cycle, Swim, Gym, Yoga",48.3,149.25,81,152.5,31.5,38.5,22.9,39.15,35,26.55,21.2,16.9,6.03,6.2,15.8,6.6,19.4,7.9,68.25,58.75,19.6,29.75,6.11,-6.7279418122124
"AX-051","Control","ControlF","Yes",NA,"X/f",18,"Female","Asian",NA,NA,NA,NA,4,4,"Climb, Gym",50.2,166.75,86.5,174.25,37.4,44.95,28.1,46.6,35.2,26.7,21.3,18.85,6.93,7.32,17.3,7.1,21.9,8.7,80.25,69.53,22.93,35.3,7.13,-1.48133732416586
"AX-052","Control","ControlM","Yes",NA,"X/m",18,"Male","Asian",NA,NA,NA,NA,10,10,"Cricket, Cycle, Gym, Climb",59.8,172.5,89.25,178,39,46.55,27.9,46.4,39.05,27.4,25.05,8,7.21,7.45,18.1,7.7,22.1,8.9,83.25,69.48,23.08,36.7,7.33,0.155135419371388
"AC-027","Climb","ClimbF","No","Non-elite","Cn/f",36,"Female","Asian",NA,10,1,15,7,22,"Cycle, Gym",57,161.5,85.25,167.75,37,43.85,25.8,43.1,37.65,26.7,25.45,11,6.71,7.41,17.5,7.7,20.2,8.3,76.25,65.05,21.95,32.4,7.06,-2.54751060619265
"AR-070","Run","RunM","No","Non-elite","Rn/m",20,"Male","White",499,NA,7.5,15,0,15,"NONE",78.1,177.25,94,174,38.25,45.75,27.15,46.35,39.45,29.4,26.7,14.15,7.02,7.36,17.9,8.2,22.9,9.5,83.25,67.28,20.93,37.5,7.19,0.571394086674789
"AR-071","Run","RunM","Yes","Elite","Re/m",24,"Male","White",725,NA,10,8,2,10,"Orienteering",67.1,179.5,93,178.75,40.25,47.75,27.6,46.8,38.6,27.95,24.1,10,6.94,7.5,19,8.2,24.2,9.7,86.5,70.08,23.28,38.75,7.22,1.46529257921553
"AX-053","Control","ControlF","Yes",NA,"X/f",27,"Female","White",NA,NA,NA,NA,0,0,"NONE",52.3,162.75,86.5,159.75,35.1,42.45,24.85,41.85,37.25,28.7,21.7,14.25,6.2,6.43,16.7,7.4,20.3,8.2,76.25,61.25,19.4,33.8,6.32,-3.63372345756217
"AR-072","Sprint","SprintF","Yes","Elite","RSe/f",22,"Female","Black",847,NA,6,18,3,21,"Yoga, Gym",60.3,167,87.5,175.75,38.15,45,28.2,47.1,37.15,26.65,23.3,10.25,7.06,7.22,18.2,7.2,21.3,8.9,79.5,69.3,22.2,34.5,7.14,-0.869618904061818
"AC-028","Climb","ClimbM","No","Non-elite","Cn/m",40,"Male","White",NA,21,10,4,1,5,"Cycle, Run",67.4,179.5,92.75,185.25,41.2,49.15,29.25,49.3,41.6,26.4,26.25,8.45,8.19,8.87,19.9,8.9,23.4,9.5,86.75,71.83,22.53,37.6,8.53,3.20123888841281
"AW-001","Walk","WalkF","Yes","Elite","We/f",23,"Female","White",925,NA,8,12,0,12,"NONE",61.3,172,91.5,174.5,37.55,44.4,26.35,45.3,39.4,29,22.15,12.2,7.16,7.27,18.5,7.4,21.1,8.2,80.5,67.55,22.25,36.1,7.22,-0.25628740383195
"AX-054","Control","ControlF","Yes",NA,"X/f",58,"Female","White",NA,NA,NA,NA,0,0,"NONE",57.2,168,89.25,169,37.65,45.1,25.65,44.95,35.2,30.35,23.1,16.3,6.95,7.24,18,7.3,21.2,8,78.75,66.9,21.95,33.65,7.09,-1.41211600060524
"AR-073","Run","RunF","No","Non-elite","Rn/f",22,"Female","White",303,NA,8,1.5,1,2.5,"Cycle, Swim, Gym",63.5,175.5,91,177.5,40.3,47.35,27.8,47,36.05,29,23.7,11.6,7.43,7.72,18.5,8.2,23.3,9.1,84.5,70.73,23.73,37.15,7.58,0.895117338402706
"AC-029","Climb","ClimbM","Yes","Elite","Ce/m",19,"Male","White",NA,26,4,20,2,22,"Run",63.6,174.5,91.5,177.75,39.35,47.95,28.1,47.4,40.15,29.45,26.5,4.35,7.08,7.45,18.2,8.2,24.7,9.6,83,68.8,21.4,35.05,7.26,1.30882352314127
"AC-030","Climb","ClimbF","No","Non-elite","Cn/f",24,"Female","White",NA,15.5,7,6,14,20,"Run, Yoga, Gym, Walk",68.4,170,89,167.5,37.8,45.15,26.5,43.75,36.75,28.8,26.45,21.8,6.18,6.46,17.1,7.4,20.4,8.8,81,65.38,21.63,35.85,6.32,-2.12193544766258
"AC-031","Climb","ClimbM","No","Non-elite","Cn/m",24,"Male","White",NA,17,1,12,2,14,"Yoga",64.7,183,95.5,184.25,40.45,49,27.5,47,42.55,29.5,26.65,7.8,7.23,7.56,18.6,7.8,24.4,8.5,87.5,70.85,23.85,38.5,7.4,2.62079252931844
"AC-032","Climb","ClimbM","No","Non-elite","Cn/m",25,"Male","White",NA,18,14,12,2,14,"Tennis, Squash, Badminton",70,175.5,94.5,170.75,38.35,46.45,26.75,45.65,39,27,28.25,14,6.55,7.21,17.1,8.3,23.4,9.4,81,65.88,20.23,34.55,6.88,-0.272769440032798
"AC-033","Climb","ClimbM","No","Non-elite","Cn/m",39,"Male","White",NA,17,17,10,10,20,"Run, Swim, Gym, Yoga",59.9,159,83.75,165.25,35.4,42.15,25.5,44,37.75,25.3,25.8,11.85,6.56,6.9,17.6,7.6,22.8,8.2,75.25,63.75,19.75,33.1,6.73,-2.91925577615772
"AC-034","Climb","ClimbM","No","Non-elite","Cn/m",50,"Male","Other",NA,19,32,6,1,7,"Run, Row",65.6,172.5,89,175.75,39.3,46.75,27.1,46.5,39.5,28,27.6,8,6.96,7.58,17.4,8.6,23,9.3,83.5,68.13,21.63,36.75,7.27,0.000783273569152834
"AC-035","Climb","ClimbM","No","Non-elite","Cn/m",29,"Male","White",NA,14,7,6,3,9,"Gym",69.4,169,89.5,174.75,37.7,45.3,27.05,46.75,39.65,28.1,28.3,11.35,7.33,7.96,18.8,8.1,23.3,8.3,79.5,67.55,20.8,34.2,7.65,0.362295588363221
"AC-036","Climb","ClimbM","No","Non-elite","Cn/m",25,"Male","White",NA,20,10,12,3,15,"Yoga, Swim",68,176,97.25,171.25,36,44.6,26,44.25,38.35,25.85,27.45,8.15,6.85,7.03,17.5,8,22.5,9.4,78.75,66.45,22.2,34.15,6.94,-0.716423487802736
"AC-037","Climb","ClimbM","Yes","Elite","Ce/m",27,"Male","White",NA,24,18,4,2,6,"Tennis, Squash, Run, Cycle",68.4,174.5,89.75,184.75,38.9,47.55,29.65,50.05,40,27.3,27.35,9.7,7.5,8.39,19.7,8.3,22.8,8.7,84.75,72.38,22.33,37.2,7.94,1.90056419243356
"AC-038","Climb","ClimbM","No","Non-elite","Cn/m",21,"Male","White",NA,23,5,8,10,18,"Row, Run",72.7,177.5,94,180.5,39.6,48.1,29.4,48.35,39.9,27.1,29,7.1,6.91,7.51,18.2,8.3,23.2,8.9,83.5,70.3,21.95,35.4,7.21,1.3745153502665
"AC-039","Climb","ClimbM","No","Non-elite","Cn/m",28,"Male","Asian",NA,19,5,3.5,2,5.5,"Run",63.8,169,87.5,176.5,38.7,45.85,27.5,45.65,41.65,27.1,27.05,8.2,6.78,7.26,18,8.2,23,9.4,81.5,67.43,21.78,35.65,7.02,-0.0729689131677333
"AC-040","Climb","ClimbF","No","Non-elite","Cn/f",26,"Female","White",NA,17,5,9,1.5,10.5,"Swim",60.1,164.25,87,162.5,37,44,25.15,42.9,36.15,25.3,25.15,12.05,6.5,6.84,17.5,7.9,20.7,8.3,77.25,63.18,20.28,33.25,6.67,-3.07531548552642
"AW-002","Walk","WalkM","Yes","Elite","We/m",24,"Male","White",1067,NA,13,8,0,8,"NONE",66.8,175,94.75,176.5,36.85,45,27.35,46.2,41.75,26.05,25.75,7.7,7.36,7.57,17.8,8.2,22.1,9,80.25,67.38,21.18,35.25,7.47,0.350797228367049
"AR-074","Sprint","SprintF","Yes","Elite","RSe/f",21,"Female","White",1013,NA,12,10,8,18,"Swim, Cycle, Gym",54.5,163,89,156.75,35.2,42.45,24,40.6,37.05,25.5,22.15,10.7,6.34,6.57,15.6,7.4,20.9,8,74,59.85,19.25,31.55,6.45,-4.17776859943511
"AR-075","Run","RunM","Yes","Elite","Re/m",20,"Male","White",774,NA,2,8,2,10,"Gym",69.1,189.25,96,194,43.25,51.7,30.85,51.15,41.55,26.9,24.35,6.35,7.87,8.11,19.8,8.2,24.5,9.1,93.25,76.23,25.08,41.55,7.99,4.61072683834541
"AR-076","Run","RunM","Yes","Elite","Re/m",18,"Male","Mixed",934,NA,6,5,0,5,"NONE",68.4,176.25,92.25,177.75,39.1,46.35,28.5,47.8,39.65,26.9,25.35,9.35,7.09,7.53,18.3,7.8,23.5,9,84,69.05,21.25,37.65,7.31,0.971164152987462
"AR-077","Run","RunM","Yes","Elite","Re/m",20,"Male","White",966,NA,5,9,0,9,"NONE",63.8,174.25,88.75,181,41,49,28.1,47.3,39.3,28.35,25.25,7.4,6.86,7.31,18.7,8.1,22.4,9,85.5,70.85,23.55,36.5,7.09,0.818182555762544
"AR-078","Run","RunM","Yes","Elite","Re/m",22,"Male","White",1047,NA,12,6,0,6,"NONE",65.5,173.5,90.25,178,38.75,45.65,28.55,47.05,39.9,26.55,25.85,9.9,6.88,7.48,18.5,7.5,22.6,9.2,83.25,69.05,22,37.6,7.18,0.4763963322313
"AR-079","Sprint","SprintM","Yes","Elite","RSe/m",25,"Male","Black",860,NA,10,4,7,11,"Long Jump",88,190,94.75,195.5,46.1,53.45,32.85,54.6,44.15,28.25,29.85,5.4,8.36,7.79,21.5,8.8,26.3,10.2,95.25,75.68,21.08,41.8,8.07,6.69231334148798
"AW-003","Walk","WalkF","Yes","Elite","We/f",25,"Female","White",703,NA,9,10,0,10,"NONE",73.6,171,91,168,38.25,45.45,26.3,43,37.15,27.7,25.95,26.95,5.7,6.5,16.4,7.5,20.6,8.1,80,65.43,22.43,34.55,6.1,-2.2732784513995
"AW-004","Walk","WalkF","Yes","Elite","We/f",23,"Female","White",886,NA,11,6,0,6,"NONE",46.8,156.25,85.5,155,33.75,39.5,23.5,39,35.1,26.55,20.85,11,6.06,6.13,15.1,7.2,19.1,7.4,70.75,59.95,20.95,31.25,6.1,-5.87620243429847
"AW-005","Walk","WalkM","Yes","Elite","We/m",27,"Male","White",1143,NA,15,10,0,10,"NONE",64.5,172.5,93.5,175,35.85,43.65,27.25,45.95,41.45,27.2,25.4,6.2,7.15,7.23,18.6,8.4,22.4,9.4,79,66.78,20.83,35.35,7.19,0.157919690255693
"AR-080","Run","RunM","Yes","Elite","Re/m",19,"Male","White",915,NA,10,10,0,10,"NONE",63,167.75,90.75,170.25,35.1,43.5,26.15,44.85,39.7,25.2,24.5,6.6,7.02,7.31,17.5,7.9,22.7,8.9,77,65.28,20.43,33.5,7.16,-1.38710006577394
"AR-081","Run","RunF","Yes","Elite","Re/f",23,"Female","Mixed",1101,NA,10,15,0,15,"Swim, Cycle",55.7,163.5,86,167,37.3,43.7,26.35,44.95,36.4,26.35,21.75,11.7,7.16,7.73,17.8,8.2,21.5,8.3,77.5,65.3,20.35,33.8,7.44,-1.88735013364754
"AR-082","Run","RunM","Yes","Elite","Re/m",31,"Male","White",945,NA,3,8,5,13,"Hike",60.6,177.25,93.25,174.25,38.15,46.45,26.95,45.6,41.05,27.45,23.55,5,7.6,7.86,18.4,8.2,22.1,8.5,84,66.6,21,37.55,7.73,0.771246079104849
"AR-083","Run","RunF","Yes","Elite","Re/f",32,"Female","White",1212,NA,20,15,0,15,"Gym",57.9,172,91.25,173.5,37.9,44.8,26.85,45.4,38.7,27.3,22.85,7,7.11,7.19,17.9,7.6,21.5,8.6,80.75,67.4,22,35.95,7.15,-0.565664117761227
"AR-084","Run","RunM","Yes","Elite","Re/m",27,"Male","White",918,NA,16,10,3,13,"Cycle, Gym",64.7,176,90.25,176,39.05,47.65,27.35,45.75,39.3,28.05,25.25,5.65,7.07,7.43,18,7.7,24.7,9.3,85.75,68.35,22.6,38.1,7.25,0.735091530980121
"AX-055","Control","ControlF","Yes",NA,"X/f",47,"Female","White",NA,NA,NA,NA,0,0,"Walk",73.8,165.5,89.75,162.25,37.25,44.65,25.05,43.15,39.42,27.9,24.9,27.4,7.12,7.38,17.6,7.6,20.1,8.5,75.75,61.42,18.27,31.1,7.25,-1.91483355241285
"AC-041","Climb","ClimbM","Yes","Elite","Ce/m",47,"Male","White",NA,24,33,5,5,10,"Surf, Run, Cycle",77,179.5,95.75,190.75,39.25,46.8,28.5,49.5,42.2,28.25,29.4,7.05,7.44,7.57,19.7,8.6,23.4,9.8,83.75,74.28,24.78,36.95,7.5,2.75935524047546
"AC-042","Climb","ClimbM","Yes","Elite","Ce/m",21,"Male","White",NA,25,16,12,1,13,"Run",80.9,191,100.25,193.75,40.7,49.65,30.95,51.85,40.95,30.25,29.75,6.8,7.88,7.96,20,8.8,25.3,9.6,90.75,76.4,24.55,41.1,7.92,5.10700020459089
"AC-043","Climb","ClimbM","Yes","Elite","Ce/m",21,"Male","White",NA,25,6,8,2,10,"Run, Surf",75.7,185.5,95.75,188.25,42.9,51.3,29,48.4,43.4,28.95,26.4,11.95,7.16,7.67,18.9,8.3,23.1,9,89.75,72.43,24.03,38.45,7.41,3.36395157080184
"AC-044","Climb","ClimbM","Yes","Elite","Ce/m",30,"Male","White",NA,25,16,10,4,14,"Gym",67.8,174,94,175.5,37.6,45.8,27.95,46.75,39.4,27.65,28.2,6.65,6.47,6.93,17.4,7.7,21.9,8.2,80,68.05,21.3,34.2,6.7,-0.292206011444593
"AC-045","Climb","ClimbM","Yes","Elite","Ce/m",58,"Male","White",NA,24,40,8,8,16,"Run, Walk, Cycle",62.1,178,94.5,182.25,38.55,46.9,28.75,48.15,39.55,28.4,26.65,4.65,7.06,7.81,18.9,8.3,22.5,9.1,83.5,71.35,23.2,36.6,7.43,1.53215490466678
"AC-046","Climb","ClimbM","Yes","Elite","Ce/m",32,"Male","Mixed",NA,27,14,20,0,20,"NONE",58.8,170,93.5,171,35.4,42.7,25.5,44.05,40.35,25.85,27.2,5.6,6.68,7.01,17.3,7.8,24.4,9.3,76.5,65.33,21.28,33.8,6.84,-0.936602308838059
"AC-047","Climb","ClimbM","Yes","Elite","Ce/m",41,"Male","White",NA,27,27,9,0,9,"NONE",71.7,183.25,91.5,197.25,42.1,50.9,31.5,52.9,39.2,26.7,27.9,6.05,7.68,7.89,20.6,8.8,24.7,8.7,91.75,79.03,26.13,40.85,7.78,3.98733249656734
"AC-048","Climb","ClimbF","Yes","Elite","Ce/f",30,"Female","White",NA,23,21,8,0,8,"NONE",52.3,171.25,87.25,168.25,39,46.25,25.85,44.4,36.35,27.5,23,9.3,6.95,7.03,17.2,7.2,22.5,7.9,84,65.95,21.55,37.75,6.99,-1.44070028937479
"AC-049","Climb","ClimbF","Yes","Elite","Ce/f",30,"Female","White",NA,27,20,20,1,21,"Run",56.4,167.5,88.25,167,36.95,44.7,26.55,44.55,35.4,26,24.3,10.35,6.92,7.74,17.8,7.6,23.1,7.9,79.25,65.8,21.25,34.55,7.33,-1.47452628094739
"AC-050","Climb","ClimbM","Yes","Elite","Ce/m",35,"Male","White",NA,28,21,16,4,20,"Firefighting",77.1,187.5,98,193,42.3,49.65,28.5,49.65,44.05,30.4,29.35,5,7.66,8.2,20.2,8.7,25.4,9,89.5,74.48,24.83,39.85,7.93,4.98283325148878
"AC-051","Climb","ClimbF","Yes","Elite","Ce/f",23,"Female","White",NA,24,12,16,0,16,"NONE",53.7,161.75,88,159.25,35.7,42.4,25.2,42.2,36.15,25.25,22.25,15.3,6.08,6.8,16.6,6.8,20,7.4,73.75,61.55,19.35,31.35,6.44,-3.93994393672016
"AC-052","Climb","ClimbM","Yes","Elite","Ce/m",25,"Male","White",NA,29.5,13,15,0,15,"NONE",61.8,173.5,91.25,179.5,38.1,46.55,28.4,47.45,40.85,26.8,25.9,4.75,7.14,7.07,18.1,8.1,22.9,8.9,82.25,69.33,21.88,35.7,7.1,0.506686633211046
"AC-053","Climb","ClimbM","Yes","Elite","Ce/m",29,"Male","White",NA,24,26,8,2,10,"Run, Ski, Cycle",83,171.75,95.75,177.75,35.95,44.2,27,46.65,41.35,28.9,31.15,7.85,6.83,7.3,19,8.5,23.2,9.1,76,68.2,21.55,31.8,7.07,0.718909675456192
"AC-054","Climb","ClimbM","No","Non-elite","Cn/m",23,"Male","White",NA,21,2.5,7,3,10,"Run, Cycle",71.4,180.5,96.75,178,38.55,46.4,26.75,46.35,39.4,26.7,27.9,5.05,7.24,7.45,17.6,7.8,22.9,8.6,83.75,69.3,22.95,37.35,7.34,0.72153300046365
"AC-055","Climb","ClimbM","Yes","Elite","Ce/m",21,"Male","White",NA,28.5,6,8,0,8,"NONE",71.4,180.75,93.5,187.5,40.45,48.8,29.15,48.25,40.8,26.65,29,7.1,7.17,7.55,18.7,8.4,21.9,8.7,87.25,73.35,25.1,38.45,7.36,1.82246436184501
"AC-056","Climb","ClimbM","No","Non-elite","Cn/m",34,"Male","White",NA,20,7,12,1.5,13.5,"Run",68.5,176.75,95.25,176.25,37.7,46.6,28.6,47.75,41.05,27.45,27.1,5.15,7.05,7.91,19.2,8.8,23.3,8.9,81.5,67.6,19.85,34.9,7.48,1.5186731577621
"AC-057","Climb","ClimbM","No","Non-elite","Cn/m",57,"Male","White",NA,20,40,20,7,27,"Hike",77.4,180.25,93,182.75,40.85,49.3,29.55,49.45,38.8,30.5,26.35,8.55,7.41,7.82,19.2,8.7,24.7,9.2,87.25,71.98,22.53,37.95,7.61,2.77375024376975
"AC-058","Climb","ClimbM","No","Non-elite","Cn/m",25,"Male","White",NA,20,15,14,0,14,"NONE",69.1,177.5,93,176.75,38.85,47.55,28.15,47.4,35.5,28.1,27.65,12.55,7.1,7.35,18.7,8.1,22.7,8.7,84.5,70.63,23.23,36.95,7.22,0.516592051180733
"AC-059","Climb","ClimbF","Yes","Elite","Ce/f",18,"Female","White",NA,25,12,36,0,36,"NONE",56.7,160.25,86.25,163.5,34.45,41.6,25.4,43.3,35.8,25.75,25.45,14.9,6.26,6.59,16.8,7.3,21.2,8.5,74,63.85,20.55,32.4,6.43,-3.80433030015164
"AC-060","Climb","ClimbM","No","Non-elite","Cn/m",28,"Male","White",NA,22,10,10,0,10,"NONE",69.2,183,95,184.25,40.65,48.4,29.35,49.4,40.45,28.85,27.4,7,6.96,7.28,18.8,8.2,23.1,8.8,88,71.9,22.5,39.6,7.12,2.28104303615638
"AR-085","Run","RunM","Yes","Elite","Re/m",33,"Male","White",785,NA,10,4,10,14,"Cycle, Swim",67.7,174.75,95.5,179.25,38,46.45,28.35,48.5,39.35,28.2,24.35,9.6,7.29,8.09,19.3,8.7,23.9,8.5,79.25,69.95,21.45,32.8,7.69,1.72805277011423
"AX-056","Control","ControlF","Yes",NA,"X/f",34,"Female","Black",NA,NA,NA,NA,6,6,"Gym, Yoga",68.2,164.25,83.75,172,39.5,45.6,27.5,45.9,38.35,27.55,24.55,22,7.09,7.07,18,7.6,22.3,8.9,80.5,66.83,20.93,34.9,7.08,-0.995912922838269
"AR-085.5","Sprint","SprintM","Yes","Elite","RSe/m",53,"Male","Mixed",718,NA,25,20,6,26,"Gym",79.6,182.75,96.5,187.75,40.8,48.2,30.2,50.45,42.25,28.6,28.95,5.25,7.59,7.74,19.4,9.1,24.8,9.6,86.25,72.75,22.3,38.05,7.66,3.69764462625451
"AR-086","Sprint","SprintM","Yes","Elite","RSe/m",53,"Male","Black",710,NA,28,6,6,12,"Gym, Football",69.1,169,86.5,176.75,40.65,47.4,27.2,46.45,41.75,25.4,27,8.45,7.04,7.8,18.2,7.7,23.1,9.9,82.5,67.5,21.05,35.1,7.42,0.235215118345006
"AR-087","Sprint","SprintF","Yes","Elite","RSe/f",62,"Female","Mixed",650,NA,30,8,0,8,"NONE",66.2,167.75,86.75,173,38.9,46.3,27.45,46.3,38.65,29.35,24.55,10.55,7.67,7.89,18.5,8.4,24.6,9.3,81,67.18,20.88,34.7,7.78,0.567513113094973
"AR-088","Run","RunF","No","Non-elite","Rn/f",37,"Female","White",611,NA,20,7.5,2,9.5,"Gym, Swim, Cycle",59.5,166,89,162,37.45,44.15,25.45,43.75,36.45,28.65,22.9,20.55,6.63,7.15,17.3,7.4,22.4,8.9,77,62.78,19.03,32.85,6.89,-1.95873495982046
"AR-089","Run","RunF","Yes","Elite","Re/f",40,"Female","White",1042,NA,30,14,5,19,"Golf, Hike, Cycle",49.7,169,92.25,161,35.35,43.1,24.8,41.6,35.8,28,21.55,6.9,6.87,7.12,17.1,7.8,20.1,8.5,76.75,62.6,21,33.65,6.99,-2.63803779565669
"AR-090","Run","RunF","Yes","Elite","Re/f",41,"Female","White",811,NA,36,4.5,2,6.5,"Cycle, Hike",57.6,175.5,93.5,173.5,38.8,46.7,26.4,46.15,36.7,28.95,23.35,10.2,7.48,7.87,18.9,8.1,23.8,9.2,82,68.4,22.25,35.3,7.68,0.81123504443573
"AR-091","Run","RunF","Yes","Elite","Re/f",45,"Female","White",825,NA,20,7,2,9,"Gym",57.5,168.25,88.25,169.5,36.45,43,26.45,44.5,35.2,28.75,22.85,12.8,6.33,6.72,17.1,7.2,20.6,7.9,80,67.15,22.65,37,6.52,-2.37885148650986
"AR-092","Run","RunM","Yes","Elite","Re/m",52,"Male","White",753,NA,49,13,0,13,"NONE",62.9,174.5,91.75,176.5,39.1,46.25,28.75,47.75,36,28.15,25.15,7.45,6.86,7.37,17.9,7.9,22.3,8.3,82.75,70.25,22.5,36.5,7.12,0.1267036027879
"AR-093","Sprint","SprintM","Yes","Elite","RSe/m",46,"Male","White",683,NA,35,10,5,15,"Gym, Row, Cycle",73.8,175,91,181.75,39,46.95,28.1,47.9,42.05,28.95,26.7,4.4,6.98,7.59,18.4,8.4,24.7,10.1,84,69.85,21.95,37.05,7.28,1.61295527432914
"AW-006","Walk","WalkF","Yes","Elite","We/f",46,"Female","White",742,NA,11,4,6,10,"Swim, Cycle, Run",81.6,172.5,93.25,173.5,37,44.2,26.05,45.25,39,29.85,24.8,29.7,7.38,6.74,18.5,7.7,22.3,8.3,79.25,67.25,22,35.05,7.06,-0.094724280385857
"AW-007","Walk","WalkF","Yes","Elite","We/f",55,"Female","White",742,NA,5,18,9,27,"Run, Swim",52.8,165.5,88.75,167.5,36.35,42.75,25.4,43.65,39.05,27.25,19.4,8.5,6.59,6.33,17.3,7,20.6,7.5,76.75,64.23,20.58,34,6.46,-2.45232314305152
"AR-094","Sprint","SprintM","Yes","Elite","RSe/m",46,"Male","White",718,NA,14,6,4,10,"Gym, Walk",84.3,182.5,95.5,184.25,40.45,49,30.1,49.8,41.75,29.8,28.1,11.35,7.26,7.56,19.5,9,22.6,9.2,87,71.25,21.45,38,7.41,2.93708079674662
"AR-095","Sprint","SprintF","Yes","Elite","RSe/f",52,"Female","Black",768,NA,10,6,3,9,"Netball",88.4,175,92.5,179.75,40.25,48.3,28.3,47.9,38.95,28.75,28.65,25.3,7.22,8.14,19.3,8.7,24.3,9.6,82.5,70.4,22.5,34.2,7.68,1.92913495241736
"AR-096","Sprint","SprintF","Yes","Elite","RSe/f",51,"Female","Black",761,NA,35,15,0,15,"NONE",59.2,162.75,85.5,167.25,36.9,43.4,27.4,45.85,36.95,25.4,24.75,8.8,6.82,6.87,17.8,7.8,22.7,9.5,77.25,65.15,19.3,33.85,6.85,-1.97922941564758
"AR-097","Run","RunF","Yes","Elite","Re/f",50,"Female","White",729,NA,32,7,3,10,"Cycle",56.5,156,84.25,159.75,34.3,40.45,25.65,42.5,34.55,28.05,21.45,11.5,6.79,6.43,16.3,7.3,21.3,8.4,71.75,62.6,20.1,31.3,6.61,-4.13140331789003
"AR-098","Sprint","SprintF","Yes","Elite","RSe/f",37,"Female","Mixed",870,NA,11,6,4.5,10.5,"Gym, Cycle",57.9,163.25,85,161.5,35.75,42.3,24.1,41.7,36.65,24.85,24,9.7,6.77,6.95,17.2,7.6,20.8,8.4,78.25,62.43,20.73,35.95,6.86,-3.59806065704303
"AR-099","Sprint","SprintF","Yes","Elite","RSe/f",36,"Female","White",817,NA,2,9,0,9,"NONE",66.6,169.75,92.75,163,36.45,44,25,42.5,37.85,27.8,24.75,10.8,7.08,7,17.5,8.6,20.9,8.6,77,62.58,20.08,33,7.04,-1.80577858872428
"AR-100","Run","RunM","Yes","Elite","Re/m",32,"Male","White",1016,NA,15,13,0,13,"NONE",66.2,179,92,185.75,40.2,48.2,28.45,48.65,42.3,26.65,25.25,6.75,7.31,7.39,18.2,7.5,24.5,9.9,87,71.73,23.08,38.8,7.35,1.94619454845212
"AR-101","Sprint","SprintF","Yes","Elite","RSe/f",24,"Female","White",775,NA,2,9,2,11,"Yoga",65.6,177.25,93,172.25,41.05,48,27.3,45.5,36.45,28.15,23.8,14.55,6.95,7.38,17.7,7.9,21.5,8.3,84.25,67.9,22.4,36.25,7.16,0.0335787943453674
"AR-102","Run","RunF","Yes","Elite","Re/f",30,"Female","White",869,NA,9,7,5,12,"Cycle, Swim, Gym",58.1,166.5,85.5,170.25,36.7,44.55,25.8,43.85,36.15,27.7,23,13.6,6.92,7.11,17.2,7.9,20.4,8.7,81,67.05,23.2,36.45,7.01,-2.41432374671287
"AR-103","Run","RunF","Yes","Elite","Re/f",48,"Female","White",834,NA,15,12,5,17,"Cycle, Gym, Yoga",53.3,163,85.5,162.5,35.85,43.05,25.9,43.8,34.55,26.25,23,12.5,6.64,6.98,17.6,7.8,20.4,7.9,77.5,63.98,20.18,34.45,6.81,-3.26685878552352
"AC-061","Climb","ClimbF","Yes","Elite","Ce/f",25,"Female","White",NA,22,19,5,2,7,"Swim, Gym, Poledance",67.5,166.5,88.75,170,36.5,43.75,26.3,45,37.7,29.05,26.65,13,7.23,7.22,18.3,7.7,21.9,8.5,77.75,66.15,21.15,34,7.23,-1.06123178065783
"AC-062","Climb","ClimbF","Yes","Elite","Ce/f",21,"Female","White",NA,23,8,20,0,20,"NONE",70.8,168.25,89.75,170,36.2,44.3,25.8,43,39.65,28.6,27.2,16.6,6.4,6.74,16.8,7.6,21.7,9.1,78.5,65.18,22.18,34.2,6.57,-1.77720567490026
"AC-063","Climb","ClimbM","No","Non-elite","Cn/m",25,"Male","White",NA,21,6,9,6,15,"Cycle, Cricket",68.6,182.25,94.5,182.5,41.35,49.25,29.1,48.55,40.45,27.2,27.25,6.9,7.31,7.87,19.2,8.6,22.5,9.7,87.75,71.03,22.48,38.5,7.59,2.32026431221628
"AR-104","Sprint","SprintM","Yes","Elite","RSe/m",18,"Male","Black",946,NA,2,7,2,9,"Football",66.1,169.75,90.75,180,38.05,44.35,28.45,47.25,42.1,25.15,25.9,6.15,6.78,7.61,18.3,8.1,23.2,9.1,79,68.95,21.7,34.65,7.2,0.479382617764167
"AR-105","Sprint","SprintM","Yes","Elite","RSe/m",18,"Male","Black",685,NA,4,4,4,8,"High Jump, Long Jump",72.9,180.75,90.25,194.75,43.65,50.7,30.6,50.7,43.55,27.25,25.7,7.75,8.04,8.58,19.7,8.5,23.7,9.2,90.5,75.6,24.9,39.8,8.31,4.16083293199957
"AR-106","Sprint","SprintM","Yes","Elite","RSe/m",19,"Male","Black",689,NA,4,8,5,13,"Cycle",68.5,174.75,90.25,187.75,39.95,47,29.7,48.95,43.4,28.5,26.3,6.25,7.3,7.7,19.1,8.1,24.7,9.4,84.5,72.18,23.23,37.5,7.5,2.62807123579308
"AR-107","Sprint","SprintM","Yes","Elite","RSe/m",18,"Male","Black",977,NA,3,3,0,3,"NONE",73.1,175.25,90.75,183,40.3,47.45,28,49.1,41.7,25.25,28.1,6.7,7.99,9.05,19.5,8.9,24.6,9.6,84.5,70.65,21.55,37.05,8.52,2.45639614102815
"AR-108","Sprint","SprintF","Yes","Elite","RSe/f",20,"Female","White",771,NA,11,8,20,28,"Hockey, Row, Tennis, Horse riding",66.8,169.5,89.75,170.75,37.85,45.9,26.65,45.05,37.9,28.6,26,12.9,6.55,6.64,16.6,7.7,21.6,8.9,79.75,66.43,21.38,33.85,6.59,-1.57448873964725
"AR-109","Sprint","SprintM","Yes","Elite","RSe/m",18,"Male","White",749,NA,9,10,2,12,"Boxing",75.6,185.25,98,188.25,39.7,48.25,27.75,48.8,41.9,29.6,27.1,8.3,7.68,7.87,18.9,7.9,25.1,9.7,87.25,73.18,24.38,39,7.78,3.37845179661585
"AR-110","Sprint","SprintM","Yes","Elite","RSe/m",18,"Male","Black",864,NA,8.5,5.5,0,5.5,"NONE",71.7,177,88.5,189.5,43.6,51,30.35,51,41.6,24.65,26.9,8,7.83,8.35,20,8.7,26.3,9.7,88.5,73.95,22.95,37.5,8.09,3.61918440056148
"AR-111","Sprint","SprintF","Yes","Elite","RSe/f",18,"Female","Black",876,NA,5,6,4,10,"Hammer throwing",63.4,164,87,170,38.1,44.1,27.2,45.5,36,27.15,23.65,10.5,6.76,6.87,18.2,7.8,22.2,9.5,77,67,21.5,32.9,6.81,-1.524382055094
"AR-112","Sprint","SprintM","Yes","Elite","RSe/m",18,"Male","White",728,NA,11,9,7.5,16.5,"Gym",76.2,184,94.5,184.5,42.35,51.3,28.85,48.1,40.4,27.8,27.3,10.8,7.15,7.48,18.2,8.4,22.6,9.4,89.5,72.05,23.95,38.2,7.32,2.17012438467425
"AR-113","Sprint","SprintF","Yes","Elite","RSe/f",25,"Female","White",871,NA,12,10,2,12,"Swim",58.5,169.25,87.5,168.5,38.15,45.65,26,44.95,36.5,27.2,21.6,12.15,7.31,7.29,17.2,7.6,21.4,8.2,81.75,66,21.05,36.1,7.3,-1.62261817734827
"AR-114","Sprint","SprintM","Yes","Elite","RSe/m",20,"Male","White",1000,NA,10,9,2,11,"Swim, Gym",71.9,179,95.5,182.5,40.25,48.15,28.7,47.7,39.75,26.9,25.7,9.2,6.95,7.59,18.2,8.3,23.1,9.3,83.5,71.38,23.68,35.35,7.27,1.55189315303849
"AR-115","Sprint","SprintF","Yes","Elite","RSe/f",35,"Female","Black",1079,NA,18,20,0,20,"NONE",67.3,169.75,85.25,177.75,41.5,47.95,29.4,49.3,38.3,26.55,25,8.75,7.12,7.46,18.4,7.9,23.3,8.6,84.5,69.73,20.43,36.55,7.29,0.496134103335702
"AR-116","Sprint","SprintF","Yes","Elite","RSe/f",24,"Female","White",732,NA,7,10,6,16,"Cycle, Climb",57.3,161.25,87,161,35.7,42.3,24.7,42.6,34.2,28,22.1,13.4,6.81,7.08,16.9,7,20.6,8.1,74.25,63.4,20.8,31.95,6.95,-3.45654618946143
"AR-117","Sprint","SprintF","Yes","Elite","RSe/f",26,"Female","White",1032,NA,16,12,3,15,"Yoga, Pilates, Football",63.4,168.5,91.5,170.25,36.1,43.55,25.65,44.65,37.8,27.95,25.1,9.25,7.15,7.26,18.1,8.2,22.2,8.7,77,66.23,21.58,33.45,7.21,-1.0682776624769
"AR-118","Sprint","SprintM","Yes","Elite","RSe/m",25,"Male","Black",995,NA,15,4,12,16,"",65.8,171.25,88.5,178.25,39.15,46,28.3,46.9,42.3,26.35,26.3,4.95,6.29,6.52,17.2,7.5,22.3,8.4,82.75,67.98,21.08,36.75,6.4,-0.408539880010494
"AR-119","Run","RunF","Yes","Elite","Re/f",33,"Female","White",1040,NA,20,9,1,10,"",53.7,168.25,91.25,165,37,44.05,26.2,44.5,34.65,27.9,23,14.85,6.888888889,7.39,17.1,7.6,22,8.7,77,65.18,20.68,32.95,7.14,-1.78140980841534
"AR-120","Run","RunM","Yes","Elite","Re/m",19,"Male","Mixed",846,NA,3,12,2,14,"Swim",67.5,184.25,96,188.25,41.85,50.35,29.35,49.3,41.35,29.4,24.2,6,7.48,7.64,19.4,8,24.4,9,88.25,73.45,24.15,37.9,7.56,3.57222193460685
"AR-121","Sprint","SprintF","Yes","Elite","RSe/f",26,"Female","White",839,NA,4,8,5,13,"Dance",62.7,168.5,92,160.5,36.85,43.9,24.2,41.55,37.5,27.5,23.4,11.5,6.08,6.46,15.9,7.4,20.9,7.7,76.5,61.5,19.95,32.6,6.27,-3.1107895482569
"AR-122","Sprint","SprintF","Yes","Elite","RSe/f",20,"Female","White",834,NA,12,10,4,14,"Gym",59.9,159.5,86,162.5,34.7,41.95,24.7,41.85,37.5,27.9,23.55,13.15,6.34,6.79,16.5,7.5,21.8,7.6,73.5,62.5,20.65,31.55,6.57,-3.44973643937947
"AX-057","Control","ControlM","Yes",NA,"X/m",27,"Male","White",NA,NA,NA,NA,7,7,"Gym, Football, Tennis",71.5,178,92.75,177.25,39.65,47.5,28.6,47.55,40.55,29.35,27.2,10.35,7.31,7.6,18.4,8.1,23.7,8.5,85.25,68.35,20.8,37.75,7.46,1.67544941005663
"AR-123","Run","RunM","Yes","Elite","Re/m",22,"Male","White",899,NA,13,10,0,10,"NONE",66,180.75,94.5,184.75,39.8,46.95,28.7,48.2,41.8,26.85,24.3,4.9,7.56,7.79,19.2,8.1,22.9,8.5,86.25,71.48,23.28,39.3,7.68,2.2991546795191
"AR-124","Sprint","SprintM","Yes","Elite","RSe/m",18,"Male","Black",1037,NA,9,8,2,10,"Basketball, Football, Gaelic football",79.9,177,89.5,189.75,41.75,48.7,29.7,49.55,40.95,27.85,28.95,8.1,8.37,8.71,20.3,8.9,24.3,9,87.5,74.4,24.85,38.8,8.54,3.56970432102495
"AR-125","Sprint","SprintF","Yes","Elite","RSe/f",18,"Female","White",1017,NA,7,7,0,7,"NONE",65.8,169.75,90.75,171.5,38.7,46.25,27.45,45.6,35,27.05,24.95,14,7.45,7.73,18.2,7.9,23.6,8.3,79,68.25,22.65,32.75,7.59,-0.196301409027131
"AR-126","Sprint","SprintF","Yes","Elite","RSe/f",18,"Female","Mixed",1056,NA,7,12,0,12,"NONE",57.7,168,88.25,172.25,39.45,46.7,27,45.45,37.55,26.35,22.4,7.2,7.04,7.27,17.3,7,23.2,8.1,79.75,67.35,21.9,33.05,7.16,-0.805421535370429
"AR-127","Sprint","SprintM","Yes","Elite","RSe/m",23,"Male","Black",925,NA,13,20,0,20,"NONE",77,173.5,90.25,184.25,40.55,47.2,28.1,47.95,44.1,25.75,30.3,4.6,6.92,7.47,18.8,8.2,23.2,8.4,83.25,70.08,22.13,36.05,7.2,1.45172662002237
"AR-128","Sprint","SprintM","Yes","Elite","RSe/m",18,"Male","White",747,NA,5,10,2,12,"Rugby",76.7,173.5,93.5,177.75,37.6,45.3,26.25,45.9,43.15,28.3,29.7,5.7,7.95,7.86,19.2,9.3,25.1,9.5,80,67.3,21.4,34.7,7.9,1.80678856638505
"AR-129","Sprint","SprintM","Yes","Elite","RSe/m",18,"Male","Asian",971,NA,9,8,0,8,"NONE",71.8,175.25,93.5,175,38.6,45.5,27.3,45.65,42.45,26.3,25,8.95,6.63,7.41,18.3,8.2,24,9.5,81.75,66.28,20.63,36.25,7.02,0.790680509009149
"AR-130","Sprint","SprintF","Yes","Elite","RSe/f",20,"Female","White",895,NA,12,12,0,12,"NONE",68.4,171.75,90.25,176,39.45,46.8,26.35,45.35,38.85,27.8,25.4,10.55,7.26,7.88,19,8.1,22.8,8.6,81.5,68.58,23.23,34.7,7.57,0.47092279382016
"AR-131","Run","RunM","Yes","Elite","Re/m",18,"Male","White",772,NA,8,10,0,10,"NONE",64.3,176.25,92.75,178,39.3,46.75,26.65,46.65,40.55,27.3,24.5,7.9,7.29,7.89,19.1,7.7,23.1,9.3,83.5,68.73,22.08,36.75,7.59,1.17122568421042
"AR-132","Sprint","SprintM","Yes","Elite","RSe/m",18,"Male","White",912,NA,8,13,0,13,"NONE",73.6,183.5,95.5,185.75,41.6,49.5,28.8,48.6,40.5,26.55,26.6,5.1,7.64,7.9,18.7,8.4,24.7,9.7,88,72.63,24.03,38.5,7.77,2.87439868119131
"AR-133","Sprint","SprintM","Yes","Elite","RSe/m",18,"Male","White",918,NA,6,5,0,5,"NONE",77.8,184,100.5,182.5,40,48.05,28.4,47.1,41.75,29.35,25.5,7.1,7.32,7.7,18.3,7.8,24.6,9.6,83.5,70.38,23.28,35.45,7.51,2.97551246555297
"AR-134","Run","RunM","Yes","Elite","Re/m",20,"Male","White",834,NA,5,6,0,6,"NONE",64.9,172.75,92,173.75,38.55,46,27.15,45.05,38.8,25.7,25.3,9.7,6.22,6.89,16.5,7.9,22.4,9.2,80.75,67.48,22.43,34.75,6.55,-1.09449256525082
"AR-135","Run","RunF","No","Non-elite","Rn/f",24,"Female","White",418,NA,4,4,2,6,"Cycle, Swim",63.4,172.25,92,168.25,37.1,44.35,26.3,45.25,36.8,27.7,23.45,14.05,6.98,7.47,18.6,7.4,23.2,8.9,80.25,65.73,20.48,35.9,7.22,-0.479796244606376
"AX-058","Control","ControlM","Yes",NA,"X/m",22,"Male","White",NA,NA,NA,NA,14,14,"Row, Gym, Cycle",88.9,189,99.5,190.5,41.35,50.3,29.8,50.8,43.1,28.85,30.2,12.1,7.68,7.27,19.6,8.6,25.4,9.9,89.5,73.7,22.9,39.2,7.47,4.44068903978154
"AX-059","Control","ControlF","Yes",NA,"X/f",24,"Female","White",NA,NA,NA,NA,4,4,"Powerlift",53.2,161.5,88.5,158.5,34.35,41.2,23.85,41,33.85,26.85,21.8,13.05,6.35,6.62,16.3,7.1,21,7.6,73,62.33,21.33,31.8,6.49,-4.31442511076122
"AR-136","Run","RunF","Yes","Elite","Re/f",26,"Female","White",1048,NA,15,12,2,14,"Gym",52.1,167.75,87,165,36.95,44.6,24.75,42.75,35,28.5,21.7,9.05,6.57,6.77,16.4,7.3,21.4,7.8,80.75,65,22.25,36.15,6.67,-2.89175679320007
"AR-137","Run","RunF","Yes","Elite","Re/f",21,"Female","White",842,NA,9,14,6,20,"Cycle, Swim",55.8,165,88,162.75,35.7,43.65,25.7,43.25,36.2,26.5,23.25,12.65,6.43,6.78,16.6,7.2,21.6,8.4,77,63.28,20.03,33.35,6.61,-3.02937669796018
"AR-138","Run","RunF","No","Non-elite","Rn/f",21,"Female","Asian",141,NA,1,1,1,2,"Cycle, Hike",60.6,165.75,84.5,174,37.95,44.95,27.8,46.5,36.35,27.75,23.35,15.95,6.61,7.11,16.8,7.4,21.8,8.1,81.25,68.83,22.33,36.3,6.86,-1.75030659022869
"AR-139","Run","RunF","No","Non-elite","Rn/f",24,"Female","White",431,NA,5,12,5,17,"Kickbox, Hike, Gym, Cycle",72.4,177.25,93.25,175.75,38.1,46.85,27.05,45.4,38.15,30.3,25.95,19.1,6.57,7.08,17.1,7.8,23.2,9.1,84,68.8,23.4,37.15,6.82,0.0888511599982566
"AC-064","Climb","ClimbM","Yes","Elite","Ce/m",33,"Male","White",NA,28,26,12,0,12,"NONE",72.1,176.5,93.5,181.75,36.75,46.05,27.35,46.95,41.5,27.55,29,4.8,7.29,7.89,18.8,9.2,21.9,9.1,83,70.13,23.18,36.95,7.59,0.954494705846304
"AW-008","Walk","WalkF","Yes","Elite","We/f",18,"Female","White",905,NA,5.5,9,1.5,10.5,"Run",63.5,179.5,96.75,174.25,39.4,46.5,26.65,45.6,39.35,31.3,22.8,13.8,7.2,7.26,18.9,7.6,24.3,9.2,82.75,67.45,21.85,36.25,7.23,1.71440284891971
"AW-009","Walk","WalkF","Yes","Elite","We/f",18,"Female","White",779,NA,3,6,0,6,"NONE",50.7,161,87.75,154.5,34.9,41.05,24.65,41.35,35.2,24.2,21.7,15.9,6.19,6.57,16.1,7.4,20.8,8.1,73.25,59.65,18.3,32.2,6.38,-4.6067953693679
"AW-010","Walk","WalkF","Yes","Elite","We/f",20,"Female","White",846,NA,7,10,10,20,"Gym, Run",62.2,169,89,166.25,38.3,45.25,26.2,44,38.15,27.6,23.3,20.7,6.96,7.27,18.3,7.4,22.3,7.9,80,64.05,20.05,34.75,7.11,-0.947587958459332
"AW-011","Walk","WalkM","Yes","Elite","We/m",18,"Male","White",789,NA,8,8.5,3,11.5,"Run, Gaelic Football",64.2,181.5,93.5,179.5,41.55,49.6,29.15,48.35,39.7,28.25,24,7.6,7.47,7.83,18.7,8.2,24,9.2,88,69.9,21.55,38.4,7.65,2.36793258676266
"AW-012","Walk","WalkM","Yes","Elite","We/m",18,"Male","White",961,NA,4,5,1,6,"Gym",67.5,180.25,94.75,183.5,41.1,48.45,28.35,47.9,38.6,27.3,25.95,12.9,7.56,7.71,19.5,8.7,24.6,9.8,85.5,72.45,24.55,37.05,7.64,2.4606736611385
"AW-013","Walk","WalkM","Yes","Elite","We/m",20,"Male","White",1011,NA,5,5,1.5,6.5,"Football, Gaelic Football, Gym",65.8,177.5,92.75,180.25,38.75,46.35,27.75,46,39.45,28.25,25.25,9.6,7.13,7.65,18.4,8.7,24.8,9.2,84.75,70.4,24.4,38.4,7.39,1.41756318594609
"AW-014","Walk","WalkM","Yes","Elite","We/m",19,"Male","White",966,NA,6,5,2,7,"Gym",65.5,186.5,93.5,183.75,44,51,28.95,48.55,40.55,28.4,24.55,9.05,7.48,7.62,18.6,8.1,23.4,8.8,93,71.6,23.05,42,7.55,2.91817078373102
"AW-015","Walk","WalkM","Yes","Elite","We/m",27,"Male","White",965,NA,13,8,3.5,11.5,"Run, Gym",73.8,180.75,92,187.25,41.5,50.1,28.95,47.6,41.95,29.15,26.6,10.55,6.81,7.51,18.5,8.5,26.3,11.1,88.75,72.65,25.05,38.65,7.16,2.89134163744237
"AW-016","Walk","WalkF","Yes","Elite","We/f",21,"Female","Mixed",912,NA,8,7,2,9,"Gym",51.1,170,87,170.75,39.25,45.25,26.65,45.25,35.15,25.9,21.5,12.5,7.41,7.78,18.3,7.6,23.1,9.4,83,67.8,22.55,37.75,7.6,-0.718897961956175
"AW-017","Walk","WalkM","Yes","Elite","We/m",21,"Male","White",1009,NA,5,30,2,32,"Run",67.6,179.5,93.5,185.5,39.4,47,29.15,48.6,42.2,30,24.75,5.3,7.34,7.42,19.2,8.2,25.9,10.6,86,71.65,23.05,39,7.38,3.01534280498095
"AW-018","Walk","WalkF","Yes","Elite","We/f",18,"Female","White",864,NA,4,16,2,18,"Football, Camogie",61.4,173.75,93.75,173.5,39.55,46.35,26.4,45.65,38.2,26.6,23,14.4,7.61,7.53,17.4,7.7,24,9.4,80,67.65,22,33.65,7.57,0.307733505293096
"AW-019","Walk","WalkF","Yes","Elite","We/f",19,"Female","White",866,NA,6,10,2,12,"Gym, Run",51.5,161.5,86,159.25,35.4,42.4,24.25,41.8,37.05,26.4,21.9,12.15,6.51,6.72,16.4,6.8,22.4,8.5,75.5,61.1,19.3,33.1,6.62,-3.55756044388613
"AW-020","Walk","WalkF","Yes","Elite","We/f",18,"Female","White",718,NA,4,36,2,38,"Cycle",68,176.25,94,176.75,40.35,47.05,27.35,46.25,35.95,27.4,23.6,14.85,7.32,7.65,18.1,7.8,23.7,9.2,82.25,70.4,24.15,35.2,7.49,0.759988960696373
"AC-065","Climb","ClimbF","No","Non-elite","Cn/f",26,"Female","White",NA,19.5,4,7,4,11,"Swim, Run, Yoga",58,156.25,84.5,155.5,33.55,40.1,24.25,41.45,34.7,27.9,23.7,10.6,6.34,6.67,16,7.6,21.2,9.4,71.75,60.4,18.95,31.65,6.51,-4.78354098561395
"AC-066","Climb","ClimbM","Yes","Elite","Ce/m",33,"Male","White",NA,24,19,2.5,0,2.5,"Run",62.6,169,89.75,174.5,37,44.85,26.8,45,39.7,26.8,26.7,8.7,7,7.25,18,7.7,22.8,8.3,79.25,67.4,22.4,34.4,7.12,-0.56755670417765
"AC-067","Climb","ClimbF","No","Non-elite","Cn/f",27,"Female","White",NA,20,6,8,3,11,"Swim, Yoga",59.4,164,86.5,162.25,36.95,44,25.35,43.15,36.25,25.7,26.1,8.4,6.88,7,17.3,7.9,22.1,8.5,77.5,63,19.85,33.5,6.94,-2.65784972810717
"AC-068","Climb","ClimbF","No","Non-elite","Cn/f",24,"Female","Asian",NA,18,1,4,1,5,"Run",48.2,156.5,83.5,156,34.85,41.7,24.5,40.55,36.05,24.85,23.25,17.1,6.3,6.61,15.9,7,20.7,8.8,73,59.98,19.43,31.3,6.46,-4.9384811155354
"AC-069","Climb","ClimbF","No","Non-elite","Cn/f",29,"Female","Asian",NA,14,2,3,0,3,"NONE",70.6,175.25,92,178.75,39.5,46.4,28.3,46.75,40.5,27.55,25.8,19.5,6.87,7.29,17.9,8,22.2,8.8,83.25,69.13,22.38,36.85,7.08,0.609362546288728
"AC-070","Climb","ClimbF","No","Non-elite","Cn/f",30,"Female","White",NA,17,4,8,2,10,"Badminton, Run",62.2,170.5,90.5,173.5,39.05,46.75,26.85,45.9,38.25,27.85,23.6,15.35,7.08,7.37,17.7,7.6,23.6,8.3,80,67.63,21.73,33.25,7.23,-0.107006987202681
"AC-071","Climb","ClimbF","No","Non-elite","Cn/f",31,"Female","Mixed",NA,16.5,1,7,10,17,"Run, Swim",55.8,160.5,88,154.5,34.1,41.7,23.85,39.95,35.4,27.1,23,12.2,5.98,6.04,15.8,7,20.8,8.2,72.5,59.55,19.6,30.8,6.01,-4.85635464849071
"AX-060","Control","ControlF","Yes",NA,"X/f",26,"Female","Mixed",NA,NA,NA,NA,1,1,"Run",57.8,170,89.25,163.5,38.15,45.05,26.1,44.2,36.3,27.7,21.75,17.25,6.74,6.91,17.1,6.9,22.6,8.6,80.75,63.6,19.4,35.7,6.83,-1.68221004849097
"AC-072","Climb","ClimbF","No","Non-elite","Cn/f",22,"Female","White",NA,16.5,15,5,6,11,"Run",55.5,163.5,88.75,163.75,35.05,42.1,23.8,41,39.05,27.85,23.6,12.3,6.58,6.72,16.3,7.3,22.8,8.3,74.75,62.35,21.35,32.65,6.65,-2.81213447976663
"AC-073","Climb","ClimbF","No","Non-elite","Cn/f",25,"Female","White",NA,16.5,4,5,10,15,"Row, Surf, Ski, Gym",56.2,169,88.75,173,36.9,44.1,26.8,45.25,37.1,27.6,21.8,10.1,5.6,5.92,14.7,6.3,23,8.5,80.25,67.95,22.7,36.15,5.76,-2.67891303177963
"AC-074","Climb","ClimbF","No","Non-elite","Cn/f",37,"Female","Asian",NA,15,1.5,15,5,20,"Cycle, Gym",59.2,160.75,82.75,168.75,37,43.85,25.8,43.4,37.4,26.95,26.25,11.3,6.44,7.21,17.5,7.7,22,8.5,78,65.68,22.28,34.15,6.83,-2.508665817047
"AC-075","Climb","ClimbF","No","Non-elite","Cn/f",24,"Female","Asian",NA,17,2.5,10,2,12,"Run, Badminton",51,168.5,91.25,164.5,36.6,43.8,24.95,42,37.15,27.1,22.5,8.15,6.32,7.04,16.5,7.2,22.1,8.5,77.25,63.68,21.68,33.45,6.68,-2.32945520889293
"AC-076","Climb","ClimbF","No","Non-elite","Cn/f",23,"Female","White",NA,15,4,2,1.5,3.5,"Run, Yoga",63.5,178,93.25,176,40.05,46.9,26.7,45.15,36.75,30.8,22.3,14.4,6.82,7.48,17.9,7.8,22.8,9.4,84.75,69.63,24.48,37.85,7.15,0.590355927913062
"AX-061","Control","ControlF","Yes",NA,"X/f",26,"Female","White",NA,NA,NA,NA,2,2,"Gym, Swim, Run",60.1,160.5,86,158.5,34.4,41.35,24.35,40.5,35.6,26.7,22.7,28.8,6.43,6.73,15.8,7.2,21.2,8.2,74.5,61.45,20.95,33.15,6.58,-4.30647328446552
"AC-077","Climb","ClimbF","No","Non-elite","Cn/f",23,"Female","White",NA,17,16,9,7,16,"Ski, Cycle",58,163.75,89.25,173.25,35.65,43.05,24.8,43.95,39.35,29.5,24.95,13.05,7.15,7.23,18.4,7.9,23.3,8.6,74.5,66.95,23,31.45,7.19,-0.908079966583288
"AC-078","Climb","ClimbF","No","Non-elite","Cn/f",30,"Female","White",NA,18.5,4,3,1.5,4.5,"Gymnastics",53.6,159,85.25,161.75,35.2,41.3,25.15,41,36.15,28.5,23.45,12.85,6.05,6.37,15.5,7.1,21.7,7.9,73.75,62.8,21.8,32.45,6.21,-4.01917154026632
"AC-079","Climb","ClimbF","No","Non-elite","Cn/f",36,"Female","White",NA,19,6,10,30,40,"Stonework, Run, Gym, Dance",63.6,175.5,92,175.75,40.5,47.05,28.05,46.95,37.25,29.3,25.25,11.2,7.25,7.5,18.4,7.8,23.1,8.5,83.5,69.25,22.3,36.45,7.38,0.946117506645231
"AC-080","Climb","ClimbF","No","Non-elite","Cn/f",26,"Female","Mixed",NA,18.5,1.5,6,4,10,"Yoga, Gym",49.9,160,83.75,162.75,35.75,42.8,24.85,42.35,34.15,27.85,22.4,12.5,6.28,6.97,17.1,7.4,22.1,7.9,76.25,64.3,21.95,33.45,6.62,-3.5146896978359
"AC-081","Climb","ClimbF","No","Non-elite","Cn/f",25,"Female","White",NA,18.5,9,4,10,14,"Run, Cycle",56.4,162,89.25,157.5,34.35,41.7,24,41,35.25,28.15,22.35,9.75,6.15,6.65,16.2,6.9,21.7,7.9,72.75,61.13,20.13,31.05,6.4,-3.9046700084216
"AC-082","Climb","ClimbF","No","Non-elite","Cn/f",28,"Female","Asian",NA,18,7,8,10,18,"Walk, Run",65.1,169.5,91.25,163.25,35.9,43,25.05,42.7,37.45,29.7,24.9,13.2,6.83,7.01,17.7,7.8,24.2,9.2,78.25,62.9,20.2,35.25,6.92,-1.18536352439634
"AC-083","Climb","ClimbF","No","Non-elite","Cn/f",37,"Female","White",NA,13,10,2,1.5,3.5,"Run",63.1,166.25,87.5,168.5,36.6,43.85,26,44,35.7,30.25,24.6,20.3,7.16,7.14,17.8,7.9,22.8,9.2,78.75,66.4,22.4,34.9,7.15,-1.36339445356236
"AC-084","Climb","ClimbF","No","Non-elite","Cn/f",34,"Female","White",NA,17,15,2,8,10,"Run, Wakeboard, Ski, Skateboard",53.9,165,89.25,161,35.55,42.05,24.45,41.1,35.5,27.85,23.45,15.75,6.02,6.14,16,7.2,20.9,7.9,75.75,62.75,21.65,33.7,6.08,-3.83343230566698
