Model_family,Model_name,Extraction_name,Focal Metric,Control1,Control2,Ethnicity Control,Effect,Effect1,Effect 2,Parameter1,Parameter1_index,Parameter2,Parameter2_index,Comparison_type
Model1,m1_PC1,m1_PC1___RunM,PC1,,,N,RunM,RunM,,b,2,,,single
Model1,m1_PC1.Eth,m1_PC1.Eth___RunM,PC1,,,Y,RunM,RunM,,b,2,,,single
Model1,m1_PC1,m1_PC1___ClimbM,PC1,,,N,ClimbM,ClimbM,,b,4,,,single
Model1,m1_PC1.Eth,m1_PC1.Eth___ClimbM,PC1,,,Y,ClimbM,ClimbM,,b,4,,,single
Model1,m1_PC1,m1_PC1___RunF,PC1,,,N,RunF,RunF,,b,1,,,single
Model1,m1_PC1.Eth,m1_PC1.Eth___RunF,PC1,,,Y,RunF,RunF,,b,1,,,single
Model1,m1_PC1,m1_PC1___ClimbF,PC1,,,N,ClimbF,ClimbF,,b,3,,,single
Model1,m1_PC1.Eth,m1_PC1.Eth___ClimbF,PC1,,,Y,ClimbF,ClimbF,,b,3,,,single
Model1,m1_PC1,m1_PC1___RunM.RunF,PC1,,,N,RunM.RunF,RunM,RunF,b,2,b,1,difference
Model1,m1_PC1.Eth,m1_PC1.Eth___RunM.RunF,PC1,,,Y,RunM.RunF,RunM,RunF,b,2,b,1,difference
Model1,m1_PC1,m1_PC1___ClimbM.ClimbF,PC1,,,N,ClimbM.ClimbF,ClimbM,ClimbF,b,4,b,3,difference
Model1,m1_PC1.Eth,m1_PC1.Eth___ClimbM.ClimbF,PC1,,,Y,ClimbM.ClimbF,ClimbM,ClimbF,b,4,b,3,difference
Model1,m1_PC1,m1_PC1___ClimbM.RunM,PC1,,,N,ClimbM.RunM,ClimbM,RunM,b,4,b,2,difference
Model1,m1_PC1.Eth,m1_PC1.Eth___ClimbM.RunM,PC1,,,Y,ClimbM.RunM,ClimbM,RunM,b,4,b,2,difference
Model1,m1_PC1,m1_PC1___ClimbF.RunF,PC1,,,N,ClimbF.RunF,ClimbF,RunF,b,3,b,1,difference
Model1,m1_PC1.Eth,m1_PC1.Eth___ClimbF.RunF,PC1,,,Y,ClimbF.RunF,ClimbF,RunF,b,3,b,1,difference
Model1,m1_Stature,m1_Stature___RunM,Stature,,,N,RunM,RunM,,b,2,,,single
Model1,m1_Stature.Eth,m1_Stature.Eth___RunM,Stature,,,Y,RunM,RunM,,b,2,,,single
Model1,m1_Stature,m1_Stature___ClimbM,Stature,,,N,ClimbM,ClimbM,,b,4,,,single
Model1,m1_Stature.Eth,m1_Stature.Eth___ClimbM,Stature,,,Y,ClimbM,ClimbM,,b,4,,,single
Model1,m1_Stature,m1_Stature___RunF,Stature,,,N,RunF,RunF,,b,1,,,single
Model1,m1_Stature.Eth,m1_Stature.Eth___RunF,Stature,,,Y,RunF,RunF,,b,1,,,single
Model1,m1_Stature,m1_Stature___ClimbF,Stature,,,N,ClimbF,ClimbF,,b,3,,,single
Model1,m1_Stature.Eth,m1_Stature.Eth___ClimbF,Stature,,,Y,ClimbF,ClimbF,,b,3,,,single
Model1,m1_Stature,m1_Stature___RunM.RunF,Stature,,,N,RunM.RunF,RunM,RunF,b,2,b,1,difference
Model1,m1_Stature.Eth,m1_Stature.Eth___RunM.RunF,Stature,,,Y,RunM.RunF,RunM,RunF,b,2,b,1,difference
Model1,m1_Stature,m1_Stature___ClimbM.ClimbF,Stature,,,N,ClimbM.ClimbF,ClimbM,ClimbF,b,4,b,3,difference
Model1,m1_Stature.Eth,m1_Stature.Eth___ClimbM.ClimbF,Stature,,,Y,ClimbM.ClimbF,ClimbM,ClimbF,b,4,b,3,difference
Model1,m1_Stature,m1_Stature___ClimbM.RunM,Stature,,,N,ClimbM.RunM,ClimbM,RunM,b,4,b,2,difference
Model1,m1_Stature.Eth,m1_Stature.Eth___ClimbM.RunM,Stature,,,Y,ClimbM.RunM,ClimbM,RunM,b,4,b,2,difference
Model1,m1_Stature,m1_Stature___ClimbF.RunF,Stature,,,N,ClimbF.RunF,ClimbF,RunF,b,3,b,1,difference
Model1,m1_Stature.Eth,m1_Stature.Eth___ClimbF.RunF,Stature,,,Y,ClimbF.RunF,ClimbF,RunF,b,3,b,1,difference
Model1,m1_SitHeight,m1_SitHeight___RunM,SitHeight,,,N,RunM,RunM,,b,2,,,single
Model1,m1_SitHeight.Eth,m1_SitHeight.Eth___RunM,SitHeight,,,Y,RunM,RunM,,b,2,,,single
Model1,m1_SitHeight.Stature,m1_SitHeight.Stature___RunM,SitHeight,Stature,,N,RunM,RunM,,b,2,,,single
Model1,m1_SitHeight.Stature.Eth,m1_SitHeight.Stature.Eth___RunM,SitHeight,Stature,,Y,RunM,RunM,,b,2,,,single
Model1,m1_SitHeight,m1_SitHeight___ClimbM,SitHeight,,,N,ClimbM,ClimbM,,b,4,,,single
Model1,m1_SitHeight.Eth,m1_SitHeight.Eth___ClimbM,SitHeight,,,Y,ClimbM,ClimbM,,b,4,,,single
Model1,m1_SitHeight.Stature,m1_SitHeight.Stature___ClimbM,SitHeight,Stature,,N,ClimbM,ClimbM,,b,4,,,single
Model1,m1_SitHeight.Stature.Eth,m1_SitHeight.Stature.Eth___ClimbM,SitHeight,Stature,,Y,ClimbM,ClimbM,,b,4,,,single
Model1,m1_SitHeight,m1_SitHeight___RunF,SitHeight,,,N,RunF,RunF,,b,1,,,single
Model1,m1_SitHeight.Eth,m1_SitHeight.Eth___RunF,SitHeight,,,Y,RunF,RunF,,b,1,,,single
Model1,m1_SitHeight.Stature,m1_SitHeight.Stature___RunF,SitHeight,Stature,,N,RunF,RunF,,b,1,,,single
Model1,m1_SitHeight.Stature.Eth,m1_SitHeight.Stature.Eth___RunF,SitHeight,Stature,,Y,RunF,RunF,,b,1,,,single
Model1,m1_SitHeight,m1_SitHeight___ClimbF,SitHeight,,,N,ClimbF,ClimbF,,b,3,,,single
Model1,m1_SitHeight.Eth,m1_SitHeight.Eth___ClimbF,SitHeight,,,Y,ClimbF,ClimbF,,b,3,,,single
Model1,m1_SitHeight.Stature,m1_SitHeight.Stature___ClimbF,SitHeight,Stature,,N,ClimbF,ClimbF,,b,3,,,single
Model1,m1_SitHeight.Stature.Eth,m1_SitHeight.Stature.Eth___ClimbF,SitHeight,Stature,,Y,ClimbF,ClimbF,,b,3,,,single
Model1,m1_SitHeight,m1_SitHeight___RunM.RunF,SitHeight,,,N,RunM.RunF,RunM,RunF,b,2,b,1,difference
Model1,m1_SitHeight.Eth,m1_SitHeight.Eth___RunM.RunF,SitHeight,,,Y,RunM.RunF,RunM,RunF,b,2,b,1,difference
Model1,m1_SitHeight.Stature,m1_SitHeight.Stature___RunM.RunF,SitHeight,Stature,,N,RunM.RunF,RunM,RunF,b,2,b,1,difference
Model1,m1_SitHeight.Stature.Eth,m1_SitHeight.Stature.Eth___RunM.RunF,SitHeight,Stature,,Y,RunM.RunF,RunM,RunF,b,2,b,1,difference
Model1,m1_SitHeight,m1_SitHeight___ClimbM.ClimbF,SitHeight,,,N,ClimbM.ClimbF,ClimbM,ClimbF,b,4,b,3,difference
Model1,m1_SitHeight.Eth,m1_SitHeight.Eth___ClimbM.ClimbF,SitHeight,,,Y,ClimbM.ClimbF,ClimbM,ClimbF,b,4,b,3,difference
Model1,m1_SitHeight.Stature,m1_SitHeight.Stature___ClimbM.ClimbF,SitHeight,Stature,,N,ClimbM.ClimbF,ClimbM,ClimbF,b,4,b,3,difference
Model1,m1_SitHeight.Stature.Eth,m1_SitHeight.Stature.Eth___ClimbM.ClimbF,SitHeight,Stature,,Y,ClimbM.ClimbF,ClimbM,ClimbF,b,4,b,3,difference
Model1,m1_SitHeight,m1_SitHeight___ClimbM.RunM,SitHeight,,,N,ClimbM.RunM,ClimbM,RunM,b,4,b,2,difference
Model1,m1_SitHeight.Eth,m1_SitHeight.Eth___ClimbM.RunM,SitHeight,,,Y,ClimbM.RunM,ClimbM,RunM,b,4,b,2,difference
Model1,m1_SitHeight.Stature,m1_SitHeight.Stature___ClimbM.RunM,SitHeight,Stature,,N,ClimbM.RunM,ClimbM,RunM,b,4,b,2,difference
Model1,m1_SitHeight.Stature.Eth,m1_SitHeight.Stature.Eth___ClimbM.RunM,SitHeight,Stature,,Y,ClimbM.RunM,ClimbM,RunM,b,4,b,2,difference
Model1,m1_SitHeight,m1_SitHeight___ClimbF.RunF,SitHeight,,,N,ClimbF.RunF,ClimbF,RunF,b,3,b,1,difference
Model1,m1_SitHeight.Eth,m1_SitHeight.Eth___ClimbF.RunF,SitHeight,,,Y,ClimbF.RunF,ClimbF,RunF,b,3,b,1,difference
Model1,m1_SitHeight.Stature,m1_SitHeight.Stature___ClimbF.RunF,SitHeight,Stature,,N,ClimbF.RunF,ClimbF,RunF,b,3,b,1,difference
Model1,m1_SitHeight.Stature.Eth,m1_SitHeight.Stature.Eth___ClimbF.RunF,SitHeight,Stature,,Y,ClimbF.RunF,ClimbF,RunF,b,3,b,1,difference
Model1,m1_ArmSpan,m1_ArmSpan___RunM,ArmSpan,,,N,RunM,RunM,,b,2,,,single
Model1,m1_ArmSpan.Eth,m1_ArmSpan.Eth___RunM,ArmSpan,,,Y,RunM,RunM,,b,2,,,single
Model1,m1_ArmSpan.Stature,m1_ArmSpan.Stature___RunM,ArmSpan,Stature,,N,RunM,RunM,,b,2,,,single
Model1,m1_ArmSpan.Stature.Eth,m1_ArmSpan.Stature.Eth___RunM,ArmSpan,Stature,,Y,RunM,RunM,,b,2,,,single
Model1,m1_ArmSpan,m1_ArmSpan___ClimbM,ArmSpan,,,N,ClimbM,ClimbM,,b,4,,,single
Model1,m1_ArmSpan.Eth,m1_ArmSpan.Eth___ClimbM,ArmSpan,,,Y,ClimbM,ClimbM,,b,4,,,single
Model1,m1_ArmSpan.Stature,m1_ArmSpan.Stature___ClimbM,ArmSpan,Stature,,N,ClimbM,ClimbM,,b,4,,,single
Model1,m1_ArmSpan.Stature.Eth,m1_ArmSpan.Stature.Eth___ClimbM,ArmSpan,Stature,,Y,ClimbM,ClimbM,,b,4,,,single
Model1,m1_ArmSpan,m1_ArmSpan___RunF,ArmSpan,,,N,RunF,RunF,,b,1,,,single
Model1,m1_ArmSpan.Eth,m1_ArmSpan.Eth___RunF,ArmSpan,,,Y,RunF,RunF,,b,1,,,single
Model1,m1_ArmSpan.Stature,m1_ArmSpan.Stature___RunF,ArmSpan,Stature,,N,RunF,RunF,,b,1,,,single
Model1,m1_ArmSpan.Stature.Eth,m1_ArmSpan.Stature.Eth___RunF,ArmSpan,Stature,,Y,RunF,RunF,,b,1,,,single
Model1,m1_ArmSpan,m1_ArmSpan___ClimbF,ArmSpan,,,N,ClimbF,ClimbF,,b,3,,,single
Model1,m1_ArmSpan.Eth,m1_ArmSpan.Eth___ClimbF,ArmSpan,,,Y,ClimbF,ClimbF,,b,3,,,single
Model1,m1_ArmSpan.Stature,m1_ArmSpan.Stature___ClimbF,ArmSpan,Stature,,N,ClimbF,ClimbF,,b,3,,,single
Model1,m1_ArmSpan.Stature.Eth,m1_ArmSpan.Stature.Eth___ClimbF,ArmSpan,Stature,,Y,ClimbF,ClimbF,,b,3,,,single
Model1,m1_ArmSpan,m1_ArmSpan___RunM.RunF,ArmSpan,,,N,RunM.RunF,RunM,RunF,b,2,b,1,difference
Model1,m1_ArmSpan.Eth,m1_ArmSpan.Eth___RunM.RunF,ArmSpan,,,Y,RunM.RunF,RunM,RunF,b,2,b,1,difference
Model1,m1_ArmSpan.Stature,m1_ArmSpan.Stature___RunM.RunF,ArmSpan,Stature,,N,RunM.RunF,RunM,RunF,b,2,b,1,difference
Model1,m1_ArmSpan.Stature.Eth,m1_ArmSpan.Stature.Eth___RunM.RunF,ArmSpan,Stature,,Y,RunM.RunF,RunM,RunF,b,2,b,1,difference
Model1,m1_ArmSpan,m1_ArmSpan___ClimbM.ClimbF,ArmSpan,,,N,ClimbM.ClimbF,ClimbM,ClimbF,b,4,b,3,difference
Model1,m1_ArmSpan.Eth,m1_ArmSpan.Eth___ClimbM.ClimbF,ArmSpan,,,Y,ClimbM.ClimbF,ClimbM,ClimbF,b,4,b,3,difference
Model1,m1_ArmSpan.Stature,m1_ArmSpan.Stature___ClimbM.ClimbF,ArmSpan,Stature,,N,ClimbM.ClimbF,ClimbM,ClimbF,b,4,b,3,difference
Model1,m1_ArmSpan.Stature.Eth,m1_ArmSpan.Stature.Eth___ClimbM.ClimbF,ArmSpan,Stature,,Y,ClimbM.ClimbF,ClimbM,ClimbF,b,4,b,3,difference
Model1,m1_ArmSpan,m1_ArmSpan___ClimbM.RunM,ArmSpan,,,N,ClimbM.RunM,ClimbM,RunM,b,4,b,2,difference
Model1,m1_ArmSpan.Eth,m1_ArmSpan.Eth___ClimbM.RunM,ArmSpan,,,Y,ClimbM.RunM,ClimbM,RunM,b,4,b,2,difference
Model1,m1_ArmSpan.Stature,m1_ArmSpan.Stature___ClimbM.RunM,ArmSpan,Stature,,N,ClimbM.RunM,ClimbM,RunM,b,4,b,2,difference
Model1,m1_ArmSpan.Stature.Eth,m1_ArmSpan.Stature.Eth___ClimbM.RunM,ArmSpan,Stature,,Y,ClimbM.RunM,ClimbM,RunM,b,4,b,2,difference
Model1,m1_ArmSpan,m1_ArmSpan___ClimbF.RunF,ArmSpan,,,N,ClimbF.RunF,ClimbF,RunF,b,3,b,1,difference
Model1,m1_ArmSpan.Eth,m1_ArmSpan.Eth___ClimbF.RunF,ArmSpan,,,Y,ClimbF.RunF,ClimbF,RunF,b,3,b,1,difference
Model1,m1_ArmSpan.Stature,m1_ArmSpan.Stature___ClimbF.RunF,ArmSpan,Stature,,N,ClimbF.RunF,ClimbF,RunF,b,3,b,1,difference
Model1,m1_ArmSpan.Stature.Eth,m1_ArmSpan.Stature.Eth___ClimbF.RunF,ArmSpan,Stature,,Y,ClimbF.RunF,ClimbF,RunF,b,3,b,1,difference
Model1,m1_Leg,m1_Leg___RunM,Leg,,,N,RunM,RunM,,b,2,,,single
Model1,m1_Leg.Eth,m1_Leg.Eth___RunM,Leg,,,Y,RunM,RunM,,b,2,,,single
Model1,m1_Leg.Stature,m1_Leg.Stature___RunM,Leg,Stature,,N,RunM,RunM,,b,2,,,single
Model1,m1_Leg.Stature.Eth,m1_Leg.Stature.Eth___RunM,Leg,Stature,,Y,RunM,RunM,,b,2,,,single
Model1,m1_Leg,m1_Leg___ClimbM,Leg,,,N,ClimbM,ClimbM,,b,4,,,single
Model1,m1_Leg.Eth,m1_Leg.Eth___ClimbM,Leg,,,Y,ClimbM,ClimbM,,b,4,,,single
Model1,m1_Leg.Stature,m1_Leg.Stature___ClimbM,Leg,Stature,,N,ClimbM,ClimbM,,b,4,,,single
Model1,m1_Leg.Stature.Eth,m1_Leg.Stature.Eth___ClimbM,Leg,Stature,,Y,ClimbM,ClimbM,,b,4,,,single
Model1,m1_Leg,m1_Leg___RunF,Leg,,,N,RunF,RunF,,b,1,,,single
Model1,m1_Leg.Eth,m1_Leg.Eth___RunF,Leg,,,Y,RunF,RunF,,b,1,,,single
Model1,m1_Leg.Stature,m1_Leg.Stature___RunF,Leg,Stature,,N,RunF,RunF,,b,1,,,single
Model1,m1_Leg.Stature.Eth,m1_Leg.Stature.Eth___RunF,Leg,Stature,,Y,RunF,RunF,,b,1,,,single
Model1,m1_Leg,m1_Leg___ClimbF,Leg,,,N,ClimbF,ClimbF,,b,3,,,single
Model1,m1_Leg.Eth,m1_Leg.Eth___ClimbF,Leg,,,Y,ClimbF,ClimbF,,b,3,,,single
Model1,m1_Leg.Stature,m1_Leg.Stature___ClimbF,Leg,Stature,,N,ClimbF,ClimbF,,b,3,,,single
Model1,m1_Leg.Stature.Eth,m1_Leg.Stature.Eth___ClimbF,Leg,Stature,,Y,ClimbF,ClimbF,,b,3,,,single
Model1,m1_Leg,m1_Leg___RunM.RunF,Leg,,,N,RunM.RunF,RunM,RunF,b,2,b,1,difference
Model1,m1_Leg.Eth,m1_Leg.Eth___RunM.RunF,Leg,,,Y,RunM.RunF,RunM,RunF,b,2,b,1,difference
Model1,m1_Leg.Stature,m1_Leg.Stature___RunM.RunF,Leg,Stature,,N,RunM.RunF,RunM,RunF,b,2,b,1,difference
Model1,m1_Leg.Stature.Eth,m1_Leg.Stature.Eth___RunM.RunF,Leg,Stature,,Y,RunM.RunF,RunM,RunF,b,2,b,1,difference
Model1,m1_Leg,m1_Leg___ClimbM.ClimbF,Leg,,,N,ClimbM.ClimbF,ClimbM,ClimbF,b,4,b,3,difference
Model1,m1_Leg.Eth,m1_Leg.Eth___ClimbM.ClimbF,Leg,,,Y,ClimbM.ClimbF,ClimbM,ClimbF,b,4,b,3,difference
Model1,m1_Leg.Stature,m1_Leg.Stature___ClimbM.ClimbF,Leg,Stature,,N,ClimbM.ClimbF,ClimbM,ClimbF,b,4,b,3,difference
Model1,m1_Leg.Stature.Eth,m1_Leg.Stature.Eth___ClimbM.ClimbF,Leg,Stature,,Y,ClimbM.ClimbF,ClimbM,ClimbF,b,4,b,3,difference
Model1,m1_Leg,m1_Leg___ClimbM.RunM,Leg,,,N,ClimbM.RunM,ClimbM,RunM,b,4,b,2,difference
Model1,m1_Leg.Eth,m1_Leg.Eth___ClimbM.RunM,Leg,,,Y,ClimbM.RunM,ClimbM,RunM,b,4,b,2,difference
Model1,m1_Leg.Stature,m1_Leg.Stature___ClimbM.RunM,Leg,Stature,,N,ClimbM.RunM,ClimbM,RunM,b,4,b,2,difference
Model1,m1_Leg.Stature.Eth,m1_Leg.Stature.Eth___ClimbM.RunM,Leg,Stature,,Y,ClimbM.RunM,ClimbM,RunM,b,4,b,2,difference
Model1,m1_Leg,m1_Leg___ClimbF.RunF,Leg,,,N,ClimbF.RunF,ClimbF,RunF,b,3,b,1,difference
Model1,m1_Leg.Eth,m1_Leg.Eth___ClimbF.RunF,Leg,,,Y,ClimbF.RunF,ClimbF,RunF,b,3,b,1,difference
Model1,m1_Leg.Stature,m1_Leg.Stature___ClimbF.RunF,Leg,Stature,,N,ClimbF.RunF,ClimbF,RunF,b,3,b,1,difference
Model1,m1_Leg.Stature.Eth,m1_Leg.Stature.Eth___ClimbF.RunF,Leg,Stature,,Y,ClimbF.RunF,ClimbF,RunF,b,3,b,1,difference
Model1,m1_Femur,m1_Femur___RunM,Femur,,,N,RunM,RunM,,b,2,,,single
Model1,m1_Femur.Eth,m1_Femur.Eth___RunM,Femur,,,Y,RunM,RunM,,b,2,,,single
Model1,m1_Femur.Stature,m1_Femur.Stature___RunM,Femur,Stature,,N,RunM,RunM,,b,2,,,single
Model1,m1_Femur.Stature.Eth,m1_Femur.Stature.Eth___RunM,Femur,Stature,,Y,RunM,RunM,,b,2,,,single
Model1,m1_Femur,m1_Femur___ClimbM,Femur,,,N,ClimbM,ClimbM,,b,4,,,single
Model1,m1_Femur.Eth,m1_Femur.Eth___ClimbM,Femur,,,Y,ClimbM,ClimbM,,b,4,,,single
Model1,m1_Femur.Stature,m1_Femur.Stature___ClimbM,Femur,Stature,,N,ClimbM,ClimbM,,b,4,,,single
Model1,m1_Femur.Stature.Eth,m1_Femur.Stature.Eth___ClimbM,Femur,Stature,,Y,ClimbM,ClimbM,,b,4,,,single
Model1,m1_Femur,m1_Femur___RunF,Femur,,,N,RunF,RunF,,b,1,,,single
Model1,m1_Femur.Eth,m1_Femur.Eth___RunF,Femur,,,Y,RunF,RunF,,b,1,,,single
Model1,m1_Femur.Stature,m1_Femur.Stature___RunF,Femur,Stature,,N,RunF,RunF,,b,1,,,single
Model1,m1_Femur.Stature.Eth,m1_Femur.Stature.Eth___RunF,Femur,Stature,,Y,RunF,RunF,,b,1,,,single
Model1,m1_Femur,m1_Femur___ClimbF,Femur,,,N,ClimbF,ClimbF,,b,3,,,single
Model1,m1_Femur.Eth,m1_Femur.Eth___ClimbF,Femur,,,Y,ClimbF,ClimbF,,b,3,,,single
Model1,m1_Femur.Stature,m1_Femur.Stature___ClimbF,Femur,Stature,,N,ClimbF,ClimbF,,b,3,,,single
Model1,m1_Femur.Stature.Eth,m1_Femur.Stature.Eth___ClimbF,Femur,Stature,,Y,ClimbF,ClimbF,,b,3,,,single
Model1,m1_Femur,m1_Femur___RunM.RunF,Femur,,,N,RunM.RunF,RunM,RunF,b,2,b,1,difference
Model1,m1_Femur.Eth,m1_Femur.Eth___RunM.RunF,Femur,,,Y,RunM.RunF,RunM,RunF,b,2,b,1,difference
Model1,m1_Femur.Stature,m1_Femur.Stature___RunM.RunF,Femur,Stature,,N,RunM.RunF,RunM,RunF,b,2,b,1,difference
Model1,m1_Femur.Stature.Eth,m1_Femur.Stature.Eth___RunM.RunF,Femur,Stature,,Y,RunM.RunF,RunM,RunF,b,2,b,1,difference
Model1,m1_Femur,m1_Femur___ClimbM.ClimbF,Femur,,,N,ClimbM.ClimbF,ClimbM,ClimbF,b,4,b,3,difference
Model1,m1_Femur.Eth,m1_Femur.Eth___ClimbM.ClimbF,Femur,,,Y,ClimbM.ClimbF,ClimbM,ClimbF,b,4,b,3,difference
Model1,m1_Femur.Stature,m1_Femur.Stature___ClimbM.ClimbF,Femur,Stature,,N,ClimbM.ClimbF,ClimbM,ClimbF,b,4,b,3,difference
Model1,m1_Femur.Stature.Eth,m1_Femur.Stature.Eth___ClimbM.ClimbF,Femur,Stature,,Y,ClimbM.ClimbF,ClimbM,ClimbF,b,4,b,3,difference
Model1,m1_Femur,m1_Femur___ClimbM.RunM,Femur,,,N,ClimbM.RunM,ClimbM,RunM,b,4,b,2,difference
Model1,m1_Femur.Eth,m1_Femur.Eth___ClimbM.RunM,Femur,,,Y,ClimbM.RunM,ClimbM,RunM,b,4,b,2,difference
Model1,m1_Femur.Stature,m1_Femur.Stature___ClimbM.RunM,Femur,Stature,,N,ClimbM.RunM,ClimbM,RunM,b,4,b,2,difference
Model1,m1_Femur.Stature.Eth,m1_Femur.Stature.Eth___ClimbM.RunM,Femur,Stature,,Y,ClimbM.RunM,ClimbM,RunM,b,4,b,2,difference
Model1,m1_Femur,m1_Femur___ClimbF.RunF,Femur,,,N,ClimbF.RunF,ClimbF,RunF,b,3,b,1,difference
Model1,m1_Femur.Eth,m1_Femur.Eth___ClimbF.RunF,Femur,,,Y,ClimbF.RunF,ClimbF,RunF,b,3,b,1,difference
Model1,m1_Femur.Stature,m1_Femur.Stature___ClimbF.RunF,Femur,Stature,,N,ClimbF.RunF,ClimbF,RunF,b,3,b,1,difference
Model1,m1_Femur.Stature.Eth,m1_Femur.Stature.Eth___ClimbF.RunF,Femur,Stature,,Y,ClimbF.RunF,ClimbF,RunF,b,3,b,1,difference
Model1,m1_Tibia,m1_Tibia___RunM,Tibia,,,N,RunM,RunM,,b,2,,,single
Model1,m1_Tibia.Eth,m1_Tibia.Eth___RunM,Tibia,,,Y,RunM,RunM,,b,2,,,single
Model1,m1_Tibia.Stature,m1_Tibia.Stature___RunM,Tibia,Stature,,N,RunM,RunM,,b,2,,,single
Model1,m1_Tibia.Stature.Eth,m1_Tibia.Stature.Eth___RunM,Tibia,Stature,,Y,RunM,RunM,,b,2,,,single
Model1,m1_Tibia.Femur,m1_Tibia.Femur___RunM,Tibia,Femur,,N,RunM,RunM,,b,2,,,single
Model1,m1_Tibia.Femur.Eth,m1_Tibia.Femur.Eth___RunM,Tibia,Femur,,Y,RunM,RunM,,b,2,,,single
Model1,m1_Tibia,m1_Tibia___ClimbM,Tibia,,,N,ClimbM,ClimbM,,b,4,,,single
Model1,m1_Tibia.Eth,m1_Tibia.Eth___ClimbM,Tibia,,,Y,ClimbM,ClimbM,,b,4,,,single
Model1,m1_Tibia.Stature,m1_Tibia.Stature___ClimbM,Tibia,Stature,,N,ClimbM,ClimbM,,b,4,,,single
Model1,m1_Tibia.Stature.Eth,m1_Tibia.Stature.Eth___ClimbM,Tibia,Stature,,Y,ClimbM,ClimbM,,b,4,,,single
Model1,m1_Tibia.Femur,m1_Tibia.Femur___ClimbM,Tibia,Femur,,N,ClimbM,ClimbM,,b,4,,,single
Model1,m1_Tibia.Femur.Eth,m1_Tibia.Femur.Eth___ClimbM,Tibia,Femur,,Y,ClimbM,ClimbM,,b,4,,,single
Model1,m1_Tibia,m1_Tibia___RunF,Tibia,,,N,RunF,RunF,,b,1,,,single
Model1,m1_Tibia.Eth,m1_Tibia.Eth___RunF,Tibia,,,Y,RunF,RunF,,b,1,,,single
Model1,m1_Tibia.Stature,m1_Tibia.Stature___RunF,Tibia,Stature,,N,RunF,RunF,,b,1,,,single
Model1,m1_Tibia.Stature.Eth,m1_Tibia.Stature.Eth___RunF,Tibia,Stature,,Y,RunF,RunF,,b,1,,,single
Model1,m1_Tibia.Femur,m1_Tibia.Femur___RunF,Tibia,Femur,,N,RunF,RunF,,b,1,,,single
Model1,m1_Tibia.Femur.Eth,m1_Tibia.Femur.Eth___RunF,Tibia,Femur,,Y,RunF,RunF,,b,1,,,single
Model1,m1_Tibia,m1_Tibia___ClimbF,Tibia,,,N,ClimbF,ClimbF,,b,3,,,single
Model1,m1_Tibia.Eth,m1_Tibia.Eth___ClimbF,Tibia,,,Y,ClimbF,ClimbF,,b,3,,,single
Model1,m1_Tibia.Stature,m1_Tibia.Stature___ClimbF,Tibia,Stature,,N,ClimbF,ClimbF,,b,3,,,single
Model1,m1_Tibia.Stature.Eth,m1_Tibia.Stature.Eth___ClimbF,Tibia,Stature,,Y,ClimbF,ClimbF,,b,3,,,single
Model1,m1_Tibia.Femur,m1_Tibia.Femur___ClimbF,Tibia,Femur,,N,ClimbF,ClimbF,,b,3,,,single
Model1,m1_Tibia.Femur.Eth,m1_Tibia.Femur.Eth___ClimbF,Tibia,Femur,,Y,ClimbF,ClimbF,,b,3,,,single
Model1,m1_Tibia,m1_Tibia___RunM.RunF,Tibia,,,N,RunM.RunF,RunM,RunF,b,2,b,1,difference
Model1,m1_Tibia.Eth,m1_Tibia.Eth___RunM.RunF,Tibia,,,Y,RunM.RunF,RunM,RunF,b,2,b,1,difference
Model1,m1_Tibia.Stature,m1_Tibia.Stature___RunM.RunF,Tibia,Stature,,N,RunM.RunF,RunM,RunF,b,2,b,1,difference
Model1,m1_Tibia.Stature.Eth,m1_Tibia.Stature.Eth___RunM.RunF,Tibia,Stature,,Y,RunM.RunF,RunM,RunF,b,2,b,1,difference
Model1,m1_Tibia.Femur,m1_Tibia.Femur___RunM.RunF,Tibia,Femur,,N,RunM.RunF,RunM,RunF,b,2,b,1,difference
Model1,m1_Tibia.Femur.Eth,m1_Tibia.Femur.Eth___RunM.RunF,Tibia,Femur,,Y,RunM.RunF,RunM,RunF,b,2,b,1,difference
Model1,m1_Tibia,m1_Tibia___ClimbM.ClimbF,Tibia,,,N,ClimbM.ClimbF,ClimbM,ClimbF,b,4,b,3,difference
Model1,m1_Tibia.Eth,m1_Tibia.Eth___ClimbM.ClimbF,Tibia,,,Y,ClimbM.ClimbF,ClimbM,ClimbF,b,4,b,3,difference
Model1,m1_Tibia.Stature,m1_Tibia.Stature___ClimbM.ClimbF,Tibia,Stature,,N,ClimbM.ClimbF,ClimbM,ClimbF,b,4,b,3,difference
Model1,m1_Tibia.Stature.Eth,m1_Tibia.Stature.Eth___ClimbM.ClimbF,Tibia,Stature,,Y,ClimbM.ClimbF,ClimbM,ClimbF,b,4,b,3,difference
Model1,m1_Tibia.Femur,m1_Tibia.Femur___ClimbM.ClimbF,Tibia,Femur,,N,ClimbM.ClimbF,ClimbM,ClimbF,b,4,b,3,difference
Model1,m1_Tibia.Femur.Eth,m1_Tibia.Femur.Eth___ClimbM.ClimbF,Tibia,Femur,,Y,ClimbM.ClimbF,ClimbM,ClimbF,b,4,b,3,difference
Model1,m1_Tibia,m1_Tibia___ClimbM.RunM,Tibia,,,N,ClimbM.RunM,ClimbM,RunM,b,4,b,2,difference
Model1,m1_Tibia.Eth,m1_Tibia.Eth___ClimbM.RunM,Tibia,,,Y,ClimbM.RunM,ClimbM,RunM,b,4,b,2,difference
Model1,m1_Tibia.Stature,m1_Tibia.Stature___ClimbM.RunM,Tibia,Stature,,N,ClimbM.RunM,ClimbM,RunM,b,4,b,2,difference
Model1,m1_Tibia.Stature.Eth,m1_Tibia.Stature.Eth___ClimbM.RunM,Tibia,Stature,,Y,ClimbM.RunM,ClimbM,RunM,b,4,b,2,difference
Model1,m1_Tibia.Femur,m1_Tibia.Femur___ClimbM.RunM,Tibia,Femur,,N,ClimbM.RunM,ClimbM,RunM,b,4,b,2,difference
Model1,m1_Tibia.Femur.Eth,m1_Tibia.Femur.Eth___ClimbM.RunM,Tibia,Femur,,Y,ClimbM.RunM,ClimbM,RunM,b,4,b,2,difference
Model1,m1_Tibia,m1_Tibia___ClimbF.RunF,Tibia,,,N,ClimbF.RunF,ClimbF,RunF,b,3,b,1,difference
Model1,m1_Tibia.Eth,m1_Tibia.Eth___ClimbF.RunF,Tibia,,,Y,ClimbF.RunF,ClimbF,RunF,b,3,b,1,difference
Model1,m1_Tibia.Stature,m1_Tibia.Stature___ClimbF.RunF,Tibia,Stature,,N,ClimbF.RunF,ClimbF,RunF,b,3,b,1,difference
Model1,m1_Tibia.Stature.Eth,m1_Tibia.Stature.Eth___ClimbF.RunF,Tibia,Stature,,Y,ClimbF.RunF,ClimbF,RunF,b,3,b,1,difference
Model1,m1_Tibia.Femur,m1_Tibia.Femur___ClimbF.RunF,Tibia,Femur,,N,ClimbF.RunF,ClimbF,RunF,b,3,b,1,difference
Model1,m1_Tibia.Femur.Eth,m1_Tibia.Femur.Eth___ClimbF.RunF,Tibia,Femur,,Y,ClimbF.RunF,ClimbF,RunF,b,3,b,1,difference
Model1,m1_Arm,m1_Arm___RunM,Arm,,,N,RunM,RunM,,b,2,,,single
Model1,m1_Arm.Eth,m1_Arm.Eth___RunM,Arm,,,Y,RunM,RunM,,b,2,,,single
Model1,m1_Arm.Stature,m1_Arm.Stature___RunM,Arm,Stature,,N,RunM,RunM,,b,2,,,single
Model1,m1_Arm.Stature.Eth,m1_Arm.Stature.Eth___RunM,Arm,Stature,,Y,RunM,RunM,,b,2,,,single
Model1,m1_Arm.Leg,m1_Arm.Leg___RunM,Arm,Leg,,N,RunM,RunM,,b,2,,,single
Model1,m1_Arm.Leg.Eth,m1_Arm.Leg.Eth___RunM,Arm,Leg,,Y,RunM,RunM,,b,2,,,single
Model1,m1_Arm,m1_Arm___ClimbM,Arm,,,N,ClimbM,ClimbM,,b,4,,,single
Model1,m1_Arm.Eth,m1_Arm.Eth___ClimbM,Arm,,,Y,ClimbM,ClimbM,,b,4,,,single
Model1,m1_Arm.Stature,m1_Arm.Stature___ClimbM,Arm,Stature,,N,ClimbM,ClimbM,,b,4,,,single
Model1,m1_Arm.Stature.Eth,m1_Arm.Stature.Eth___ClimbM,Arm,Stature,,Y,ClimbM,ClimbM,,b,4,,,single
Model1,m1_Arm.Leg,m1_Arm.Leg___ClimbM,Arm,Leg,,N,ClimbM,ClimbM,,b,4,,,single
Model1,m1_Arm.Leg.Eth,m1_Arm.Leg.Eth___ClimbM,Arm,Leg,,Y,ClimbM,ClimbM,,b,4,,,single
Model1,m1_Arm,m1_Arm___RunF,Arm,,,N,RunF,RunF,,b,1,,,single
Model1,m1_Arm.Eth,m1_Arm.Eth___RunF,Arm,,,Y,RunF,RunF,,b,1,,,single
Model1,m1_Arm.Stature,m1_Arm.Stature___RunF,Arm,Stature,,N,RunF,RunF,,b,1,,,single
Model1,m1_Arm.Stature.Eth,m1_Arm.Stature.Eth___RunF,Arm,Stature,,Y,RunF,RunF,,b,1,,,single
Model1,m1_Arm.Leg,m1_Arm.Leg___RunF,Arm,Leg,,N,RunF,RunF,,b,1,,,single
Model1,m1_Arm.Leg.Eth,m1_Arm.Leg.Eth___RunF,Arm,Leg,,Y,RunF,RunF,,b,1,,,single
Model1,m1_Arm,m1_Arm___ClimbF,Arm,,,N,ClimbF,ClimbF,,b,3,,,single
Model1,m1_Arm.Eth,m1_Arm.Eth___ClimbF,Arm,,,Y,ClimbF,ClimbF,,b,3,,,single
Model1,m1_Arm.Stature,m1_Arm.Stature___ClimbF,Arm,Stature,,N,ClimbF,ClimbF,,b,3,,,single
Model1,m1_Arm.Stature.Eth,m1_Arm.Stature.Eth___ClimbF,Arm,Stature,,Y,ClimbF,ClimbF,,b,3,,,single
Model1,m1_Arm.Leg,m1_Arm.Leg___ClimbF,Arm,Leg,,N,ClimbF,ClimbF,,b,3,,,single
Model1,m1_Arm.Leg.Eth,m1_Arm.Leg.Eth___ClimbF,Arm,Leg,,Y,ClimbF,ClimbF,,b,3,,,single
Model1,m1_Arm,m1_Arm___RunM.RunF,Arm,,,N,RunM.RunF,RunM,RunF,b,2,b,1,difference
Model1,m1_Arm.Eth,m1_Arm.Eth___RunM.RunF,Arm,,,Y,RunM.RunF,RunM,RunF,b,2,b,1,difference
Model1,m1_Arm.Stature,m1_Arm.Stature___RunM.RunF,Arm,Stature,,N,RunM.RunF,RunM,RunF,b,2,b,1,difference
Model1,m1_Arm.Stature.Eth,m1_Arm.Stature.Eth___RunM.RunF,Arm,Stature,,Y,RunM.RunF,RunM,RunF,b,2,b,1,difference
Model1,m1_Arm.Leg,m1_Arm.Leg___RunM.RunF,Arm,Leg,,N,RunM.RunF,RunM,RunF,b,2,b,1,difference
Model1,m1_Arm.Leg.Eth,m1_Arm.Leg.Eth___RunM.RunF,Arm,Leg,,Y,RunM.RunF,RunM,RunF,b,2,b,1,difference
Model1,m1_Arm,m1_Arm___ClimbM.ClimbF,Arm,,,N,ClimbM.ClimbF,ClimbM,ClimbF,b,4,b,3,difference
Model1,m1_Arm.Eth,m1_Arm.Eth___ClimbM.ClimbF,Arm,,,Y,ClimbM.ClimbF,ClimbM,ClimbF,b,4,b,3,difference
Model1,m1_Arm.Stature,m1_Arm.Stature___ClimbM.ClimbF,Arm,Stature,,N,ClimbM.ClimbF,ClimbM,ClimbF,b,4,b,3,difference
Model1,m1_Arm.Stature.Eth,m1_Arm.Stature.Eth___ClimbM.ClimbF,Arm,Stature,,Y,ClimbM.ClimbF,ClimbM,ClimbF,b,4,b,3,difference
Model1,m1_Arm.Leg,m1_Arm.Leg___ClimbM.ClimbF,Arm,Leg,,N,ClimbM.ClimbF,ClimbM,ClimbF,b,4,b,3,difference
Model1,m1_Arm.Leg.Eth,m1_Arm.Leg.Eth___ClimbM.ClimbF,Arm,Leg,,Y,ClimbM.ClimbF,ClimbM,ClimbF,b,4,b,3,difference
Model1,m1_Arm,m1_Arm___ClimbM.RunM,Arm,,,N,ClimbM.RunM,ClimbM,RunM,b,4,b,2,difference
Model1,m1_Arm.Eth,m1_Arm.Eth___ClimbM.RunM,Arm,,,Y,ClimbM.RunM,ClimbM,RunM,b,4,b,2,difference
Model1,m1_Arm.Stature,m1_Arm.Stature___ClimbM.RunM,Arm,Stature,,N,ClimbM.RunM,ClimbM,RunM,b,4,b,2,difference
Model1,m1_Arm.Stature.Eth,m1_Arm.Stature.Eth___ClimbM.RunM,Arm,Stature,,Y,ClimbM.RunM,ClimbM,RunM,b,4,b,2,difference
Model1,m1_Arm.Leg,m1_Arm.Leg___ClimbM.RunM,Arm,Leg,,N,ClimbM.RunM,ClimbM,RunM,b,4,b,2,difference
Model1,m1_Arm.Leg.Eth,m1_Arm.Leg.Eth___ClimbM.RunM,Arm,Leg,,Y,ClimbM.RunM,ClimbM,RunM,b,4,b,2,difference
Model1,m1_Arm,m1_Arm___ClimbF.RunF,Arm,,,N,ClimbF.RunF,ClimbF,RunF,b,3,b,1,difference
Model1,m1_Arm.Eth,m1_Arm.Eth___ClimbF.RunF,Arm,,,Y,ClimbF.RunF,ClimbF,RunF,b,3,b,1,difference
Model1,m1_Arm.Stature,m1_Arm.Stature___ClimbF.RunF,Arm,Stature,,N,ClimbF.RunF,ClimbF,RunF,b,3,b,1,difference
Model1,m1_Arm.Stature.Eth,m1_Arm.Stature.Eth___ClimbF.RunF,Arm,Stature,,Y,ClimbF.RunF,ClimbF,RunF,b,3,b,1,difference
Model1,m1_Arm.Leg,m1_Arm.Leg___ClimbF.RunF,Arm,Leg,,N,ClimbF.RunF,ClimbF,RunF,b,3,b,1,difference
Model1,m1_Arm.Leg.Eth,m1_Arm.Leg.Eth___ClimbF.RunF,Arm,Leg,,Y,ClimbF.RunF,ClimbF,RunF,b,3,b,1,difference
Model1,m1_Humerus,m1_Humerus___RunM,Humerus,,,N,RunM,RunM,,b,2,,,single
Model1,m1_Humerus.Eth,m1_Humerus.Eth___RunM,Humerus,,,Y,RunM,RunM,,b,2,,,single
Model1,m1_Humerus.Stature,m1_Humerus.Stature___RunM,Humerus,Stature,,N,RunM,RunM,,b,2,,,single
Model1,m1_Humerus.Stature.Eth,m1_Humerus.Stature.Eth___RunM,Humerus,Stature,,Y,RunM,RunM,,b,2,,,single
Model1,m1_Humerus.Femur,m1_Humerus.Femur___RunM,Humerus,Femur,,N,RunM,RunM,,b,2,,,single
Model1,m1_Humerus.Femur.Eth,m1_Humerus.Femur.Eth___RunM,Humerus,Femur,,Y,RunM,RunM,,b,2,,,single
Model1,m1_Humerus,m1_Humerus___ClimbM,Humerus,,,N,ClimbM,ClimbM,,b,4,,,single
Model1,m1_Humerus.Eth,m1_Humerus.Eth___ClimbM,Humerus,,,Y,ClimbM,ClimbM,,b,4,,,single
Model1,m1_Humerus.Stature,m1_Humerus.Stature___ClimbM,Humerus,Stature,,N,ClimbM,ClimbM,,b,4,,,single
Model1,m1_Humerus.Stature.Eth,m1_Humerus.Stature.Eth___ClimbM,Humerus,Stature,,Y,ClimbM,ClimbM,,b,4,,,single
Model1,m1_Humerus.Femur,m1_Humerus.Femur___ClimbM,Humerus,Femur,,N,ClimbM,ClimbM,,b,4,,,single
Model1,m1_Humerus.Femur.Eth,m1_Humerus.Femur.Eth___ClimbM,Humerus,Femur,,Y,ClimbM,ClimbM,,b,4,,,single
Model1,m1_Humerus,m1_Humerus___RunF,Humerus,,,N,RunF,RunF,,b,1,,,single
Model1,m1_Humerus.Eth,m1_Humerus.Eth___RunF,Humerus,,,Y,RunF,RunF,,b,1,,,single
Model1,m1_Humerus.Stature,m1_Humerus.Stature___RunF,Humerus,Stature,,N,RunF,RunF,,b,1,,,single
Model1,m1_Humerus.Stature.Eth,m1_Humerus.Stature.Eth___RunF,Humerus,Stature,,Y,RunF,RunF,,b,1,,,single
Model1,m1_Humerus.Femur,m1_Humerus.Femur___RunF,Humerus,Femur,,N,RunF,RunF,,b,1,,,single
Model1,m1_Humerus.Femur.Eth,m1_Humerus.Femur.Eth___RunF,Humerus,Femur,,Y,RunF,RunF,,b,1,,,single
Model1,m1_Humerus,m1_Humerus___ClimbF,Humerus,,,N,ClimbF,ClimbF,,b,3,,,single
Model1,m1_Humerus.Eth,m1_Humerus.Eth___ClimbF,Humerus,,,Y,ClimbF,ClimbF,,b,3,,,single
Model1,m1_Humerus.Stature,m1_Humerus.Stature___ClimbF,Humerus,Stature,,N,ClimbF,ClimbF,,b,3,,,single
Model1,m1_Humerus.Stature.Eth,m1_Humerus.Stature.Eth___ClimbF,Humerus,Stature,,Y,ClimbF,ClimbF,,b,3,,,single
Model1,m1_Humerus.Femur,m1_Humerus.Femur___ClimbF,Humerus,Femur,,N,ClimbF,ClimbF,,b,3,,,single
Model1,m1_Humerus.Femur.Eth,m1_Humerus.Femur.Eth___ClimbF,Humerus,Femur,,Y,ClimbF,ClimbF,,b,3,,,single
Model1,m1_Humerus,m1_Humerus___RunM.RunF,Humerus,,,N,RunM.RunF,RunM,RunF,b,2,b,1,difference
Model1,m1_Humerus.Eth,m1_Humerus.Eth___RunM.RunF,Humerus,,,Y,RunM.RunF,RunM,RunF,b,2,b,1,difference
Model1,m1_Humerus.Stature,m1_Humerus.Stature___RunM.RunF,Humerus,Stature,,N,RunM.RunF,RunM,RunF,b,2,b,1,difference
Model1,m1_Humerus.Stature.Eth,m1_Humerus.Stature.Eth___RunM.RunF,Humerus,Stature,,Y,RunM.RunF,RunM,RunF,b,2,b,1,difference
Model1,m1_Humerus.Femur,m1_Humerus.Femur___RunM.RunF,Humerus,Femur,,N,RunM.RunF,RunM,RunF,b,2,b,1,difference
Model1,m1_Humerus.Femur.Eth,m1_Humerus.Femur.Eth___RunM.RunF,Humerus,Femur,,Y,RunM.RunF,RunM,RunF,b,2,b,1,difference
Model1,m1_Humerus,m1_Humerus___ClimbM.ClimbF,Humerus,,,N,ClimbM.ClimbF,ClimbM,ClimbF,b,4,b,3,difference
Model1,m1_Humerus.Eth,m1_Humerus.Eth___ClimbM.ClimbF,Humerus,,,Y,ClimbM.ClimbF,ClimbM,ClimbF,b,4,b,3,difference
Model1,m1_Humerus.Stature,m1_Humerus.Stature___ClimbM.ClimbF,Humerus,Stature,,N,ClimbM.ClimbF,ClimbM,ClimbF,b,4,b,3,difference
Model1,m1_Humerus.Stature.Eth,m1_Humerus.Stature.Eth___ClimbM.ClimbF,Humerus,Stature,,Y,ClimbM.ClimbF,ClimbM,ClimbF,b,4,b,3,difference
Model1,m1_Humerus.Femur,m1_Humerus.Femur___ClimbM.ClimbF,Humerus,Femur,,N,ClimbM.ClimbF,ClimbM,ClimbF,b,4,b,3,difference
Model1,m1_Humerus.Femur.Eth,m1_Humerus.Femur.Eth___ClimbM.ClimbF,Humerus,Femur,,Y,ClimbM.ClimbF,ClimbM,ClimbF,b,4,b,3,difference
Model1,m1_Humerus,m1_Humerus___ClimbM.RunM,Humerus,,,N,ClimbM.RunM,ClimbM,RunM,b,4,b,2,difference
Model1,m1_Humerus.Eth,m1_Humerus.Eth___ClimbM.RunM,Humerus,,,Y,ClimbM.RunM,ClimbM,RunM,b,4,b,2,difference
Model1,m1_Humerus.Stature,m1_Humerus.Stature___ClimbM.RunM,Humerus,Stature,,N,ClimbM.RunM,ClimbM,RunM,b,4,b,2,difference
Model1,m1_Humerus.Stature.Eth,m1_Humerus.Stature.Eth___ClimbM.RunM,Humerus,Stature,,Y,ClimbM.RunM,ClimbM,RunM,b,4,b,2,difference
Model1,m1_Humerus.Femur,m1_Humerus.Femur___ClimbM.RunM,Humerus,Femur,,N,ClimbM.RunM,ClimbM,RunM,b,4,b,2,difference
Model1,m1_Humerus.Femur.Eth,m1_Humerus.Femur.Eth___ClimbM.RunM,Humerus,Femur,,Y,ClimbM.RunM,ClimbM,RunM,b,4,b,2,difference
Model1,m1_Humerus,m1_Humerus___ClimbF.RunF,Humerus,,,N,ClimbF.RunF,ClimbF,RunF,b,3,b,1,difference
Model1,m1_Humerus.Eth,m1_Humerus.Eth___ClimbF.RunF,Humerus,,,Y,ClimbF.RunF,ClimbF,RunF,b,3,b,1,difference
Model1,m1_Humerus.Stature,m1_Humerus.Stature___ClimbF.RunF,Humerus,Stature,,N,ClimbF.RunF,ClimbF,RunF,b,3,b,1,difference
Model1,m1_Humerus.Stature.Eth,m1_Humerus.Stature.Eth___ClimbF.RunF,Humerus,Stature,,Y,ClimbF.RunF,ClimbF,RunF,b,3,b,1,difference
Model1,m1_Humerus.Femur,m1_Humerus.Femur___ClimbF.RunF,Humerus,Femur,,N,ClimbF.RunF,ClimbF,RunF,b,3,b,1,difference
Model1,m1_Humerus.Femur.Eth,m1_Humerus.Femur.Eth___ClimbF.RunF,Humerus,Femur,,Y,ClimbF.RunF,ClimbF,RunF,b,3,b,1,difference
Model1,m1_ForearmL,m1_ForearmL___RunM,ForearmL,,,N,RunM,RunM,,b,2,,,single
Model1,m1_ForearmL.Eth,m1_ForearmL.Eth___RunM,ForearmL,,,Y,RunM,RunM,,b,2,,,single
Model1,m1_ForearmL.Stature,m1_ForearmL.Stature___RunM,ForearmL,Stature,,N,RunM,RunM,,b,2,,,single
Model1,m1_ForearmL.Stature.Eth,m1_ForearmL.Stature.Eth___RunM,ForearmL,Stature,,Y,RunM,RunM,,b,2,,,single
Model1,m1_ForearmL.Humerus,m1_ForearmL.Humerus___RunM,ForearmL,Humerus,,N,RunM,RunM,,b,2,,,single
Model1,m1_ForearmL.Humerus.Eth,m1_ForearmL.Humerus.Eth___RunM,ForearmL,Humerus,,Y,RunM,RunM,,b,2,,,single
Model1,m1_ForearmL,m1_ForearmL___ClimbM,ForearmL,,,N,ClimbM,ClimbM,,b,4,,,single
Model1,m1_ForearmL.Eth,m1_ForearmL.Eth___ClimbM,ForearmL,,,Y,ClimbM,ClimbM,,b,4,,,single
Model1,m1_ForearmL.Stature,m1_ForearmL.Stature___ClimbM,ForearmL,Stature,,N,ClimbM,ClimbM,,b,4,,,single
Model1,m1_ForearmL.Stature.Eth,m1_ForearmL.Stature.Eth___ClimbM,ForearmL,Stature,,Y,ClimbM,ClimbM,,b,4,,,single
Model1,m1_ForearmL.Humerus,m1_ForearmL.Humerus___ClimbM,ForearmL,Humerus,,N,ClimbM,ClimbM,,b,4,,,single
Model1,m1_ForearmL.Humerus.Eth,m1_ForearmL.Humerus.Eth___ClimbM,ForearmL,Humerus,,Y,ClimbM,ClimbM,,b,4,,,single
Model1,m1_ForearmL,m1_ForearmL___RunF,ForearmL,,,N,RunF,RunF,,b,1,,,single
Model1,m1_ForearmL.Eth,m1_ForearmL.Eth___RunF,ForearmL,,,Y,RunF,RunF,,b,1,,,single
Model1,m1_ForearmL.Stature,m1_ForearmL.Stature___RunF,ForearmL,Stature,,N,RunF,RunF,,b,1,,,single
Model1,m1_ForearmL.Stature.Eth,m1_ForearmL.Stature.Eth___RunF,ForearmL,Stature,,Y,RunF,RunF,,b,1,,,single
Model1,m1_ForearmL.Humerus,m1_ForearmL.Humerus___RunF,ForearmL,Humerus,,N,RunF,RunF,,b,1,,,single
Model1,m1_ForearmL.Humerus.Eth,m1_ForearmL.Humerus.Eth___RunF,ForearmL,Humerus,,Y,RunF,RunF,,b,1,,,single
Model1,m1_ForearmL,m1_ForearmL___ClimbF,ForearmL,,,N,ClimbF,ClimbF,,b,3,,,single
Model1,m1_ForearmL.Eth,m1_ForearmL.Eth___ClimbF,ForearmL,,,Y,ClimbF,ClimbF,,b,3,,,single
Model1,m1_ForearmL.Stature,m1_ForearmL.Stature___ClimbF,ForearmL,Stature,,N,ClimbF,ClimbF,,b,3,,,single
Model1,m1_ForearmL.Stature.Eth,m1_ForearmL.Stature.Eth___ClimbF,ForearmL,Stature,,Y,ClimbF,ClimbF,,b,3,,,single
Model1,m1_ForearmL.Humerus,m1_ForearmL.Humerus___ClimbF,ForearmL,Humerus,,N,ClimbF,ClimbF,,b,3,,,single
Model1,m1_ForearmL.Humerus.Eth,m1_ForearmL.Humerus.Eth___ClimbF,ForearmL,Humerus,,Y,ClimbF,ClimbF,,b,3,,,single
Model1,m1_ForearmL,m1_ForearmL___RunM.RunF,ForearmL,,,N,RunM.RunF,RunM,RunF,b,2,b,1,difference
Model1,m1_ForearmL.Eth,m1_ForearmL.Eth___RunM.RunF,ForearmL,,,Y,RunM.RunF,RunM,RunF,b,2,b,1,difference
Model1,m1_ForearmL.Stature,m1_ForearmL.Stature___RunM.RunF,ForearmL,Stature,,N,RunM.RunF,RunM,RunF,b,2,b,1,difference
Model1,m1_ForearmL.Stature.Eth,m1_ForearmL.Stature.Eth___RunM.RunF,ForearmL,Stature,,Y,RunM.RunF,RunM,RunF,b,2,b,1,difference
Model1,m1_ForearmL.Humerus,m1_ForearmL.Humerus___RunM.RunF,ForearmL,Humerus,,N,RunM.RunF,RunM,RunF,b,2,b,1,difference
Model1,m1_ForearmL.Humerus.Eth,m1_ForearmL.Humerus.Eth___RunM.RunF,ForearmL,Humerus,,Y,RunM.RunF,RunM,RunF,b,2,b,1,difference
Model1,m1_ForearmL,m1_ForearmL___ClimbM.ClimbF,ForearmL,,,N,ClimbM.ClimbF,ClimbM,ClimbF,b,4,b,3,difference
Model1,m1_ForearmL.Eth,m1_ForearmL.Eth___ClimbM.ClimbF,ForearmL,,,Y,ClimbM.ClimbF,ClimbM,ClimbF,b,4,b,3,difference
Model1,m1_ForearmL.Stature,m1_ForearmL.Stature___ClimbM.ClimbF,ForearmL,Stature,,N,ClimbM.ClimbF,ClimbM,ClimbF,b,4,b,3,difference
Model1,m1_ForearmL.Stature.Eth,m1_ForearmL.Stature.Eth___ClimbM.ClimbF,ForearmL,Stature,,Y,ClimbM.ClimbF,ClimbM,ClimbF,b,4,b,3,difference
Model1,m1_ForearmL.Humerus,m1_ForearmL.Humerus___ClimbM.ClimbF,ForearmL,Humerus,,N,ClimbM.ClimbF,ClimbM,ClimbF,b,4,b,3,difference
Model1,m1_ForearmL.Humerus.Eth,m1_ForearmL.Humerus.Eth___ClimbM.ClimbF,ForearmL,Humerus,,Y,ClimbM.ClimbF,ClimbM,ClimbF,b,4,b,3,difference
Model1,m1_ForearmL,m1_ForearmL___ClimbM.RunM,ForearmL,,,N,ClimbM.RunM,ClimbM,RunM,b,4,b,2,difference
Model1,m1_ForearmL.Eth,m1_ForearmL.Eth___ClimbM.RunM,ForearmL,,,Y,ClimbM.RunM,ClimbM,RunM,b,4,b,2,difference
Model1,m1_ForearmL.Stature,m1_ForearmL.Stature___ClimbM.RunM,ForearmL,Stature,,N,ClimbM.RunM,ClimbM,RunM,b,4,b,2,difference
Model1,m1_ForearmL.Stature.Eth,m1_ForearmL.Stature.Eth___ClimbM.RunM,ForearmL,Stature,,Y,ClimbM.RunM,ClimbM,RunM,b,4,b,2,difference
Model1,m1_ForearmL.Humerus,m1_ForearmL.Humerus___ClimbM.RunM,ForearmL,Humerus,,N,ClimbM.RunM,ClimbM,RunM,b,4,b,2,difference
Model1,m1_ForearmL.Humerus.Eth,m1_ForearmL.Humerus.Eth___ClimbM.RunM,ForearmL,Humerus,,Y,ClimbM.RunM,ClimbM,RunM,b,4,b,2,difference
Model1,m1_ForearmL,m1_ForearmL___ClimbF.RunF,ForearmL,,,N,ClimbF.RunF,ClimbF,RunF,b,3,b,1,difference
Model1,m1_ForearmL.Eth,m1_ForearmL.Eth___ClimbF.RunF,ForearmL,,,Y,ClimbF.RunF,ClimbF,RunF,b,3,b,1,difference
Model1,m1_ForearmL.Stature,m1_ForearmL.Stature___ClimbF.RunF,ForearmL,Stature,,N,ClimbF.RunF,ClimbF,RunF,b,3,b,1,difference
Model1,m1_ForearmL.Stature.Eth,m1_ForearmL.Stature.Eth___ClimbF.RunF,ForearmL,Stature,,Y,ClimbF.RunF,ClimbF,RunF,b,3,b,1,difference
Model1,m1_ForearmL.Humerus,m1_ForearmL.Humerus___ClimbF.RunF,ForearmL,Humerus,,N,ClimbF.RunF,ClimbF,RunF,b,3,b,1,difference
Model1,m1_ForearmL.Humerus.Eth,m1_ForearmL.Humerus.Eth___ClimbF.RunF,ForearmL,Humerus,,Y,ClimbF.RunF,ClimbF,RunF,b,3,b,1,difference
Model1,m1_FootLength,m1_FootLength___RunM,FootLength,,,N,RunM,RunM,,b,2,,,single
Model1,m1_FootLength.Eth,m1_FootLength.Eth___RunM,FootLength,,,Y,RunM,RunM,,b,2,,,single
Model1,m1_FootLength.Stature,m1_FootLength.Stature___RunM,FootLength,Stature,,N,RunM,RunM,,b,2,,,single
Model1,m1_FootLength.Stature.Eth,m1_FootLength.Stature.Eth___RunM,FootLength,Stature,,Y,RunM,RunM,,b,2,,,single
Model1,m1_FootLength,m1_FootLength___ClimbM,FootLength,,,N,ClimbM,ClimbM,,b,4,,,single
Model1,m1_FootLength.Eth,m1_FootLength.Eth___ClimbM,FootLength,,,Y,ClimbM,ClimbM,,b,4,,,single
Model1,m1_FootLength.Stature,m1_FootLength.Stature___ClimbM,FootLength,Stature,,N,ClimbM,ClimbM,,b,4,,,single
Model1,m1_FootLength.Stature.Eth,m1_FootLength.Stature.Eth___ClimbM,FootLength,Stature,,Y,ClimbM,ClimbM,,b,4,,,single
Model1,m1_FootLength,m1_FootLength___RunF,FootLength,,,N,RunF,RunF,,b,1,,,single
Model1,m1_FootLength.Eth,m1_FootLength.Eth___RunF,FootLength,,,Y,RunF,RunF,,b,1,,,single
Model1,m1_FootLength.Stature,m1_FootLength.Stature___RunF,FootLength,Stature,,N,RunF,RunF,,b,1,,,single
Model1,m1_FootLength.Stature.Eth,m1_FootLength.Stature.Eth___RunF,FootLength,Stature,,Y,RunF,RunF,,b,1,,,single
Model1,m1_FootLength,m1_FootLength___ClimbF,FootLength,,,N,ClimbF,ClimbF,,b,3,,,single
Model1,m1_FootLength.Eth,m1_FootLength.Eth___ClimbF,FootLength,,,Y,ClimbF,ClimbF,,b,3,,,single
Model1,m1_FootLength.Stature,m1_FootLength.Stature___ClimbF,FootLength,Stature,,N,ClimbF,ClimbF,,b,3,,,single
Model1,m1_FootLength.Stature.Eth,m1_FootLength.Stature.Eth___ClimbF,FootLength,Stature,,Y,ClimbF,ClimbF,,b,3,,,single
Model1,m1_FootLength,m1_FootLength___RunM.RunF,FootLength,,,N,RunM.RunF,RunM,RunF,b,2,b,1,difference
Model1,m1_FootLength.Eth,m1_FootLength.Eth___RunM.RunF,FootLength,,,Y,RunM.RunF,RunM,RunF,b,2,b,1,difference
Model1,m1_FootLength.Stature,m1_FootLength.Stature___RunM.RunF,FootLength,Stature,,N,RunM.RunF,RunM,RunF,b,2,b,1,difference
Model1,m1_FootLength.Stature.Eth,m1_FootLength.Stature.Eth___RunM.RunF,FootLength,Stature,,Y,RunM.RunF,RunM,RunF,b,2,b,1,difference
Model1,m1_FootLength,m1_FootLength___ClimbM.ClimbF,FootLength,,,N,ClimbM.ClimbF,ClimbM,ClimbF,b,4,b,3,difference
Model1,m1_FootLength.Eth,m1_FootLength.Eth___ClimbM.ClimbF,FootLength,,,Y,ClimbM.ClimbF,ClimbM,ClimbF,b,4,b,3,difference
Model1,m1_FootLength.Stature,m1_FootLength.Stature___ClimbM.ClimbF,FootLength,Stature,,N,ClimbM.ClimbF,ClimbM,ClimbF,b,4,b,3,difference
Model1,m1_FootLength.Stature.Eth,m1_FootLength.Stature.Eth___ClimbM.ClimbF,FootLength,Stature,,Y,ClimbM.ClimbF,ClimbM,ClimbF,b,4,b,3,difference
Model1,m1_FootLength,m1_FootLength___ClimbM.RunM,FootLength,,,N,ClimbM.RunM,ClimbM,RunM,b,4,b,2,difference
Model1,m1_FootLength.Eth,m1_FootLength.Eth___ClimbM.RunM,FootLength,,,Y,ClimbM.RunM,ClimbM,RunM,b,4,b,2,difference
Model1,m1_FootLength.Stature,m1_FootLength.Stature___ClimbM.RunM,FootLength,Stature,,N,ClimbM.RunM,ClimbM,RunM,b,4,b,2,difference
Model1,m1_FootLength.Stature.Eth,m1_FootLength.Stature.Eth___ClimbM.RunM,FootLength,Stature,,Y,ClimbM.RunM,ClimbM,RunM,b,4,b,2,difference
Model1,m1_FootLength,m1_FootLength___ClimbF.RunF,FootLength,,,N,ClimbF.RunF,ClimbF,RunF,b,3,b,1,difference
Model1,m1_FootLength.Eth,m1_FootLength.Eth___ClimbF.RunF,FootLength,,,Y,ClimbF.RunF,ClimbF,RunF,b,3,b,1,difference
Model1,m1_FootLength.Stature,m1_FootLength.Stature___ClimbF.RunF,FootLength,Stature,,N,ClimbF.RunF,ClimbF,RunF,b,3,b,1,difference
Model1,m1_FootLength.Stature.Eth,m1_FootLength.Stature.Eth___ClimbF.RunF,FootLength,Stature,,Y,ClimbF.RunF,ClimbF,RunF,b,3,b,1,difference
Model1,m1_FootBreadth,m1_FootBreadth___RunM,FootBreadth,,,N,RunM,RunM,,b,2,,,single
Model1,m1_FootBreadth.Eth,m1_FootBreadth.Eth___RunM,FootBreadth,,,Y,RunM,RunM,,b,2,,,single
Model1,m1_FootBreadth.Stature,m1_FootBreadth.Stature___RunM,FootBreadth,Stature,,N,RunM,RunM,,b,2,,,single
Model1,m1_FootBreadth.Stature.Eth,m1_FootBreadth.Stature.Eth___RunM,FootBreadth,Stature,,Y,RunM,RunM,,b,2,,,single
Model1,m1_FootBreadth,m1_FootBreadth___ClimbM,FootBreadth,,,N,ClimbM,ClimbM,,b,4,,,single
Model1,m1_FootBreadth.Eth,m1_FootBreadth.Eth___ClimbM,FootBreadth,,,Y,ClimbM,ClimbM,,b,4,,,single
Model1,m1_FootBreadth.Stature,m1_FootBreadth.Stature___ClimbM,FootBreadth,Stature,,N,ClimbM,ClimbM,,b,4,,,single
Model1,m1_FootBreadth.Stature.Eth,m1_FootBreadth.Stature.Eth___ClimbM,FootBreadth,Stature,,Y,ClimbM,ClimbM,,b,4,,,single
Model1,m1_FootBreadth,m1_FootBreadth___RunF,FootBreadth,,,N,RunF,RunF,,b,1,,,single
Model1,m1_FootBreadth.Eth,m1_FootBreadth.Eth___RunF,FootBreadth,,,Y,RunF,RunF,,b,1,,,single
Model1,m1_FootBreadth.Stature,m1_FootBreadth.Stature___RunF,FootBreadth,Stature,,N,RunF,RunF,,b,1,,,single
Model1,m1_FootBreadth.Stature.Eth,m1_FootBreadth.Stature.Eth___RunF,FootBreadth,Stature,,Y,RunF,RunF,,b,1,,,single
Model1,m1_FootBreadth,m1_FootBreadth___ClimbF,FootBreadth,,,N,ClimbF,ClimbF,,b,3,,,single
Model1,m1_FootBreadth.Eth,m1_FootBreadth.Eth___ClimbF,FootBreadth,,,Y,ClimbF,ClimbF,,b,3,,,single
Model1,m1_FootBreadth.Stature,m1_FootBreadth.Stature___ClimbF,FootBreadth,Stature,,N,ClimbF,ClimbF,,b,3,,,single
Model1,m1_FootBreadth.Stature.Eth,m1_FootBreadth.Stature.Eth___ClimbF,FootBreadth,Stature,,Y,ClimbF,ClimbF,,b,3,,,single
Model1,m1_FootBreadth,m1_FootBreadth___RunM.RunF,FootBreadth,,,N,RunM.RunF,RunM,RunF,b,2,b,1,difference
Model1,m1_FootBreadth.Eth,m1_FootBreadth.Eth___RunM.RunF,FootBreadth,,,Y,RunM.RunF,RunM,RunF,b,2,b,1,difference
Model1,m1_FootBreadth.Stature,m1_FootBreadth.Stature___RunM.RunF,FootBreadth,Stature,,N,RunM.RunF,RunM,RunF,b,2,b,1,difference
Model1,m1_FootBreadth.Stature.Eth,m1_FootBreadth.Stature.Eth___RunM.RunF,FootBreadth,Stature,,Y,RunM.RunF,RunM,RunF,b,2,b,1,difference
Model1,m1_FootBreadth,m1_FootBreadth___ClimbM.ClimbF,FootBreadth,,,N,ClimbM.ClimbF,ClimbM,ClimbF,b,4,b,3,difference
Model1,m1_FootBreadth.Eth,m1_FootBreadth.Eth___ClimbM.ClimbF,FootBreadth,,,Y,ClimbM.ClimbF,ClimbM,ClimbF,b,4,b,3,difference
Model1,m1_FootBreadth.Stature,m1_FootBreadth.Stature___ClimbM.ClimbF,FootBreadth,Stature,,N,ClimbM.ClimbF,ClimbM,ClimbF,b,4,b,3,difference
Model1,m1_FootBreadth.Stature.Eth,m1_FootBreadth.Stature.Eth___ClimbM.ClimbF,FootBreadth,Stature,,Y,ClimbM.ClimbF,ClimbM,ClimbF,b,4,b,3,difference
Model1,m1_FootBreadth,m1_FootBreadth___ClimbM.RunM,FootBreadth,,,N,ClimbM.RunM,ClimbM,RunM,b,4,b,2,difference
Model1,m1_FootBreadth.Eth,m1_FootBreadth.Eth___ClimbM.RunM,FootBreadth,,,Y,ClimbM.RunM,ClimbM,RunM,b,4,b,2,difference
Model1,m1_FootBreadth.Stature,m1_FootBreadth.Stature___ClimbM.RunM,FootBreadth,Stature,,N,ClimbM.RunM,ClimbM,RunM,b,4,b,2,difference
Model1,m1_FootBreadth.Stature.Eth,m1_FootBreadth.Stature.Eth___ClimbM.RunM,FootBreadth,Stature,,Y,ClimbM.RunM,ClimbM,RunM,b,4,b,2,difference
Model1,m1_FootBreadth,m1_FootBreadth___ClimbF.RunF,FootBreadth,,,N,ClimbF.RunF,ClimbF,RunF,b,3,b,1,difference
Model1,m1_FootBreadth.Eth,m1_FootBreadth.Eth___ClimbF.RunF,FootBreadth,,,Y,ClimbF.RunF,ClimbF,RunF,b,3,b,1,difference
Model1,m1_FootBreadth.Stature,m1_FootBreadth.Stature___ClimbF.RunF,FootBreadth,Stature,,N,ClimbF.RunF,ClimbF,RunF,b,3,b,1,difference
Model1,m1_FootBreadth.Stature.Eth,m1_FootBreadth.Stature.Eth___ClimbF.RunF,FootBreadth,Stature,,Y,ClimbF.RunF,ClimbF,RunF,b,3,b,1,difference
Model1,m1_HandLength,m1_HandLength___RunM,HandLength,,,N,RunM,RunM,,b,2,,,single
Model1,m1_HandLength.Eth,m1_HandLength.Eth___RunM,HandLength,,,Y,RunM,RunM,,b,2,,,single
Model1,m1_HandLength.Stature,m1_HandLength.Stature___RunM,HandLength,Stature,,N,RunM,RunM,,b,2,,,single
Model1,m1_HandLength.Stature.Eth,m1_HandLength.Stature.Eth___RunM,HandLength,Stature,,Y,RunM,RunM,,b,2,,,single
Model1,m1_HandLength,m1_HandLength___ClimbM,HandLength,,,N,ClimbM,ClimbM,,b,4,,,single
Model1,m1_HandLength.Eth,m1_HandLength.Eth___ClimbM,HandLength,,,Y,ClimbM,ClimbM,,b,4,,,single
Model1,m1_HandLength.Stature,m1_HandLength.Stature___ClimbM,HandLength,Stature,,N,ClimbM,ClimbM,,b,4,,,single
Model1,m1_HandLength.Stature.Eth,m1_HandLength.Stature.Eth___ClimbM,HandLength,Stature,,Y,ClimbM,ClimbM,,b,4,,,single
Model1,m1_HandLength,m1_HandLength___RunF,HandLength,,,N,RunF,RunF,,b,1,,,single
Model1,m1_HandLength.Eth,m1_HandLength.Eth___RunF,HandLength,,,Y,RunF,RunF,,b,1,,,single
Model1,m1_HandLength.Stature,m1_HandLength.Stature___RunF,HandLength,Stature,,N,RunF,RunF,,b,1,,,single
Model1,m1_HandLength.Stature.Eth,m1_HandLength.Stature.Eth___RunF,HandLength,Stature,,Y,RunF,RunF,,b,1,,,single
Model1,m1_HandLength,m1_HandLength___ClimbF,HandLength,,,N,ClimbF,ClimbF,,b,3,,,single
Model1,m1_HandLength.Eth,m1_HandLength.Eth___ClimbF,HandLength,,,Y,ClimbF,ClimbF,,b,3,,,single
Model1,m1_HandLength.Stature,m1_HandLength.Stature___ClimbF,HandLength,Stature,,N,ClimbF,ClimbF,,b,3,,,single
Model1,m1_HandLength.Stature.Eth,m1_HandLength.Stature.Eth___ClimbF,HandLength,Stature,,Y,ClimbF,ClimbF,,b,3,,,single
Model1,m1_HandLength,m1_HandLength___RunM.RunF,HandLength,,,N,RunM.RunF,RunM,RunF,b,2,b,1,difference
Model1,m1_HandLength.Eth,m1_HandLength.Eth___RunM.RunF,HandLength,,,Y,RunM.RunF,RunM,RunF,b,2,b,1,difference
Model1,m1_HandLength.Stature,m1_HandLength.Stature___RunM.RunF,HandLength,Stature,,N,RunM.RunF,RunM,RunF,b,2,b,1,difference
Model1,m1_HandLength.Stature.Eth,m1_HandLength.Stature.Eth___RunM.RunF,HandLength,Stature,,Y,RunM.RunF,RunM,RunF,b,2,b,1,difference
Model1,m1_HandLength,m1_HandLength___ClimbM.ClimbF,HandLength,,,N,ClimbM.ClimbF,ClimbM,ClimbF,b,4,b,3,difference
Model1,m1_HandLength.Eth,m1_HandLength.Eth___ClimbM.ClimbF,HandLength,,,Y,ClimbM.ClimbF,ClimbM,ClimbF,b,4,b,3,difference
Model1,m1_HandLength.Stature,m1_HandLength.Stature___ClimbM.ClimbF,HandLength,Stature,,N,ClimbM.ClimbF,ClimbM,ClimbF,b,4,b,3,difference
Model1,m1_HandLength.Stature.Eth,m1_HandLength.Stature.Eth___ClimbM.ClimbF,HandLength,Stature,,Y,ClimbM.ClimbF,ClimbM,ClimbF,b,4,b,3,difference
Model1,m1_HandLength,m1_HandLength___ClimbM.RunM,HandLength,,,N,ClimbM.RunM,ClimbM,RunM,b,4,b,2,difference
Model1,m1_HandLength.Eth,m1_HandLength.Eth___ClimbM.RunM,HandLength,,,Y,ClimbM.RunM,ClimbM,RunM,b,4,b,2,difference
Model1,m1_HandLength.Stature,m1_HandLength.Stature___ClimbM.RunM,HandLength,Stature,,N,ClimbM.RunM,ClimbM,RunM,b,4,b,2,difference
Model1,m1_HandLength.Stature.Eth,m1_HandLength.Stature.Eth___ClimbM.RunM,HandLength,Stature,,Y,ClimbM.RunM,ClimbM,RunM,b,4,b,2,difference
Model1,m1_HandLength,m1_HandLength___ClimbF.RunF,HandLength,,,,ClimbF.RunF,ClimbF,RunF,b,3,b,1,difference
Model1,m1_HandLength.Eth,m1_HandLength.Eth___ClimbF.RunF,HandLength,,,Y,ClimbF.RunF,ClimbF,RunF,b,3,b,1,difference
Model1,m1_HandLength.Stature,m1_HandLength.Stature___ClimbF.RunF,HandLength,Stature,,N,ClimbF.RunF,ClimbF,RunF,b,3,b,1,difference
Model1,m1_HandLength.Stature.Eth,m1_HandLength.Stature.Eth___ClimbF.RunF,HandLength,Stature,,Y,ClimbF.RunF,ClimbF,RunF,b,3,b,1,difference
Model1,m1_HandBreadth,m1_HandBreadth___RunM,HandBreadth,,,N,RunM,RunM,,b,2,,,single
Model1,m1_HandBreadth.Eth,m1_HandBreadth.Eth___RunM,HandBreadth,,,Y,RunM,RunM,,b,2,,,single
Model1,m1_HandBreadth.Stature,m1_HandBreadth.Stature___RunM,HandBreadth,Stature,,N,RunM,RunM,,b,2,,,single
Model1,m1_HandBreadth.Stature.Eth,m1_HandBreadth.Stature.Eth___RunM,HandBreadth,Stature,,Y,RunM,RunM,,b,2,,,single
Model1,m1_HandBreadth,m1_HandBreadth___ClimbM,HandBreadth,,,N,ClimbM,ClimbM,,b,4,,,single
Model1,m1_HandBreadth.Eth,m1_HandBreadth.Eth___ClimbM,HandBreadth,,,Y,ClimbM,ClimbM,,b,4,,,single
Model1,m1_HandBreadth.Stature,m1_HandBreadth.Stature___ClimbM,HandBreadth,Stature,,N,ClimbM,ClimbM,,b,4,,,single
Model1,m1_HandBreadth.Stature.Eth,m1_HandBreadth.Stature.Eth___ClimbM,HandBreadth,Stature,,Y,ClimbM,ClimbM,,b,4,,,single
Model1,m1_HandBreadth,m1_HandBreadth___RunF,HandBreadth,,,N,RunF,RunF,,b,1,,,single
Model1,m1_HandBreadth.Eth,m1_HandBreadth.Eth___RunF,HandBreadth,,,Y,RunF,RunF,,b,1,,,single
Model1,m1_HandBreadth.Stature,m1_HandBreadth.Stature___RunF,HandBreadth,Stature,,N,RunF,RunF,,b,1,,,single
Model1,m1_HandBreadth.Stature.Eth,m1_HandBreadth.Stature.Eth___RunF,HandBreadth,Stature,,Y,RunF,RunF,,b,1,,,single
Model1,m1_HandBreadth,m1_HandBreadth___ClimbF,HandBreadth,,,N,ClimbF,ClimbF,,b,3,,,single
Model1,m1_HandBreadth.Eth,m1_HandBreadth.Eth___ClimbF,HandBreadth,,,Y,ClimbF,ClimbF,,b,3,,,single
Model1,m1_HandBreadth.Stature,m1_HandBreadth.Stature___ClimbF,HandBreadth,Stature,,N,ClimbF,ClimbF,,b,3,,,single
Model1,m1_HandBreadth.Stature.Eth,m1_HandBreadth.Stature.Eth___ClimbF,HandBreadth,Stature,,Y,ClimbF,ClimbF,,b,3,,,single
Model1,m1_HandBreadth,m1_HandBreadth___RunM.RunF,HandBreadth,,,N,RunM.RunF,RunM,RunF,b,2,b,1,difference
Model1,m1_HandBreadth.Eth,m1_HandBreadth.Eth___RunM.RunF,HandBreadth,,,Y,RunM.RunF,RunM,RunF,b,2,b,1,difference
Model1,m1_HandBreadth.Stature,m1_HandBreadth.Stature___RunM.RunF,HandBreadth,Stature,,N,RunM.RunF,RunM,RunF,b,2,b,1,difference
Model1,m1_HandBreadth.Stature.Eth,m1_HandBreadth.Stature.Eth___RunM.RunF,HandBreadth,Stature,,Y,RunM.RunF,RunM,RunF,b,2,b,1,difference
Model1,m1_HandBreadth,m1_HandBreadth___ClimbM.ClimbF,HandBreadth,,,N,ClimbM.ClimbF,ClimbM,ClimbF,b,4,b,3,difference
Model1,m1_HandBreadth.Eth,m1_HandBreadth.Eth___ClimbM.ClimbF,HandBreadth,,,Y,ClimbM.ClimbF,ClimbM,ClimbF,b,4,b,3,difference
Model1,m1_HandBreadth.Stature,m1_HandBreadth.Stature___ClimbM.ClimbF,HandBreadth,Stature,,N,ClimbM.ClimbF,ClimbM,ClimbF,b,4,b,3,difference
Model1,m1_HandBreadth.Stature.Eth,m1_HandBreadth.Stature.Eth___ClimbM.ClimbF,HandBreadth,Stature,,Y,ClimbM.ClimbF,ClimbM,ClimbF,b,4,b,3,difference
Model1,m1_HandBreadth,m1_HandBreadth___ClimbM.RunM,HandBreadth,,,N,ClimbM.RunM,ClimbM,RunM,b,4,b,2,difference
Model1,m1_HandBreadth.Eth,m1_HandBreadth.Eth___ClimbM.RunM,HandBreadth,,,Y,ClimbM.RunM,ClimbM,RunM,b,4,b,2,difference
Model1,m1_HandBreadth.Stature,m1_HandBreadth.Stature___ClimbM.RunM,HandBreadth,Stature,,N,ClimbM.RunM,ClimbM,RunM,b,4,b,2,difference
Model1,m1_HandBreadth.Stature.Eth,m1_HandBreadth.Stature.Eth___ClimbM.RunM,HandBreadth,Stature,,Y,ClimbM.RunM,ClimbM,RunM,b,4,b,2,difference
Model1,m1_HandBreadth,m1_HandBreadth___ClimbF.RunF,HandBreadth,,,N,ClimbF.RunF,ClimbF,RunF,b,3,b,1,difference
Model1,m1_HandBreadth.Eth,m1_HandBreadth.Eth___ClimbF.RunF,HandBreadth,,,Y,ClimbF.RunF,ClimbF,RunF,b,3,b,1,difference
Model1,m1_HandBreadth.Stature,m1_HandBreadth.Stature___ClimbF.RunF,HandBreadth,Stature,,N,ClimbF.RunF,ClimbF,RunF,b,3,b,1,difference
Model1,m1_HandBreadth.Stature.Eth,m1_HandBreadth.Stature.Eth___ClimbF.RunF,HandBreadth,Stature,,Y,ClimbF.RunF,ClimbF,RunF,b,3,b,1,difference
Model1,m1_Finger,m1_Finger___RunM,Finger,,,N,RunM,RunM,,b,2,,,single
Model1,m1_Finger.Eth,m1_Finger.Eth___RunM,Finger,,,Y,RunM,RunM,,b,2,,,single
Model1,m1_Finger.Stature,m1_Finger.Stature___RunM,Finger,Stature,,N,RunM,RunM,,b,2,,,single
Model1,m1_Finger.Stature.Eth,m1_Finger.Stature.Eth___RunM,Finger,Stature,,Y,RunM,RunM,,b,2,,,single
Model1,m1_Finger.HandLength,m1_Finger.HandLength___RunM,Finger,HandLength,,N,RunM,RunM,,b,2,,,single
Model1,m1_Finger.HandLength.Eth,m1_Finger.HandLength.Eth___RunM,Finger,HandLength,,Y,RunM,RunM,,b,2,,,single
Model1,m1_Finger,m1_Finger___ClimbM,Finger,,,N,ClimbM,ClimbM,,b,4,,,single
Model1,m1_Finger.Eth,m1_Finger.Eth___ClimbM,Finger,,,Y,ClimbM,ClimbM,,b,4,,,single
Model1,m1_Finger.Stature,m1_Finger.Stature___ClimbM,Finger,Stature,,N,ClimbM,ClimbM,,b,4,,,single
Model1,m1_Finger.Stature.Eth,m1_Finger.Stature.Eth___ClimbM,Finger,Stature,,Y,ClimbM,ClimbM,,b,4,,,single
Model1,m1_Finger.HandLength,m1_Finger.HandLength___ClimbM,Finger,HandLength,,N,ClimbM,ClimbM,,b,4,,,single
Model1,m1_Finger.HandLength.Eth,m1_Finger.HandLength.Eth___ClimbM,Finger,HandLength,,Y,ClimbM,ClimbM,,b,4,,,single
Model1,m1_Finger,m1_Finger___RunF,Finger,,,N,RunF,RunF,,b,1,,,single
Model1,m1_Finger.Eth,m1_Finger.Eth___RunF,Finger,,,Y,RunF,RunF,,b,1,,,single
Model1,m1_Finger.Stature,m1_Finger.Stature___RunF,Finger,Stature,,N,RunF,RunF,,b,1,,,single
Model1,m1_Finger.Stature.Eth,m1_Finger.Stature.Eth___RunF,Finger,Stature,,Y,RunF,RunF,,b,1,,,single
Model1,m1_Finger.HandLength,m1_Finger.HandLength___RunF,Finger,HandLength,,N,RunF,RunF,,b,1,,,single
Model1,m1_Finger.HandLength.Eth,m1_Finger.HandLength.Eth___RunF,Finger,HandLength,,Y,RunF,RunF,,b,1,,,single
Model1,m1_Finger,m1_Finger___ClimbF,Finger,,,N,ClimbF,ClimbF,,b,3,,,single
Model1,m1_Finger.Eth,m1_Finger.Eth___ClimbF,Finger,,,Y,ClimbF,ClimbF,,b,3,,,single
Model1,m1_Finger.Stature,m1_Finger.Stature___ClimbF,Finger,Stature,,N,ClimbF,ClimbF,,b,3,,,single
Model1,m1_Finger.Stature.Eth,m1_Finger.Stature.Eth___ClimbF,Finger,Stature,,Y,ClimbF,ClimbF,,b,3,,,single
Model1,m1_Finger.HandLength,m1_Finger.HandLength___ClimbF,Finger,HandLength,,N,ClimbF,ClimbF,,b,3,,,single
Model1,m1_Finger.HandLength.Eth,m1_Finger.HandLength.Eth___ClimbF,Finger,HandLength,,Y,ClimbF,ClimbF,,b,3,,,single
Model1,m1_Finger,m1_Finger___RunM.RunF,Finger,,,N,RunM.RunF,RunM,RunF,b,2,b,1,difference
Model1,m1_Finger.Eth,m1_Finger.Eth___RunM.RunF,Finger,,,Y,RunM.RunF,RunM,RunF,b,2,b,1,difference
Model1,m1_Finger.Stature,m1_Finger.Stature___RunM.RunF,Finger,Stature,,N,RunM.RunF,RunM,RunF,b,2,b,1,difference
Model1,m1_Finger.Stature.Eth,m1_Finger.Stature.Eth___RunM.RunF,Finger,Stature,,Y,RunM.RunF,RunM,RunF,b,2,b,1,difference
Model1,m1_Finger.HandLength,m1_Finger.HandLength___RunM.RunF,Finger,HandLength,,N,RunM.RunF,RunM,RunF,b,2,b,1,difference
Model1,m1_Finger.HandLength.Eth,m1_Finger.HandLength.Eth___RunM.RunF,Finger,HandLength,,Y,RunM.RunF,RunM,RunF,b,2,b,1,difference
Model1,m1_Finger,m1_Finger___ClimbM.ClimbF,Finger,,,N,ClimbM.ClimbF,ClimbM,ClimbF,b,4,b,3,difference
Model1,m1_Finger.Eth,m1_Finger.Eth___ClimbM.ClimbF,Finger,,,Y,ClimbM.ClimbF,ClimbM,ClimbF,b,4,b,3,difference
Model1,m1_Finger.Stature,m1_Finger.Stature___ClimbM.ClimbF,Finger,Stature,,N,ClimbM.ClimbF,ClimbM,ClimbF,b,4,b,3,difference
Model1,m1_Finger.Stature.Eth,m1_Finger.Stature.Eth___ClimbM.ClimbF,Finger,Stature,,Y,ClimbM.ClimbF,ClimbM,ClimbF,b,4,b,3,difference
Model1,m1_Finger.HandLength,m1_Finger.HandLength___ClimbM.ClimbF,Finger,HandLength,,N,ClimbM.ClimbF,ClimbM,ClimbF,b,4,b,3,difference
Model1,m1_Finger.HandLength.Eth,m1_Finger.HandLength.Eth___ClimbM.ClimbF,Finger,HandLength,,Y,ClimbM.ClimbF,ClimbM,ClimbF,b,4,b,3,difference
Model1,m1_Finger,m1_Finger___ClimbM.RunM,Finger,,,N,ClimbM.RunM,ClimbM,RunM,b,4,b,2,difference
Model1,m1_Finger.Eth,m1_Finger.Eth___ClimbM.RunM,Finger,,,Y,ClimbM.RunM,ClimbM,RunM,b,4,b,2,difference
Model1,m1_Finger.Stature,m1_Finger.Stature___ClimbM.RunM,Finger,Stature,,N,ClimbM.RunM,ClimbM,RunM,b,4,b,2,difference
Model1,m1_Finger.Stature.Eth,m1_Finger.Stature.Eth___ClimbM.RunM,Finger,Stature,,Y,ClimbM.RunM,ClimbM,RunM,b,4,b,2,difference
Model1,m1_Finger.HandLength,m1_Finger.HandLength___ClimbM.RunM,Finger,HandLength,,N,ClimbM.RunM,ClimbM,RunM,b,4,b,2,difference
Model1,m1_Finger.HandLength.Eth,m1_Finger.HandLength.Eth___ClimbM.RunM,Finger,HandLength,,Y,ClimbM.RunM,ClimbM,RunM,b,4,b,2,difference
Model1,m1_Finger,m1_Finger___ClimbF.RunF,Finger,,,N,ClimbF.RunF,ClimbF,RunF,b,3,b,1,difference
Model1,m1_Finger.Eth,m1_Finger.Eth___ClimbF.RunF,Finger,,,Y,ClimbF.RunF,ClimbF,RunF,b,3,b,1,difference
Model1,m1_Finger.Stature,m1_Finger.Stature___ClimbF.RunF,Finger,Stature,,N,ClimbF.RunF,ClimbF,RunF,b,3,b,1,difference
Model1,m1_Finger.Stature.Eth,m1_Finger.Stature.Eth___ClimbF.RunF,Finger,Stature,,Y,ClimbF.RunF,ClimbF,RunF,b,3,b,1,difference
Model1,m1_Finger.HandLength,m1_Finger.HandLength___ClimbF.RunF,Finger,HandLength,,N,ClimbF.RunF,ClimbF,RunF,b,3,b,1,difference
Model1,m1_Finger.HandLength.Eth,m1_Finger.HandLength.Eth___ClimbF.RunF,Finger,HandLength,,Y,ClimbF.RunF,ClimbF,RunF,b,3,b,1,difference
Model1,m1_Biiliac,m1_Biiliac___RunM,Biiliac,,,N,RunM,RunM,,b,2,,,single
Model1,m1_Biiliac.Eth,m1_Biiliac.Eth___RunM,Biiliac,,,Y,RunM,RunM,,b,2,,,single
Model1,m1_Biiliac.Stature,m1_Biiliac.Stature___RunM,Biiliac,Stature,,N,RunM,RunM,,b,2,,,single
Model1,m1_Biiliac.Stature.Eth,m1_Biiliac.Stature.Eth___RunM,Biiliac,Stature,,Y,RunM,RunM,,b,2,,,single
Model1,m1_Biiliac,m1_Biiliac___ClimbM,Biiliac,,,N,ClimbM,ClimbM,,b,4,,,single
Model1,m1_Biiliac.Eth,m1_Biiliac.Eth___ClimbM,Biiliac,,,Y,ClimbM,ClimbM,,b,4,,,single
Model1,m1_Biiliac.Stature,m1_Biiliac.Stature___ClimbM,Biiliac,Stature,,N,ClimbM,ClimbM,,b,4,,,single
Model1,m1_Biiliac.Stature.Eth,m1_Biiliac.Stature.Eth___ClimbM,Biiliac,Stature,,Y,ClimbM,ClimbM,,b,4,,,single
Model1,m1_Biiliac,m1_Biiliac___RunF,Biiliac,,,N,RunF,RunF,,b,1,,,single
Model1,m1_Biiliac.Eth,m1_Biiliac.Eth___RunF,Biiliac,,,Y,RunF,RunF,,b,1,,,single
Model1,m1_Biiliac.Stature,m1_Biiliac.Stature___RunF,Biiliac,Stature,,N,RunF,RunF,,b,1,,,single
Model1,m1_Biiliac.Stature.Eth,m1_Biiliac.Stature.Eth___RunF,Biiliac,Stature,,Y,RunF,RunF,,b,1,,,single
Model1,m1_Biiliac,m1_Biiliac___ClimbF,Biiliac,,,N,ClimbF,ClimbF,,b,3,,,single
Model1,m1_Biiliac.Eth,m1_Biiliac.Eth___ClimbF,Biiliac,,,Y,ClimbF,ClimbF,,b,3,,,single
Model1,m1_Biiliac.Stature,m1_Biiliac.Stature___ClimbF,Biiliac,Stature,,N,ClimbF,ClimbF,,b,3,,,single
Model1,m1_Biiliac.Stature.Eth,m1_Biiliac.Stature.Eth___ClimbF,Biiliac,Stature,,Y,ClimbF,ClimbF,,b,3,,,single
Model1,m1_Biiliac,m1_Biiliac___RunM.RunF,Biiliac,,,N,RunM.RunF,RunM,RunF,b,2,b,1,difference
Model1,m1_Biiliac.Eth,m1_Biiliac.Eth___RunM.RunF,Biiliac,,,Y,RunM.RunF,RunM,RunF,b,2,b,1,difference
Model1,m1_Biiliac.Stature,m1_Biiliac.Stature___RunM.RunF,Biiliac,Stature,,N,RunM.RunF,RunM,RunF,b,2,b,1,difference
Model1,m1_Biiliac.Stature.Eth,m1_Biiliac.Stature.Eth___RunM.RunF,Biiliac,Stature,,Y,RunM.RunF,RunM,RunF,b,2,b,1,difference
Model1,m1_Biiliac,m1_Biiliac___ClimbM.ClimbF,Biiliac,,,N,ClimbM.ClimbF,ClimbM,ClimbF,b,4,b,3,difference
Model1,m1_Biiliac.Eth,m1_Biiliac.Eth___ClimbM.ClimbF,Biiliac,,,Y,ClimbM.ClimbF,ClimbM,ClimbF,b,4,b,3,difference
Model1,m1_Biiliac.Stature,m1_Biiliac.Stature___ClimbM.ClimbF,Biiliac,Stature,,N,ClimbM.ClimbF,ClimbM,ClimbF,b,4,b,3,difference
Model1,m1_Biiliac.Stature.Eth,m1_Biiliac.Stature.Eth___ClimbM.ClimbF,Biiliac,Stature,,Y,ClimbM.ClimbF,ClimbM,ClimbF,b,4,b,3,difference
Model1,m1_Biiliac,m1_Biiliac___ClimbM.RunM,Biiliac,,,N,ClimbM.RunM,ClimbM,RunM,b,4,b,2,difference
Model1,m1_Biiliac.Eth,m1_Biiliac.Eth___ClimbM.RunM,Biiliac,,,Y,ClimbM.RunM,ClimbM,RunM,b,4,b,2,difference
Model1,m1_Biiliac.Stature,m1_Biiliac.Stature___ClimbM.RunM,Biiliac,Stature,,N,ClimbM.RunM,ClimbM,RunM,b,4,b,2,difference
Model1,m1_Biiliac.Stature.Eth,m1_Biiliac.Stature.Eth___ClimbM.RunM,Biiliac,Stature,,Y,ClimbM.RunM,ClimbM,RunM,b,4,b,2,difference
Model1,m1_Biiliac,m1_Biiliac___ClimbF.RunF,Biiliac,,,N,ClimbF.RunF,ClimbF,RunF,b,3,b,1,difference
Model1,m1_Biiliac.Eth,m1_Biiliac.Eth___ClimbF.RunF,Biiliac,,,Y,ClimbF.RunF,ClimbF,RunF,b,3,b,1,difference
Model1,m1_Biiliac.Stature,m1_Biiliac.Stature___ClimbF.RunF,Biiliac,Stature,,N,ClimbF.RunF,ClimbF,RunF,b,3,b,1,difference
Model1,m1_Biiliac.Stature.Eth,m1_Biiliac.Stature.Eth___ClimbF.RunF,Biiliac,Stature,,Y,ClimbF.RunF,ClimbF,RunF,b,3,b,1,difference
Model1,m1_Biacrom,m1_Biacrom___RunM,Biacrom,,,N,RunM,RunM,,b,2,,,single
Model1,m1_Biacrom.Eth,m1_Biacrom.Eth___RunM,Biacrom,,,Y,RunM,RunM,,b,2,,,single
Model1,m1_Biacrom.Stature,m1_Biacrom.Stature___RunM,Biacrom,Stature,,N,RunM,RunM,,b,2,,,single
Model1,m1_Biacrom.Stature.Eth,m1_Biacrom.Stature.Eth___RunM,Biacrom,Stature,,Y,RunM,RunM,,b,2,,,single
Model1,m1_Biacrom.Biiliac,m1_Biacrom.Biiliac___RunM,Biacrom,Biiliac,,N,RunM,RunM,,b,2,,,single
Model1,m1_Biacrom.Biiliac.Eth,m1_Biacrom.Biiliac.Eth___RunM,Biacrom,Biiliac,,Y,RunM,RunM,,b,2,,,single
Model1,m1_Biacrom,m1_Biacrom___ClimbM,Biacrom,,,N,ClimbM,ClimbM,,b,4,,,single
Model1,m1_Biacrom.Eth,m1_Biacrom.Eth___ClimbM,Biacrom,,,Y,ClimbM,ClimbM,,b,4,,,single
Model1,m1_Biacrom.Stature,m1_Biacrom.Stature___ClimbM,Biacrom,Stature,,N,ClimbM,ClimbM,,b,4,,,single
Model1,m1_Biacrom.Stature.Eth,m1_Biacrom.Stature.Eth___ClimbM,Biacrom,Stature,,Y,ClimbM,ClimbM,,b,4,,,single
Model1,m1_Biacrom.Biiliac,m1_Biacrom.Biiliac___ClimbM,Biacrom,Biiliac,,N,ClimbM,ClimbM,,b,4,,,single
Model1,m1_Biacrom.Biiliac.Eth,m1_Biacrom.Biiliac.Eth___ClimbM,Biacrom,Biiliac,,Y,ClimbM,ClimbM,,b,4,,,single
Model1,m1_Biacrom,m1_Biacrom___RunF,Biacrom,,,N,RunF,RunF,,b,1,,,single
Model1,m1_Biacrom.Eth,m1_Biacrom.Eth___RunF,Biacrom,,,Y,RunF,RunF,,b,1,,,single
Model1,m1_Biacrom.Stature,m1_Biacrom.Stature___RunF,Biacrom,Stature,,N,RunF,RunF,,b,1,,,single
Model1,m1_Biacrom.Stature.Eth,m1_Biacrom.Stature.Eth___RunF,Biacrom,Stature,,Y,RunF,RunF,,b,1,,,single
Model1,m1_Biacrom.Biiliac,m1_Biacrom.Biiliac___RunF,Biacrom,Biiliac,,N,RunF,RunF,,b,1,,,single
Model1,m1_Biacrom.Biiliac.Eth,m1_Biacrom.Biiliac.Eth___RunF,Biacrom,Biiliac,,Y,RunF,RunF,,b,1,,,single
Model1,m1_Biacrom,m1_Biacrom___ClimbF,Biacrom,,,N,ClimbF,ClimbF,,b,3,,,single
Model1,m1_Biacrom.Eth,m1_Biacrom.Eth___ClimbF,Biacrom,,,Y,ClimbF,ClimbF,,b,3,,,single
Model1,m1_Biacrom.Stature,m1_Biacrom.Stature___ClimbF,Biacrom,Stature,,N,ClimbF,ClimbF,,b,3,,,single
Model1,m1_Biacrom.Stature.Eth,m1_Biacrom.Stature.Eth___ClimbF,Biacrom,Stature,,Y,ClimbF,ClimbF,,b,3,,,single
Model1,m1_Biacrom.Biiliac,m1_Biacrom.Biiliac___ClimbF,Biacrom,Biiliac,,N,ClimbF,ClimbF,,b,3,,,single
Model1,m1_Biacrom.Biiliac.Eth,m1_Biacrom.Biiliac.Eth___ClimbF,Biacrom,Biiliac,,Y,ClimbF,ClimbF,,b,3,,,single
Model1,m1_Biacrom,m1_Biacrom___RunM.RunF,Biacrom,,,N,RunM.RunF,RunM,RunF,b,2,b,1,difference
Model1,m1_Biacrom.Eth,m1_Biacrom.Eth___RunM.RunF,Biacrom,,,Y,RunM.RunF,RunM,RunF,b,2,b,1,difference
Model1,m1_Biacrom.Stature,m1_Biacrom.Stature___RunM.RunF,Biacrom,Stature,,N,RunM.RunF,RunM,RunF,b,2,b,1,difference
Model1,m1_Biacrom.Stature.Eth,m1_Biacrom.Stature.Eth___RunM.RunF,Biacrom,Stature,,Y,RunM.RunF,RunM,RunF,b,2,b,1,difference
Model1,m1_Biacrom.Biiliac,m1_Biacrom.Biiliac___RunM.RunF,Biacrom,Biiliac,,N,RunM.RunF,RunM,RunF,b,2,b,1,difference
Model1,m1_Biacrom.Biiliac.Eth,m1_Biacrom.Biiliac.Eth___RunM.RunF,Biacrom,Biiliac,,Y,RunM.RunF,RunM,RunF,b,2,b,1,difference
Model1,m1_Biacrom,m1_Biacrom___ClimbM.ClimbF,Biacrom,,,N,ClimbM.ClimbF,ClimbM,ClimbF,b,4,b,3,difference
Model1,m1_Biacrom.Eth,m1_Biacrom.Eth___ClimbM.ClimbF,Biacrom,,,Y,ClimbM.ClimbF,ClimbM,ClimbF,b,4,b,3,difference
Model1,m1_Biacrom.Stature,m1_Biacrom.Stature___ClimbM.ClimbF,Biacrom,Stature,,N,ClimbM.ClimbF,ClimbM,ClimbF,b,4,b,3,difference
Model1,m1_Biacrom.Stature.Eth,m1_Biacrom.Stature.Eth___ClimbM.ClimbF,Biacrom,Stature,,Y,ClimbM.ClimbF,ClimbM,ClimbF,b,4,b,3,difference
Model1,m1_Biacrom.Biiliac,m1_Biacrom.Biiliac___ClimbM.ClimbF,Biacrom,Biiliac,,N,ClimbM.ClimbF,ClimbM,ClimbF,b,4,b,3,difference
Model1,m1_Biacrom.Biiliac.Eth,m1_Biacrom.Biiliac.Eth___ClimbM.ClimbF,Biacrom,Biiliac,,Y,ClimbM.ClimbF,ClimbM,ClimbF,b,4,b,3,difference
Model1,m1_Biacrom,m1_Biacrom___ClimbM.RunM,Biacrom,,,N,ClimbM.RunM,ClimbM,RunM,b,4,b,2,difference
Model1,m1_Biacrom.Eth,m1_Biacrom.Eth___ClimbM.RunM,Biacrom,,,Y,ClimbM.RunM,ClimbM,RunM,b,4,b,2,difference
Model1,m1_Biacrom.Stature,m1_Biacrom.Stature___ClimbM.RunM,Biacrom,Stature,,N,ClimbM.RunM,ClimbM,RunM,b,4,b,2,difference
Model1,m1_Biacrom.Stature.Eth,m1_Biacrom.Stature.Eth___ClimbM.RunM,Biacrom,Stature,,Y,ClimbM.RunM,ClimbM,RunM,b,4,b,2,difference
Model1,m1_Biacrom.Biiliac,m1_Biacrom.Biiliac___ClimbM.RunM,Biacrom,Biiliac,,N,ClimbM.RunM,ClimbM,RunM,b,4,b,2,difference
Model1,m1_Biacrom.Biiliac.Eth,m1_Biacrom.Biiliac.Eth___ClimbM.RunM,Biacrom,Biiliac,,Y,ClimbM.RunM,ClimbM,RunM,b,4,b,2,difference
Model1,m1_Biacrom,m1_Biacrom___ClimbF.RunF,Biacrom,,,N,ClimbF.RunF,ClimbF,RunF,b,3,b,1,difference
Model1,m1_Biacrom.Eth,m1_Biacrom.Eth___ClimbF.RunF,Biacrom,,,Y,ClimbF.RunF,ClimbF,RunF,b,3,b,1,difference
Model1,m1_Biacrom.Stature,m1_Biacrom.Stature___ClimbF.RunF,Biacrom,Stature,,N,ClimbF.RunF,ClimbF,RunF,b,3,b,1,difference
Model1,m1_Biacrom.Stature.Eth,m1_Biacrom.Stature.Eth___ClimbF.RunF,Biacrom,Stature,,Y,ClimbF.RunF,ClimbF,RunF,b,3,b,1,difference
Model1,m1_Biacrom.Biiliac,m1_Biacrom.Biiliac___ClimbF.RunF,Biacrom,Biiliac,,N,ClimbF.RunF,ClimbF,RunF,b,3,b,1,difference
Model1,m1_Biacrom.Biiliac.Eth,m1_Biacrom.Biiliac.Eth___ClimbF.RunF,Biacrom,Biiliac,,Y,ClimbF.RunF,ClimbF,RunF,b,3,b,1,difference
Model1,m1_Mass,m1_Mass___RunM,Mass,,,N,RunM,RunM,,b,2,,,single
Model1,m1_Mass.Eth,m1_Mass.Eth___RunM,Mass,,,Y,RunM,RunM,,b,2,,,single
Model1,m1_Mass.Stature,m1_Mass.Stature___RunM,Mass,Stature,,N,RunM,RunM,,b,2,,,single
Model1,m1_Mass.Stature.Eth,m1_Mass.Stature.Eth___RunM,Mass,Stature,,Y,RunM,RunM,,b,2,,,single
Model1,m1_Mass,m1_Mass___ClimbM,Mass,,,N,ClimbM,ClimbM,,b,4,,,single
Model1,m1_Mass.Eth,m1_Mass.Eth___ClimbM,Mass,,,Y,ClimbM,ClimbM,,b,4,,,single
Model1,m1_Mass.Stature,m1_Mass.Stature___ClimbM,Mass,Stature,,N,ClimbM,ClimbM,,b,4,,,single
Model1,m1_Mass.Stature.Eth,m1_Mass.Stature.Eth___ClimbM,Mass,Stature,,Y,ClimbM,ClimbM,,b,4,,,single
Model1,m1_Mass,m1_Mass___RunF,Mass,,,N,RunF,RunF,,b,1,,,single
Model1,m1_Mass.Eth,m1_Mass.Eth___RunF,Mass,,,Y,RunF,RunF,,b,1,,,single
Model1,m1_Mass.Stature,m1_Mass.Stature___RunF,Mass,Stature,,N,RunF,RunF,,b,1,,,single
Model1,m1_Mass.Stature.Eth,m1_Mass.Stature.Eth___RunF,Mass,Stature,,Y,RunF,RunF,,b,1,,,single
Model1,m1_Mass,m1_Mass___ClimbF,Mass,,,N,ClimbF,ClimbF,,b,3,,,single
Model1,m1_Mass.Eth,m1_Mass.Eth___ClimbF,Mass,,,Y,ClimbF,ClimbF,,b,3,,,single
Model1,m1_Mass.Stature,m1_Mass.Stature___ClimbF,Mass,Stature,,N,ClimbF,ClimbF,,b,3,,,single
Model1,m1_Mass.Stature.Eth,m1_Mass.Stature.Eth___ClimbF,Mass,Stature,,Y,ClimbF,ClimbF,,b,3,,,single
Model1,m1_Mass,m1_Mass___RunM.RunF,Mass,,,N,RunM.RunF,RunM,RunF,b,2,b,1,difference
Model1,m1_Mass.Eth,m1_Mass.Eth___RunM.RunF,Mass,,,Y,RunM.RunF,RunM,RunF,b,2,b,1,difference
Model1,m1_Mass.Stature,m1_Mass.Stature___RunM.RunF,Mass,Stature,,N,RunM.RunF,RunM,RunF,b,2,b,1,difference
Model1,m1_Mass.Stature.Eth,m1_Mass.Stature.Eth___RunM.RunF,Mass,Stature,,Y,RunM.RunF,RunM,RunF,b,2,b,1,difference
Model1,m1_Mass,m1_Mass___ClimbM.ClimbF,Mass,,,N,ClimbM.ClimbF,ClimbM,ClimbF,b,4,b,3,difference
Model1,m1_Mass.Eth,m1_Mass.Eth___ClimbM.ClimbF,Mass,,,Y,ClimbM.ClimbF,ClimbM,ClimbF,b,4,b,3,difference
Model1,m1_Mass.Stature,m1_Mass.Stature___ClimbM.ClimbF,Mass,Stature,,N,ClimbM.ClimbF,ClimbM,ClimbF,b,4,b,3,difference
Model1,m1_Mass.Stature.Eth,m1_Mass.Stature.Eth___ClimbM.ClimbF,Mass,Stature,,Y,ClimbM.ClimbF,ClimbM,ClimbF,b,4,b,3,difference
Model1,m1_Mass,m1_Mass___ClimbM.RunM,Mass,,,N,ClimbM.RunM,ClimbM,RunM,b,4,b,2,difference
Model1,m1_Mass.Eth,m1_Mass.Eth___ClimbM.RunM,Mass,,,Y,ClimbM.RunM,ClimbM,RunM,b,4,b,2,difference
Model1,m1_Mass.Stature,m1_Mass.Stature___ClimbM.RunM,Mass,Stature,,N,ClimbM.RunM,ClimbM,RunM,b,4,b,2,difference
Model1,m1_Mass.Stature.Eth,m1_Mass.Stature.Eth___ClimbM.RunM,Mass,Stature,,Y,ClimbM.RunM,ClimbM,RunM,b,4,b,2,difference
Model1,m1_Mass,m1_Mass___ClimbF.RunF,Mass,,,N,ClimbF.RunF,ClimbF,RunF,b,3,b,1,difference
Model1,m1_Mass.Eth,m1_Mass.Eth___ClimbF.RunF,Mass,,,Y,ClimbF.RunF,ClimbF,RunF,b,3,b,1,difference
Model1,m1_Mass.Stature,m1_Mass.Stature___ClimbF.RunF,Mass,Stature,,N,ClimbF.RunF,ClimbF,RunF,b,3,b,1,difference
Model1,m1_Mass.Stature.Eth,m1_Mass.Stature.Eth___ClimbF.RunF,Mass,Stature,,Y,ClimbF.RunF,ClimbF,RunF,b,3,b,1,difference
Model1,m1_Triceps,m1_Triceps___RunM,Triceps,,,N,RunM,RunM,,b,2,,,single
Model1,m1_Triceps.Eth,m1_Triceps.Eth___RunM,Triceps,,,Y,RunM,RunM,,b,2,,,single
Model1,m1_Triceps.Hrs_Total,m1_Triceps.Hrs_Total___RunM,Triceps,Hrs_Total,,N,RunM,RunM,,b,2,,,single
Model1,m1_Triceps.Hrs_Total.Eth,m1_Triceps.Hrs_Total.Eth___RunM,Triceps,Hrs_Total,,Y,RunM,RunM,,b,2,,,single
Model1,m1_Triceps,m1_Triceps___ClimbM,Triceps,,,N,ClimbM,ClimbM,,b,4,,,single
Model1,m1_Triceps.Eth,m1_Triceps.Eth___ClimbM,Triceps,,,Y,ClimbM,ClimbM,,b,4,,,single
Model1,m1_Triceps.Hrs_Total,m1_Triceps.Hrs_Total___ClimbM,Triceps,Hrs_Total,,N,ClimbM,ClimbM,,b,4,,,single
Model1,m1_Triceps.Hrs_Total.Eth,m1_Triceps.Hrs_Total.Eth___ClimbM,Triceps,Hrs_Total,,Y,ClimbM,ClimbM,,b,4,,,single
Model1,m1_Triceps,m1_Triceps___RunF,Triceps,,,N,RunF,RunF,,b,1,,,single
Model1,m1_Triceps.Eth,m1_Triceps.Eth___RunF,Triceps,,,Y,RunF,RunF,,b,1,,,single
Model1,m1_Triceps.Hrs_Total,m1_Triceps.Hrs_Total___RunF,Triceps,Hrs_Total,,N,RunF,RunF,,b,1,,,single
Model1,m1_Triceps.Hrs_Total.Eth,m1_Triceps.Hrs_Total.Eth___RunF,Triceps,Hrs_Total,,Y,RunF,RunF,,b,1,,,single
Model1,m1_Triceps,m1_Triceps___ClimbF,Triceps,,,N,ClimbF,ClimbF,,b,3,,,single
Model1,m1_Triceps.Eth,m1_Triceps.Eth___ClimbF,Triceps,,,Y,ClimbF,ClimbF,,b,3,,,single
Model1,m1_Triceps.Hrs_Total,m1_Triceps.Hrs_Total___ClimbF,Triceps,Hrs_Total,,N,ClimbF,ClimbF,,b,3,,,single
Model1,m1_Triceps.Hrs_Total.Eth,m1_Triceps.Hrs_Total.Eth___ClimbF,Triceps,Hrs_Total,,Y,ClimbF,ClimbF,,b,3,,,single
Model1,m1_Triceps,m1_Triceps___RunM.RunF,Triceps,,,N,RunM.RunF,RunM,RunF,b,2,b,1,difference
Model1,m1_Triceps.Eth,m1_Triceps.Eth___RunM.RunF,Triceps,,,Y,RunM.RunF,RunM,RunF,b,2,b,1,difference
Model1,m1_Triceps.Hrs_Total,m1_Triceps.Hrs_Total___RunM.RunF,Triceps,Hrs_Total,,N,RunM.RunF,RunM,RunF,b,2,b,1,difference
Model1,m1_Triceps.Hrs_Total.Eth,m1_Triceps.Hrs_Total.Eth___RunM.RunF,Triceps,Hrs_Total,,Y,RunM.RunF,RunM,RunF,b,2,b,1,difference
Model1,m1_Triceps,m1_Triceps___ClimbM.ClimbF,Triceps,,,N,ClimbM.ClimbF,ClimbM,ClimbF,b,4,b,3,difference
Model1,m1_Triceps.Eth,m1_Triceps.Eth___ClimbM.ClimbF,Triceps,,,Y,ClimbM.ClimbF,ClimbM,ClimbF,b,4,b,3,difference
Model1,m1_Triceps.Hrs_Total,m1_Triceps.Hrs_Total___ClimbM.ClimbF,Triceps,Hrs_Total,,N,ClimbM.ClimbF,ClimbM,ClimbF,b,4,b,3,difference
Model1,m1_Triceps.Hrs_Total.Eth,m1_Triceps.Hrs_Total.Eth___ClimbM.ClimbF,Triceps,Hrs_Total,,Y,ClimbM.ClimbF,ClimbM,ClimbF,b,4,b,3,difference
Model1,m1_Triceps,m1_Triceps___ClimbM.RunM,Triceps,,,N,ClimbM.RunM,ClimbM,RunM,b,4,b,2,difference
Model1,m1_Triceps.Eth,m1_Triceps.Eth___ClimbM.RunM,Triceps,,,Y,ClimbM.RunM,ClimbM,RunM,b,4,b,2,difference
Model1,m1_Triceps.Hrs_Total,m1_Triceps.Hrs_Total___ClimbM.RunM,Triceps,Hrs_Total,,N,ClimbM.RunM,ClimbM,RunM,b,4,b,2,difference
Model1,m1_Triceps.Hrs_Total.Eth,m1_Triceps.Hrs_Total.Eth___ClimbM.RunM,Triceps,Hrs_Total,,Y,ClimbM.RunM,ClimbM,RunM,b,4,b,2,difference
Model1,m1_Triceps,m1_Triceps___ClimbF.RunF,Triceps,,,N,ClimbF.RunF,ClimbF,RunF,b,3,b,1,difference
Model1,m1_Triceps.Eth,m1_Triceps.Eth___ClimbF.RunF,Triceps,,,Y,ClimbF.RunF,ClimbF,RunF,b,3,b,1,difference
Model1,m1_Triceps.Hrs_Total,m1_Triceps.Hrs_Total___ClimbF.RunF,Triceps,Hrs_Total,,N,ClimbF.RunF,ClimbF,RunF,b,3,b,1,difference
Model1,m1_Triceps.Hrs_Total.Eth,m1_Triceps.Hrs_Total.Eth___ClimbF.RunF,Triceps,Hrs_Total,,Y,ClimbF.RunF,ClimbF,RunF,b,3,b,1,difference
Model1,m1_ForearmC,m1_ForearmC___RunM,ForearmC,,,N,RunM,RunM,,b,2,,,single
Model1,m1_ForearmC.Eth,m1_ForearmC.Eth___RunM,ForearmC,,,Y,RunM,RunM,,b,2,,,single
Model1,m1_ForearmC.ForearmL,m1_ForearmC.ForearmL___RunM,ForearmC,ForearmL,,N,RunM,RunM,,b,2,,,single
Model1,m1_ForearmC.ForearmL.Eth,m1_ForearmC.ForearmL.Eth___RunM,ForearmC,ForearmL,,Y,RunM,RunM,,b,2,,,single
Model1,m1_ForearmC.Hrs_Total,m1_ForearmC.Hrs_Total___RunM,ForearmC,Hrs_Total,,N,RunM,RunM,,b,2,,,single
Model1,m1_ForearmC.Hrs_Total.Eth,m1_ForearmC.Hrs_Total.Eth___RunM,ForearmC,Hrs_Total,,Y,RunM,RunM,,b,2,,,single
Model1,m1_ForearmC.ForearmL.Hrs_Total,m1_ForearmC.ForearmL.Hrs_Total___RunM,ForearmC,ForearmL,Hrs_Total,N,RunM,RunM,,b,2,,,single
Model1,m1_ForearmC.ForearmL.Hrs_Total.Eth,m1_ForearmC.ForearmL.Hrs_Total.Eth___RunM,ForearmC,ForearmL,Hrs_Total,Y,RunM,RunM,,b,2,,,single
Model1,m1_ForearmC,m1_ForearmC___ClimbM,ForearmC,,,N,ClimbM,ClimbM,,b,4,,,single
Model1,m1_ForearmC.Eth,m1_ForearmC.Eth___ClimbM,ForearmC,,,Y,ClimbM,ClimbM,,b,4,,,single
Model1,m1_ForearmC.ForearmL,m1_ForearmC.ForearmL___ClimbM,ForearmC,ForearmL,,N,ClimbM,ClimbM,,b,4,,,single
Model1,m1_ForearmC.ForearmL.Eth,m1_ForearmC.ForearmL.Eth___ClimbM,ForearmC,ForearmL,,Y,ClimbM,ClimbM,,b,4,,,single
Model1,m1_ForearmC.Hrs_Total,m1_ForearmC.Hrs_Total___ClimbM,ForearmC,Hrs_Total,,N,ClimbM,ClimbM,,b,4,,,single
Model1,m1_ForearmC.Hrs_Total.Eth,m1_ForearmC.Hrs_Total.Eth___ClimbM,ForearmC,Hrs_Total,,Y,ClimbM,ClimbM,,b,4,,,single
Model1,m1_ForearmC.ForearmL.Hrs_Total,m1_ForearmC.ForearmL.Hrs_Total___ClimbM,ForearmC,ForearmL,Hrs_Total,N,ClimbM,ClimbM,,b,4,,,single
Model1,m1_ForearmC.ForearmL.Hrs_Total.Eth,m1_ForearmC.ForearmL.Hrs_Total.Eth___ClimbM,ForearmC,ForearmL,Hrs_Total,Y,ClimbM,ClimbM,,b,4,,,single
Model1,m1_ForearmC,m1_ForearmC___RunF,ForearmC,,,N,RunF,RunF,,b,1,,,single
Model1,m1_ForearmC.Eth,m1_ForearmC.Eth___RunF,ForearmC,,,Y,RunF,RunF,,b,1,,,single
Model1,m1_ForearmC.ForearmL,m1_ForearmC.ForearmL___RunF,ForearmC,ForearmL,,N,RunF,RunF,,b,1,,,single
Model1,m1_ForearmC.ForearmL.Eth,m1_ForearmC.ForearmL.Eth___RunF,ForearmC,ForearmL,,Y,RunF,RunF,,b,1,,,single
Model1,m1_ForearmC.Hrs_Total,m1_ForearmC.Hrs_Total___RunF,ForearmC,Hrs_Total,,N,RunF,RunF,,b,1,,,single
Model1,m1_ForearmC.Hrs_Total.Eth,m1_ForearmC.Hrs_Total.Eth___RunF,ForearmC,Hrs_Total,,Y,RunF,RunF,,b,1,,,single
Model1,m1_ForearmC.ForearmL.Hrs_Total,m1_ForearmC.ForearmL.Hrs_Total___RunF,ForearmC,ForearmL,Hrs_Total,N,RunF,RunF,,b,1,,,single
Model1,m1_ForearmC.ForearmL.Hrs_Total.Eth,m1_ForearmC.ForearmL.Hrs_Total.Eth___RunF,ForearmC,ForearmL,Hrs_Total,Y,RunF,RunF,,b,1,,,single
Model1,m1_ForearmC,m1_ForearmC___ClimbF,ForearmC,,,N,ClimbF,ClimbF,,b,3,,,single
Model1,m1_ForearmC.Eth,m1_ForearmC.Eth___ClimbF,ForearmC,,,Y,ClimbF,ClimbF,,b,3,,,single
Model1,m1_ForearmC.ForearmL,m1_ForearmC.ForearmL___ClimbF,ForearmC,ForearmL,,N,ClimbF,ClimbF,,b,3,,,single
Model1,m1_ForearmC.ForearmL.Eth,m1_ForearmC.ForearmL.Eth___ClimbF,ForearmC,ForearmL,,Y,ClimbF,ClimbF,,b,3,,,single
Model1,m1_ForearmC.Hrs_Total,m1_ForearmC.Hrs_Total___ClimbF,ForearmC,Hrs_Total,,N,ClimbF,ClimbF,,b,3,,,single
Model1,m1_ForearmC.Hrs_Total.Eth,m1_ForearmC.Hrs_Total.Eth___ClimbF,ForearmC,Hrs_Total,,Y,ClimbF,ClimbF,,b,3,,,single
Model1,m1_ForearmC.ForearmL.Hrs_Total,m1_ForearmC.ForearmL.Hrs_Total___ClimbF,ForearmC,ForearmL,Hrs_Total,N,ClimbF,ClimbF,,b,3,,,single
Model1,m1_ForearmC.ForearmL.Hrs_Total.Eth,m1_ForearmC.ForearmL.Hrs_Total.Eth___ClimbF,ForearmC,ForearmL,Hrs_Total,Y,ClimbF,ClimbF,,b,3,,,single
Model1,m1_ForearmC,m1_ForearmC___RunM.RunF,ForearmC,,,N,RunM.RunF,RunM,RunF,b,2,b,1,difference
Model1,m1_ForearmC.Eth,m1_ForearmC.Eth___RunM.RunF,ForearmC,,,Y,RunM.RunF,RunM,RunF,b,2,b,1,difference
Model1,m1_ForearmC.ForearmL,m1_ForearmC.ForearmL___RunM.RunF,ForearmC,ForearmL,,N,RunM.RunF,RunM,RunF,b,2,b,1,difference
Model1,m1_ForearmC.ForearmL.Eth,m1_ForearmC.ForearmL.Eth___RunM.RunF,ForearmC,ForearmL,,Y,RunM.RunF,RunM,RunF,b,2,b,1,difference
Model1,m1_ForearmC.Hrs_Total,m1_ForearmC.Hrs_Total___RunM.RunF,ForearmC,Hrs_Total,,N,RunM.RunF,RunM,RunF,b,2,b,1,difference
Model1,m1_ForearmC.Hrs_Total.Eth,m1_ForearmC.Hrs_Total.Eth___RunM.RunF,ForearmC,Hrs_Total,,Y,RunM.RunF,RunM,RunF,b,2,b,1,difference
Model1,m1_ForearmC.ForearmL.Hrs_Total,m1_ForearmC.ForearmL.Hrs_Total___RunM.RunF,ForearmC,ForearmL,Hrs_Total,N,RunM.RunF,RunM,RunF,b,2,b,1,difference
Model1,m1_ForearmC.ForearmL.Hrs_Total.Eth,m1_ForearmC.ForearmL.Hrs_Total.Eth___RunM.RunF,ForearmC,ForearmL,Hrs_Total,Y,RunM.RunF,RunM,RunF,b,2,b,1,difference
Model1,m1_ForearmC,m1_ForearmC___ClimbM.ClimbF,ForearmC,,,N,ClimbM.ClimbF,ClimbM,ClimbF,b,4,b,3,difference
Model1,m1_ForearmC.Eth,m1_ForearmC.Eth___ClimbM.ClimbF,ForearmC,,,Y,ClimbM.ClimbF,ClimbM,ClimbF,b,4,b,3,difference
Model1,m1_ForearmC.ForearmL,m1_ForearmC.ForearmL___ClimbM.ClimbF,ForearmC,ForearmL,,N,ClimbM.ClimbF,ClimbM,ClimbF,b,4,b,3,difference
Model1,m1_ForearmC.ForearmL.Eth,m1_ForearmC.ForearmL.Eth___ClimbM.ClimbF,ForearmC,ForearmL,,Y,ClimbM.ClimbF,ClimbM,ClimbF,b,4,b,3,difference
Model1,m1_ForearmC.Hrs_Total,m1_ForearmC.Hrs_Total___ClimbM.ClimbF,ForearmC,Hrs_Total,,N,ClimbM.ClimbF,ClimbM,ClimbF,b,4,b,3,difference
Model1,m1_ForearmC.Hrs_Total.Eth,m1_ForearmC.Hrs_Total.Eth___ClimbM.ClimbF,ForearmC,Hrs_Total,,Y,ClimbM.ClimbF,ClimbM,ClimbF,b,4,b,3,difference
Model1,m1_ForearmC.ForearmL.Hrs_Total,m1_ForearmC.ForearmL.Hrs_Total___ClimbM.ClimbF,ForearmC,ForearmL,Hrs_Total,N,ClimbM.ClimbF,ClimbM,ClimbF,b,4,b,3,difference
Model1,m1_ForearmC.ForearmL.Hrs_Total.Eth,m1_ForearmC.ForearmL.Hrs_Total.Eth___ClimbM.ClimbF,ForearmC,ForearmL,Hrs_Total,Y,ClimbM.ClimbF,ClimbM,ClimbF,b,4,b,3,difference
Model1,m1_ForearmC,m1_ForearmC___ClimbM.RunM,ForearmC,,,N,ClimbM.RunM,ClimbM,RunM,b,4,b,2,difference
Model1,m1_ForearmC.Eth,m1_ForearmC.Eth___ClimbM.RunM,ForearmC,,,Y,ClimbM.RunM,ClimbM,RunM,b,4,b,2,difference
Model1,m1_ForearmC.ForearmL,m1_ForearmC.ForearmL___ClimbM.RunM,ForearmC,ForearmL,,N,ClimbM.RunM,ClimbM,RunM,b,4,b,2,difference
Model1,m1_ForearmC.ForearmL.Eth,m1_ForearmC.ForearmL.Eth___ClimbM.RunM,ForearmC,ForearmL,,Y,ClimbM.RunM,ClimbM,RunM,b,4,b,2,difference
Model1,m1_ForearmC.Hrs_Total,m1_ForearmC.Hrs_Total___ClimbM.RunM,ForearmC,Hrs_Total,,N,ClimbM.RunM,ClimbM,RunM,b,4,b,2,difference
Model1,m1_ForearmC.Hrs_Total.Eth,m1_ForearmC.Hrs_Total.Eth___ClimbM.RunM,ForearmC,Hrs_Total,,Y,ClimbM.RunM,ClimbM,RunM,b,4,b,2,difference
Model1,m1_ForearmC.ForearmL.Hrs_Total,m1_ForearmC.ForearmL.Hrs_Total___ClimbM.RunM,ForearmC,ForearmL,Hrs_Total,N,ClimbM.RunM,ClimbM,RunM,b,4,b,2,difference
Model1,m1_ForearmC.ForearmL.Hrs_Total.Eth,m1_ForearmC.ForearmL.Hrs_Total.Eth___ClimbM.RunM,ForearmC,ForearmL,Hrs_Total,Y,ClimbM.RunM,ClimbM,RunM,b,4,b,2,difference
Model1,m1_ForearmC,m1_ForearmC___ClimbF.RunF,ForearmC,,,N,ClimbF.RunF,ClimbF,RunF,b,3,b,1,difference
Model1,m1_ForearmC.Eth,m1_ForearmC.Eth___ClimbF.RunF,ForearmC,,,Y,ClimbF.RunF,ClimbF,RunF,b,3,b,1,difference
Model1,m1_ForearmC.ForearmL,m1_ForearmC.ForearmL___ClimbF.RunF,ForearmC,ForearmL,,N,ClimbF.RunF,ClimbF,RunF,b,3,b,1,difference
Model1,m1_ForearmC.ForearmL.Eth,m1_ForearmC.ForearmL.Eth___ClimbF.RunF,ForearmC,ForearmL,,Y,ClimbF.RunF,ClimbF,RunF,b,3,b,1,difference
Model1,m1_ForearmC.Hrs_Total,m1_ForearmC.Hrs_Total___ClimbF.RunF,ForearmC,Hrs_Total,,N,ClimbF.RunF,ClimbF,RunF,b,3,b,1,difference
Model1,m1_ForearmC.Hrs_Total.Eth,m1_ForearmC.Hrs_Total.Eth___ClimbF.RunF,ForearmC,Hrs_Total,,Y,ClimbF.RunF,ClimbF,RunF,b,3,b,1,difference
Model1,m1_ForearmC.ForearmL.Hrs_Total,m1_ForearmC.ForearmL.Hrs_Total___ClimbF.RunF,ForearmC,ForearmL,Hrs_Total,N,ClimbF.RunF,ClimbF,RunF,b,3,b,1,difference
Model1,m1_ForearmC.ForearmL.Hrs_Total.Eth,m1_ForearmC.ForearmL.Hrs_Total.Eth___ClimbF.RunF,ForearmC,ForearmL,Hrs_Total,Y,ClimbF.RunF,ClimbF,RunF,b,3,b,1,difference
Model1,m1_Hrs_Sport,m1_Hrs_Sport___RunM,Hrs_Sport,,,N,RunM,RunM,,b,2,,,single
Model1,m1_Hrs_Sport.Eth,m1_Hrs_Sport.Eth___RunM,Hrs_Sport,,,Y,RunM,RunM,,b,2,,,single
Model1,m1_Hrs_Sport,m1_Hrs_Sport___ClimbM,Hrs_Sport,,,N,ClimbM,ClimbM,,b,4,,,single
Model1,m1_Hrs_Sport.Eth,m1_Hrs_Sport.Eth___ClimbM,Hrs_Sport,,,Y,ClimbM,ClimbM,,b,4,,,single
Model1,m1_Hrs_Sport,m1_Hrs_Sport___RunF,Hrs_Sport,,,N,RunF,RunF,,b,1,,,single
Model1,m1_Hrs_Sport.Eth,m1_Hrs_Sport.Eth___RunF,Hrs_Sport,,,Y,RunF,RunF,,b,1,,,single
Model1,m1_Hrs_Sport,m1_Hrs_Sport___ClimbF,Hrs_Sport,,,N,ClimbF,ClimbF,,b,3,,,single
Model1,m1_Hrs_Sport.Eth,m1_Hrs_Sport.Eth___ClimbF,Hrs_Sport,,,Y,ClimbF,ClimbF,,b,3,,,single
Model1,m1_Hrs_Sport,m1_Hrs_Sport___RunM.RunF,Hrs_Sport,,,N,RunM.RunF,RunM,RunF,b,2,b,1,difference
Model1,m1_Hrs_Sport.Eth,m1_Hrs_Sport.Eth___RunM.RunF,Hrs_Sport,,,Y,RunM.RunF,RunM,RunF,b,2,b,1,difference
Model1,m1_Hrs_Sport,m1_Hrs_Sport___ClimbM.ClimbF,Hrs_Sport,,,N,ClimbM.ClimbF,ClimbM,ClimbF,b,4,b,3,difference
Model1,m1_Hrs_Sport.Eth,m1_Hrs_Sport.Eth___ClimbM.ClimbF,Hrs_Sport,,,Y,ClimbM.ClimbF,ClimbM,ClimbF,b,4,b,3,difference
Model1,m1_Hrs_Sport,m1_Hrs_Sport___ClimbM.RunM,Hrs_Sport,,,N,ClimbM.RunM,ClimbM,RunM,b,4,b,2,difference
Model1,m1_Hrs_Sport.Eth,m1_Hrs_Sport.Eth___ClimbM.RunM,Hrs_Sport,,,Y,ClimbM.RunM,ClimbM,RunM,b,4,b,2,difference
Model1,m1_Hrs_Sport,m1_Hrs_Sport___ClimbF.RunF,Hrs_Sport,,,N,ClimbF.RunF,ClimbF,RunF,b,3,b,1,difference
Model1,m1_Hrs_Sport.Eth,m1_Hrs_Sport.Eth___ClimbF.RunF,Hrs_Sport,,,Y,ClimbF.RunF,ClimbF,RunF,b,3,b,1,difference
Model1,m1_Exp_yrs,m1_Exp_yrs___RunM,Exp_yrs,,,N,RunM,RunM,,b,2,,,single
Model1,m1_Exp_yrs.Eth,m1_Exp_yrs.Eth___RunM,Exp_yrs,,,Y,RunM,RunM,,b,2,,,single
Model1,m1_Exp_yrs,m1_Exp_yrs___ClimbM,Exp_yrs,,,N,ClimbM,ClimbM,,b,4,,,single
Model1,m1_Exp_yrs.Eth,m1_Exp_yrs.Eth___ClimbM,Exp_yrs,,,Y,ClimbM,ClimbM,,b,4,,,single
Model1,m1_Exp_yrs,m1_Exp_yrs___RunF,Exp_yrs,,,N,RunF,RunF,,b,1,,,single
Model1,m1_Exp_yrs.Eth,m1_Exp_yrs.Eth___RunF,Exp_yrs,,,Y,RunF,RunF,,b,1,,,single
Model1,m1_Exp_yrs,m1_Exp_yrs___ClimbF,Exp_yrs,,,N,ClimbF,ClimbF,,b,3,,,single
Model1,m1_Exp_yrs.Eth,m1_Exp_yrs.Eth___ClimbF,Exp_yrs,,,Y,ClimbF,ClimbF,,b,3,,,single
Model1,m1_Exp_yrs,m1_Exp_yrs___RunM.RunF,Exp_yrs,,,N,RunM.RunF,RunM,RunF,b,2,b,1,difference
Model1,m1_Exp_yrs.Eth,m1_Exp_yrs.Eth___RunM.RunF,Exp_yrs,,,Y,RunM.RunF,RunM,RunF,b,2,b,1,difference
Model1,m1_Exp_yrs,m1_Exp_yrs___ClimbM.ClimbF,Exp_yrs,,,N,ClimbM.ClimbF,ClimbM,ClimbF,b,4,b,3,difference
Model1,m1_Exp_yrs.Eth,m1_Exp_yrs.Eth___ClimbM.ClimbF,Exp_yrs,,,Y,ClimbM.ClimbF,ClimbM,ClimbF,b,4,b,3,difference
Model1,m1_Exp_yrs,m1_Exp_yrs___ClimbM.RunM,Exp_yrs,,,N,ClimbM.RunM,ClimbM,RunM,b,4,b,2,difference
Model1,m1_Exp_yrs.Eth,m1_Exp_yrs.Eth___ClimbM.RunM,Exp_yrs,,,Y,ClimbM.RunM,ClimbM,RunM,b,4,b,2,difference
Model1,m1_Exp_yrs,m1_Exp_yrs___ClimbF.RunF,Exp_yrs,,,N,ClimbF.RunF,ClimbF,RunF,b,3,b,1,difference
Model1,m1_Exp_yrs.Eth,m1_Exp_yrs.Eth___ClimbF.RunF,Exp_yrs,,,Y,ClimbF.RunF,ClimbF,RunF,b,3,b,1,difference