"proportion_id","focal","control","sex","dataset","sport1","sport2","comparison","p_same_sign","p_tradeoff","sport1_mean","sport2_mean"
"PC1","PC1","absolute","F","m1","climb","run","climb_vs_run",0.71775,0.28225,-0.1833352919686,-0.113132017393395
"PC1","PC1","absolute","M","m1","climb","run","climb_vs_run",0.5405,0.4595,-0.0158466606328569,-0.214304971699097
"Stature","Stature","absolute","F","m1","climb","run","climb_vs_run",0.5510625,0.4489375,-0.19467358924039,-0.0227650878196984
"Stature","Stature","absolute","M","m1","climb","run","climb_vs_run",0.499875,0.500125,0.000351253896196218,-0.214847287797294
"SitHeight","SitHeight","absolute","F","m1","climb","run","climb_vs_run",0.4904375,0.5095625,-0.134582072958989,0.00887672629405348
"SitHeight","SitHeight","absolute","M","m1","climb","run","climb_vs_run",0.4385,0.5615,0.0246130902094968,-0.284178048333347
"SitHeight.Stature","SitHeight","Stature","F","m1","climb","run","climb_vs_run",0.5514375,0.4485625,-0.0587809074685479,0.0707545991209236
"SitHeight.Stature","SitHeight","Stature","M","m1","climb","run","climb_vs_run",0.38425,0.61575,0.0907748667222102,-0.214607765971923
"ArmSpan","ArmSpan","absolute","F","m1","climb","run","climb_vs_run",0.676375,0.323625,-0.211039820890296,-0.0863074772966476
"ArmSpan","ArmSpan","absolute","M","m1","climb","run","climb_vs_run",0.3370625,0.6629375,0.143920087622873,-0.0877271359473922
"ArmSpan.Stature","ArmSpan","Stature","F","m1","climb","run","climb_vs_run",0.552375,0.447625,-0.0613780762970956,0.0574497367869466
"ArmSpan.Stature","ArmSpan","Stature","M","m1","climb","run","climb_vs_run",0.678,0.322,0.298245879557933,0.0757990675984164
"Leg","Leg","absolute","F","m1","climb","run","climb_vs_run",0.6048125,0.3951875,-0.206521832263773,-0.0462429979567961
"Leg","Leg","absolute","M","m1","climb","run","climb_vs_run",0.53025,0.46975,-0.0198003148959969,-0.103447161543336
"Leg.Stature","Leg","Stature","F","m1","climb","run","climb_vs_run",0.5771875,0.4228125,-0.111889531639317,0.0446053369572731
"Leg.Stature","Leg","Stature","M","m1","climb","run","climb_vs_run",0.6415,0.3585,0.0739148691232169,-0.00893849970934381
"Femur","Femur","absolute","F","m1","climb","run","climb_vs_run",0.51875,0.48125,-0.216026481854519,-0.00778176365007812
"Femur","Femur","absolute","M","m1","climb","run","climb_vs_run",0.49725,0.50275,0.000591815411886682,-0.0647050076234702
"Femur.Stature","Femur","Stature","F","m1","climb","run","climb_vs_run",0.4864375,0.5135625,-0.110517646467251,0.0785068193666317
"Femur.Stature","Femur","Stature","M","m1","climb","run","climb_vs_run",0.614375,0.385625,0.106113622349545,0.0315341902542156
"Tibia","Tibia","absolute","F","m1","climb","run","climb_vs_run",0.7320625,0.2679375,-0.217869804089392,-0.111424040227063
"Tibia","Tibia","absolute","M","m1","climb","run","climb_vs_run",0.6145,0.3855,-0.0802191618780516,-0.108448408247065
"Tibia.Stature","Tibia","Stature","F","m1","climb","run","climb_vs_run",0.73925,0.26075,-0.227030196241425,-0.120992826235176
"Tibia.Stature","Tibia","Stature","M","m1","climb","run","climb_vs_run",0.687875,0.312125,-0.0891000383512858,-0.114813790124052
"Tibia.Femur","Tibia","Femur","F","m1","climb","run","climb_vs_run",0.8095,0.1905,-0.277601594597314,-0.159170778737638
"Tibia.Femur","Tibia","Femur","M","m1","climb","run","climb_vs_run",0.754875,0.245125,-0.142567925811269,-0.159319665073632
"Arm","Arm","absolute","F","m1","climb","run","climb_vs_run",0.6495625,0.3504375,-0.204488108895545,-0.0734952232088044
"Arm","Arm","absolute","M","m1","climb","run","climb_vs_run",0.4279375,0.5720625,0.208890588567188,-0.0289974965358902
"Arm.Stature","Arm","Stature","F","m1","climb","run","climb_vs_run",0.565625,0.434375,0.000861169170712688,0.138373187671813
"Arm.Stature","Arm","Stature","M","m1","climb","run","climb_vs_run",0.8886875,0.1113125,0.430432542117657,0.218957457435647
"Arm.Leg","Arm","Leg","F","m1","climb","run","climb_vs_run",0.5693125,0.4306875,-0.00590449009772772,0.103518240654611
"Arm.Leg","Arm","Leg","M","m1","climb","run","climb_vs_run",0.832375,0.167625,0.402610672187265,0.167675532493356
"Humerus","Humerus","absolute","F","m1","climb","run","climb_vs_run",0.6278125,0.3721875,-0.326914551072437,-0.0472880689495183
"Humerus","Humerus","absolute","M","m1","climb","run","climb_vs_run",0.6185625,0.3814375,0.28844962191847,0.0468955027170566
"Humerus.Stature","Humerus","Stature","F","m1","climb","run","climb_vs_run",0.3725,0.6275,-0.192838205577998,0.072515378479982
"Humerus.Stature","Humerus","Stature","M","m1","climb","run","climb_vs_run",0.9180625,0.0819375,0.441062967108199,0.230555869895009
"Humerus.Femur","Humerus","Femur","F","m1","climb","run","climb_vs_run",0.440875,0.559125,-0.240850292656995,0.0317916252945564
"Humerus.Femur","Humerus","Femur","M","m1","climb","run","climb_vs_run",0.8100625,0.1899375,0.382006802382889,0.142808557297803
"ForearmL","ForearmL","absolute","F","m1","climb","run","climb_vs_run",0.6445,0.3555,-0.101212937324542,-0.128919998375199
"ForearmL","ForearmL","absolute","M","m1","climb","run","climb_vs_run",0.451125,0.548875,0.0750497588777629,-0.0375181317266389
"ForearmL.Stature","ForearmL","Stature","F","m1","climb","run","climb_vs_run",0.558875,0.441125,0.000947282782934506,-0.0229850551559371
"ForearmL.Stature","ForearmL","Stature","M","m1","climb","run","climb_vs_run",0.6926875,0.3073125,0.184569492845737,0.0888976669903281
"ForearmL.Humerus","ForearmL","Humerus","F","m1","climb","run","climb_vs_run",0.739,0.261,-0.146066792026415,-0.177592966686399
"ForearmL.Humerus","ForearmL","Humerus","M","m1","climb","run","climb_vs_run",0.496,0.504,0.0249600943147783,-0.0845002652998189
"FootLength","FootLength","absolute","F","m1","climb","run","climb_vs_run",0.5556875,0.4443125,-0.0279298501225602,-0.209405710681706
"FootLength","FootLength","absolute","M","m1","climb","run","climb_vs_run",0.7394375,0.2605625,-0.10524441469944,-0.242228944702378
"FootLength.Stature","FootLength","Stature","F","m1","climb","run","climb_vs_run",0.5723125,0.4276875,-0.0315026281942305,-0.208141087610096
"FootLength.Stature","FootLength","Stature","M","m1","climb","run","climb_vs_run",0.7264375,0.2735625,-0.103764665211854,-0.239184873932639
"FootBreadth","FootBreadth","absolute","F","m1","climb","run","climb_vs_run",0.595375,0.404625,-0.107398844768509,-0.0733598819528454
"FootBreadth","FootBreadth","absolute","M","m1","climb","run","climb_vs_run",0.3384375,0.6615625,0.109189559710703,-0.112093138300801
"FootBreadth.Stature","FootBreadth","Stature","F","m1","climb","run","climb_vs_run",0.5319375,0.4680625,-0.087608089293357,-0.0160485939686151
"FootBreadth.Stature","FootBreadth","Stature","M","m1","climb","run","climb_vs_run",0.3728125,0.6271875,0.161328661005255,-0.0668752300404845
"HandLength","HandLength","absolute","F","m1","climb","run","climb_vs_run",0.536875,0.463125,-0.0645417167471383,-0.048639932434913
"HandLength","HandLength","absolute","M","m1","climb","run","climb_vs_run",0.4189375,0.5810625,0.0920909840102377,-0.0636372305373657
"HandLength.Stature","HandLength","Stature","F","m1","climb","run","climb_vs_run",0.5355,0.4645,0.00564556080808525,0.054450286558779
"HandLength.Stature","HandLength","Stature","M","m1","climb","run","climb_vs_run",0.6259375,0.3740625,0.191487536540956,0.0513630151264153
"HandBreadth","HandBreadth","absolute","F","m1","climb","run","climb_vs_run",0.422625,0.577375,-0.169912725099574,0.0371767123593226
"HandBreadth","HandBreadth","absolute","M","m1","climb","run","climb_vs_run",0.126125,0.873875,0.134261488251226,-0.441311067116977
"HandBreadth.Stature","HandBreadth","Stature","F","m1","climb","run","climb_vs_run",0.3914375,0.6085625,-0.148612701115606,0.0675287753760702
"HandBreadth.Stature","HandBreadth","Stature","M","m1","climb","run","climb_vs_run",0.1264375,0.8735625,0.140011035401514,-0.401193870135077
"Finger","Finger","absolute","F","m1","climb","run","climb_vs_run",0.4948125,0.5051875,-0.00910001887605669,-0.0177905592642719
"Finger","Finger","absolute","M","m1","climb","run","climb_vs_run",0.47475,0.52525,0.0428553863991235,-0.0569073279440563
"Finger.Stature","Finger","Stature","F","m1","climb","run","climb_vs_run",0.564875,0.435125,0.0562732457329329,0.0611358817928165
"Finger.Stature","Finger","Stature","M","m1","climb","run","climb_vs_run",0.597,0.403,0.132486455196488,0.0377602071046808
"Finger.HandLength","Finger","HandLength","F","m1","climb","run","climb_vs_run",0.604625,0.395375,0.0105352138933805,0.000108509931870539
"Finger.HandLength","Finger","HandLength","M","m1","climb","run","climb_vs_run",0.6005,0.3995,0.0610130812976568,-0.0341614793412036
"Biiliac","Biiliac","absolute","F","m1","climb","run","climb_vs_run",0.9229375,0.0770625,-0.40415280372135,-0.203918999553169
"Biiliac","Biiliac","absolute","M","m1","climb","run","climb_vs_run",0.910375,0.089625,-0.200084404845381,-0.488631955324875
"Biiliac.Stature","Biiliac","Stature","F","m1","climb","run","climb_vs_run",0.9360625,0.0639375,-0.430694782582406,-0.2288010876036
"Biiliac.Stature","Biiliac","Stature","M","m1","climb","run","climb_vs_run",0.9311875,0.0688125,-0.232145170834215,-0.5081208807835
"Biacrom","Biacrom","absolute","F","m1","climb","run","climb_vs_run",0.64525,0.35475,-0.0924650594830916,-0.138208188992874
"Biacrom","Biacrom","absolute","M","m1","climb","run","climb_vs_run",0.892375,0.107625,-0.163286102936936,-0.319713084506965
"Biacrom.Stature","Biacrom","Stature","F","m1","climb","run","climb_vs_run",0.606625,0.393375,-0.0770559884235324,-0.113856899072705
"Biacrom.Stature","Biacrom","Stature","M","m1","climb","run","climb_vs_run",0.8733125,0.1266875,-0.158940911035081,-0.299513224632721
"Biacrom.Biiliac","Biacrom","Biiliac","F","m1","climb","run","climb_vs_run",0.5264375,0.4735625,-0.0238831764592854,-0.0590700353658408
"Biacrom.Biiliac","Biacrom","Biiliac","M","m1","climb","run","climb_vs_run",0.7115,0.2885,-0.100783710093719,-0.156799267587282
"Mass","Mass","absolute","F","m1","climb","run","climb_vs_run",0.7606875,0.2393125,-0.101659111036709,-0.393868713813094
"Mass","Mass","absolute","M","m1","climb","run","climb_vs_run",0.61475,0.38525,-0.0399010738350908,-0.631861698586875
"Mass.Stature","Mass","Stature","F","m1","climb","run","climb_vs_run",0.8280625,0.1719375,-0.143103488305783,-0.426009741126635
"Mass.Stature","Mass","Stature","M","m1","climb","run","climb_vs_run",0.7311875,0.2688125,-0.0914379535200675,-0.66760553365375
"Triceps","Triceps","absolute","F","m1","climb","run","climb_vs_run",0.9159375,0.0840625,-0.231831392228645,-0.435702257228031
"Triceps","Triceps","absolute","M","m1","climb","run","climb_vs_run",0.988875,0.0111250000000001,-0.318189382031151,-0.502600683797437
"Triceps.Hrs_Total","Triceps","Hrs_Total","F","m1","climb","run","climb_vs_run",0.8754375,0.1245625,-0.18732308007079,-0.385076950953194
"Triceps.Hrs_Total","Triceps","Hrs_Total","M","m1","climb","run","climb_vs_run",0.9754375,0.0245625,-0.268449795576005,-0.436523625936469
"ForearmC","ForearmC","absolute","F","m1","climb","run","climb_vs_run",0.092125,0.907875,0.195109947498827,-0.336886952714134
"ForearmC","ForearmC","absolute","M","m1","climb","run","climb_vs_run",0.0635625,0.9364375,0.218377665353195,-0.518567447830187
"ForearmC.ForearmL","ForearmC","ForearmL","F","m1","climb","run","climb_vs_run",0.10175,0.89825,0.194250226331079,-0.338683688759437
"ForearmC.ForearmL","ForearmC","ForearmL","M","m1","climb","run","climb_vs_run",0.0648125,0.9351875,0.216417016292351,-0.517927071746
"ForearmC.Hrs_Total","ForearmC","Hrs_Total","F","m1","climb","run","climb_vs_run",0.4121875,0.5878125,0.0317086079718124,-0.313453472145744
"ForearmC.Hrs_Total","ForearmC","Hrs_Total","M","m1","climb","run","climb_vs_run",0.11775,0.88225,0.162175561999393,-0.538982427705562
"ForearmC.ForearmL.Hrs_Total","ForearmC","ForearmL.Hrs_Total","F","m1","climb","run","climb_vs_run",0.428375,0.571625,0.0243403315823344,-0.319024756997444
"ForearmC.ForearmL.Hrs_Total","ForearmC","ForearmL.Hrs_Total","M","m1","climb","run","climb_vs_run",0.1256875,0.8743125,0.158741525956223,-0.544499414318563
"Hrs_Sport","Hrs_Sport","absolute","F","m1","climb","run","climb_vs_run",0.999875,0.000125000000000042,0.434002682092175,0.7782781945475
"Hrs_Sport","Hrs_Sport","absolute","M","m1","climb","run","climb_vs_run",0.9990625,0.000937500000000036,0.343653168816475,0.61501756961
"Exp_yrs","Exp_yrs","absolute","F","m1","climb","run","climb_vs_run",0.9565,0.0435,0.583912580961221,0.219620974601945
"Exp_yrs","Exp_yrs","absolute","M","m1","climb","run","climb_vs_run",0.338,0.662,0.211069879214598,-0.0636605311622024
"PC1","PC1","absolute","F","m2","climb","run","climb_vs_run",0.6478125,0.3521875,0.0419101116060586,0.0334377272674403
"PC1","PC1","absolute","F","m2","climb","walk","climb_vs_walk",0.632375,0.367625,0.0419101116060586,0.263224320987997
"PC1","PC1","absolute","F","m2","climb","sprint","climb_vs_sprint",0.627875,0.372125,0.0419101116060586,0.260814198885924
"PC1","PC1","absolute","M","m2","climb","run","climb_vs_run",0.7788125,0.2211875,-0.168505131750997,-0.194816932865564
"PC1","PC1","absolute","M","m2","climb","walk","climb_vs_walk",0.7048125,0.2951875,-0.168505131750997,-0.104721288746391
"PC1","PC1","absolute","M","m2","climb","sprint","climb_vs_sprint",0.5578125,0.4421875,-0.168505131750997,0.0350030696212501
"Stature","Stature","absolute","F","m2","climb","run","climb_vs_run",0.6494375,0.3505625,0.00864504182923207,0.0209726659127739
"Stature","Stature","absolute","F","m2","climb","walk","climb_vs_walk",0.60775,0.39225,0.00864504182923207,0.207086178610496
"Stature","Stature","absolute","F","m2","climb","sprint","climb_vs_sprint",0.6265,0.3735,0.00864504182923207,0.130066315931913
"Stature","Stature","absolute","M","m2","climb","run","climb_vs_run",0.92275,0.07725,-0.4593257996535,-0.395541070443093
"Stature","Stature","absolute","M","m2","climb","walk","climb_vs_walk",0.861375,0.138625,-0.4593257996535,-0.295754106746396
"Stature","Stature","absolute","M","m2","climb","sprint","climb_vs_sprint",0.7643125,0.2356875,-0.4593257996535,-0.15805591519542
"SitHeight","SitHeight","absolute","F","m2","climb","run","climb_vs_run",0.659375,0.340625,-0.061634901642365,-0.0689533652178316
"SitHeight","SitHeight","absolute","F","m2","climb","walk","climb_vs_walk",0.5326875,0.4673125,-0.061634901642365,0.188899083592248
"SitHeight","SitHeight","absolute","F","m2","climb","sprint","climb_vs_sprint",0.608,0.392,-0.061634901642365,0.0521576437698652
"SitHeight","SitHeight","absolute","M","m2","climb","run","climb_vs_run",0.9945,0.00549999999999995,-0.672565350559539,-0.713944160055829
"SitHeight","SitHeight","absolute","M","m2","climb","walk","climb_vs_walk",0.9824375,0.0175625,-0.672565350559539,-0.613471548986895
"SitHeight","SitHeight","absolute","M","m2","climb","sprint","climb_vs_sprint",0.7658125,0.2341875,-0.672565350559539,-0.164883902644578
"SitHeight.Stature","SitHeight","Stature","F","m2","climb","run","climb_vs_run",0.6945,0.3055,-0.063551746656724,-0.0772373905438747
"SitHeight.Stature","SitHeight","Stature","F","m2","climb","walk","climb_vs_walk",0.61075,0.38925,-0.063551746656724,0.0157206674797608
"SitHeight.Stature","SitHeight","Stature","F","m2","climb","sprint","climb_vs_sprint",0.66225,0.33775,-0.063551746656724,-0.0309733770017198
"SitHeight.Stature","SitHeight","Stature","M","m2","climb","run","climb_vs_run",0.880375,0.119625,-0.189045686619938,-0.264323015391239
"SitHeight.Stature","SitHeight","Stature","M","m2","climb","walk","climb_vs_walk",0.863375,0.136625,-0.189045686619938,-0.251134897612543
"SitHeight.Stature","SitHeight","Stature","M","m2","climb","sprint","climb_vs_sprint",0.64525,0.35475,-0.189045686619938,-0.038331578624019
"ArmSpan","ArmSpan","absolute","F","m2","climb","run","climb_vs_run",0.7134375,0.2865625,0.144159346598364,0.122741019352492
"ArmSpan","ArmSpan","absolute","F","m2","climb","walk","climb_vs_walk",0.7430625,0.2569375,0.144159346598364,0.257198632596182
"ArmSpan","ArmSpan","absolute","F","m2","climb","sprint","climb_vs_sprint",0.74575,0.25425,0.144159346598364,0.260855114802836
"ArmSpan","ArmSpan","absolute","M","m2","climb","run","climb_vs_run",0.6259375,0.3740625,0.0318595710676341,-0.0549321025832714
"ArmSpan","ArmSpan","absolute","M","m2","climb","walk","climb_vs_walk",0.6276875,0.3723125,0.0318595710676341,-0.022766653193041
"ArmSpan","ArmSpan","absolute","M","m2","climb","sprint","climb_vs_sprint",0.666125,0.333875,0.0318595710676341,0.104133032691477
"ArmSpan.Stature","ArmSpan","Stature","F","m2","climb","run","climb_vs_run",0.8381875,0.1618125,0.182925715715308,0.145993579129743
"ArmSpan.Stature","ArmSpan","Stature","F","m2","climb","walk","climb_vs_walk",0.781125,0.218875,0.182925715715308,0.103545095083671
"ArmSpan.Stature","ArmSpan","Stature","F","m2","climb","sprint","climb_vs_sprint",0.83025,0.16975,0.182925715715308,0.135985801701391
"ArmSpan.Stature","ArmSpan","Stature","M","m2","climb","run","climb_vs_run",0.97225,0.0277500000000001,0.592814605604591,0.306718065005943
"ArmSpan.Stature","ArmSpan","Stature","M","m2","climb","walk","climb_vs_walk",0.8943125,0.1056875,0.592814605604591,0.233133078362059
"ArmSpan.Stature","ArmSpan","Stature","M","m2","climb","sprint","climb_vs_sprint",0.9761875,0.0238125,0.592814605604591,0.345545456011595
"Leg","Leg","absolute","F","m2","climb","run","climb_vs_run",0.66125,0.33875,0.0464674839219526,0.0646533673071861
"Leg","Leg","absolute","F","m2","climb","walk","climb_vs_walk",0.6694375,0.3305625,0.0464674839219526,0.126713579870108
"Leg","Leg","absolute","F","m2","climb","sprint","climb_vs_sprint",0.663875,0.336125,0.0464674839219526,0.126355505000433
"Leg","Leg","absolute","M","m2","climb","run","climb_vs_run",0.687875,0.312125,-0.119904308949445,-0.0628146874795976
"Leg","Leg","absolute","M","m2","climb","walk","climb_vs_walk",0.64325,0.35675,-0.119904308949445,-0.0212102054008737
"Leg","Leg","absolute","M","m2","climb","sprint","climb_vs_sprint",0.6498125,0.3501875,-0.119904308949445,-0.0254406770385598
"Leg.Stature","Leg","Stature","F","m2","climb","run","climb_vs_run",0.70675,0.29325,0.0528559932918694,0.0637408025757434
"Leg.Stature","Leg","Stature","F","m2","climb","walk","climb_vs_walk",0.6159375,0.3840625,0.0528559932918694,-0.0107535096925211
"Leg.Stature","Leg","Stature","F","m2","climb","sprint","climb_vs_sprint",0.657375,0.342625,0.0528559932918694,0.0250391639586232
"Leg.Stature","Leg","Stature","M","m2","climb","run","climb_vs_run",0.8820625,0.1179375,0.170662188403036,0.238955421230812
"Leg.Stature","Leg","Stature","M","m2","climb","walk","climb_vs_walk",0.8655,0.1345,0.170662188403036,0.225482944595364
"Leg.Stature","Leg","Stature","M","m2","climb","sprint","climb_vs_sprint",0.6411875,0.3588125,0.170662188403036,0.03362014864788
"Femur","Femur","absolute","F","m2","climb","run","climb_vs_run",0.6753125,0.3246875,0.0691164550479112,0.152564374851629
"Femur","Femur","absolute","F","m2","climb","walk","climb_vs_walk",0.6728125,0.3271875,0.0691164550479112,0.181158047518916
"Femur","Femur","absolute","F","m2","climb","sprint","climb_vs_sprint",0.6638125,0.3361875,0.0691164550479112,0.0694234161269437
"Femur","Femur","absolute","M","m2","climb","run","climb_vs_run",0.64325,0.35675,-0.0779734828676697,0.00159753965331449
"Femur","Femur","absolute","M","m2","climb","walk","climb_vs_walk",0.584625,0.415375,-0.0779734828676697,0.0604339326038311
"Femur","Femur","absolute","M","m2","climb","sprint","climb_vs_sprint",0.66025,0.33975,-0.0779734828676697,-0.0212005870593054
"Femur.Stature","Femur","Stature","F","m2","climb","run","climb_vs_run",0.7188125,0.2811875,0.0868567269183197,0.18849985598448
"Femur.Stature","Femur","Stature","F","m2","climb","walk","climb_vs_walk",0.674,0.326,0.0868567269183197,0.0653984932472433
"Femur.Stature","Femur","Stature","F","m2","climb","sprint","climb_vs_sprint",0.58575,0.41425,0.0868567269183197,-0.0291461624905313
"Femur.Stature","Femur","Stature","M","m2","climb","run","climb_vs_run",0.9266875,0.0733125,0.280643873080731,0.42692072398951
"Femur.Stature","Femur","Stature","M","m2","climb","walk","climb_vs_walk",0.925375,0.074625,0.280643873080731,0.524675545252715
"Femur.Stature","Femur","Stature","M","m2","climb","sprint","climb_vs_sprint",0.6121875,0.3878125,0.280643873080731,0.0382297809983344
"Tibia","Tibia","absolute","F","m2","climb","run","climb_vs_run",0.617875,0.382125,0.00736477955735146,-0.0615718382216548
"Tibia","Tibia","absolute","F","m2","climb","walk","climb_vs_walk",0.5825,0.4175,0.00736477955735146,0.279959379903076
"Tibia","Tibia","absolute","F","m2","climb","sprint","climb_vs_sprint",0.5795,0.4205,0.00736477955735146,0.291257144847465
"Tibia","Tibia","absolute","M","m2","climb","run","climb_vs_run",0.69625,0.30375,-0.1720596884959,-0.0748251785612093
"Tibia","Tibia","absolute","M","m2","climb","walk","climb_vs_walk",0.6343125,0.3656875,-0.1720596884959,-0.0304504443894021
"Tibia","Tibia","absolute","M","m2","climb","sprint","climb_vs_sprint",0.5088125,0.4911875,-0.1720596884959,0.0807480523732942
"Tibia.Stature","Tibia","Stature","F","m2","climb","run","climb_vs_run",0.6031875,0.3968125,0.0263018243059936,-0.0440944469210876
"Tibia.Stature","Tibia","Stature","F","m2","climb","walk","climb_vs_walk",0.648875,0.351125,0.0263018243059936,0.0613798437316887
"Tibia.Stature","Tibia","Stature","F","m2","climb","sprint","climb_vs_sprint",0.642875,0.357125,0.0263018243059936,0.103897166584967
"Tibia.Stature","Tibia","Stature","M","m2","climb","run","climb_vs_run",0.75225,0.24775,0.0805765808637648,0.150168881818748
"Tibia.Stature","Tibia","Stature","M","m2","climb","walk","climb_vs_walk",0.7380625,0.2619375,0.0805765808637648,0.129872638645936
"Tibia.Stature","Tibia","Stature","M","m2","climb","sprint","climb_vs_sprint",0.731,0.269,0.0805765808637648,0.110242798034622
"Tibia.Femur","Tibia","Femur","F","m2","climb","run","climb_vs_run",0.668625,0.331375,-0.0912242557553524,-0.305887426124721
"Tibia.Femur","Tibia","Femur","F","m2","climb","walk","climb_vs_walk",0.500375,0.499625,-0.0912242557553524,0.147179015445262
"Tibia.Femur","Tibia","Femur","F","m2","climb","sprint","climb_vs_sprint",0.389125,0.610875,-0.0912242557553524,0.338442532548096
"Tibia.Femur","Tibia","Femur","M","m2","climb","run","climb_vs_run",0.76775,0.23225,-0.138024049986668,-0.117797482706311
"Tibia.Femur","Tibia","Femur","M","m2","climb","walk","climb_vs_walk",0.7708125,0.2291875,-0.138024049986668,-0.168401497604041
"Tibia.Femur","Tibia","Femur","M","m2","climb","sprint","climb_vs_sprint",0.3483125,0.6516875,-0.138024049986668,0.15777685579247
"Arm","Arm","absolute","F","m2","climb","run","climb_vs_run",0.71225,0.28775,0.113694169649813,0.155025074877463
"Arm","Arm","absolute","F","m2","climb","walk","climb_vs_walk",0.71925,0.28075,0.113694169649813,0.193499034155367
"Arm","Arm","absolute","F","m2","climb","sprint","climb_vs_sprint",0.7161875,0.2838125,0.113694169649813,0.209014659472951
"Arm","Arm","absolute","M","m2","climb","run","climb_vs_run",0.6495625,0.3504375,0.0369525726630841,-0.00568805549663032
"Arm","Arm","absolute","M","m2","climb","walk","climb_vs_walk",0.6453125,0.3546875,0.0369525726630841,-0.0107775707577975
"Arm","Arm","absolute","M","m2","climb","sprint","climb_vs_sprint",0.6645,0.3355,0.0369525726630841,0.0674824947892708
"Arm.Stature","Arm","Stature","F","m2","climb","run","climb_vs_run",0.8519375,0.1480625,0.179348399863516,0.22765904852805
"Arm.Stature","Arm","Stature","F","m2","climb","walk","climb_vs_walk",0.7215,0.2785,0.179348399863516,0.0739994236310323
"Arm.Stature","Arm","Stature","F","m2","climb","sprint","climb_vs_sprint",0.797875,0.202125,0.179348399863516,0.130631629431724
"Arm.Stature","Arm","Stature","M","m2","climb","run","climb_vs_run",0.9789375,0.0210625,0.570853822863071,0.383054933173205
"Arm.Stature","Arm","Stature","M","m2","climb","walk","climb_vs_walk",0.8685625,0.1314375,0.570853822863071,0.223714098813043
"Arm.Stature","Arm","Stature","M","m2","climb","sprint","climb_vs_sprint",0.9306875,0.0693125,0.570853822863071,0.26005797709405
"Arm.Leg","Arm","Leg","F","m2","climb","run","climb_vs_run",0.7365,0.2635,0.0774030962412489,0.105487594715359
"Arm.Leg","Arm","Leg","F","m2","climb","walk","climb_vs_walk",0.720375,0.279625,0.0774030962412489,0.0779611576791437
"Arm.Leg","Arm","Leg","F","m2","climb","sprint","climb_vs_sprint",0.7290625,0.2709375,0.0774030962412489,0.0986394740701329
"Arm.Leg","Arm","Leg","M","m2","climb","run","climb_vs_run",0.7418125,0.2581875,0.281493544852056,0.0907084086294863
"Arm.Leg","Arm","Leg","M","m2","climb","walk","climb_vs_walk",0.538875,0.461125,0.281493544852056,-0.00195380456495569
"Arm.Leg","Arm","Leg","M","m2","climb","sprint","climb_vs_sprint",0.8875625,0.1124375,0.281493544852056,0.203603140887468
"Humerus","Humerus","absolute","F","m2","climb","run","climb_vs_run",0.6805625,0.3194375,0.0761646512232133,0.0689638335970151
"Humerus","Humerus","absolute","F","m2","climb","walk","climb_vs_walk",0.686375,0.313625,0.0761646512232133,0.128067480594518
"Humerus","Humerus","absolute","F","m2","climb","sprint","climb_vs_sprint",0.686875,0.313125,0.0761646512232133,0.0951441322652704
"Humerus","Humerus","absolute","M","m2","climb","run","climb_vs_run",0.657375,0.342625,0.0618449611912891,0.0227724570799571
"Humerus","Humerus","absolute","M","m2","climb","walk","climb_vs_walk",0.6669375,0.3330625,0.0618449611912891,0.0449483415897415
"Humerus","Humerus","absolute","M","m2","climb","sprint","climb_vs_sprint",0.6733125,0.3266875,0.0618449611912891,0.0365736289297982
"Humerus.Stature","Humerus","Stature","F","m2","climb","run","climb_vs_run",0.6790625,0.3209375,0.0705473258532809,0.0611160075393341
"Humerus.Stature","Humerus","Stature","F","m2","climb","walk","climb_vs_walk",0.6575625,0.3424375,0.0705473258532809,0.0313099262403313
"Humerus.Stature","Humerus","Stature","F","m2","climb","sprint","climb_vs_sprint",0.6599375,0.3400625,0.0705473258532809,0.0331068441328915
"Humerus.Stature","Humerus","Stature","M","m2","climb","run","climb_vs_run",0.8509375,0.1490625,0.320876068770978,0.208083879477987
"Humerus.Stature","Humerus","Stature","M","m2","climb","walk","climb_vs_walk",0.82775,0.17225,0.320876068770978,0.212292307864978
"Humerus.Stature","Humerus","Stature","M","m2","climb","sprint","climb_vs_sprint",0.8079375,0.1920625,0.320876068770978,0.159225778924159
"Humerus.Femur","Humerus","Femur","F","m2","climb","run","climb_vs_run",0.637875,0.362125,0.0475608485319099,0.003508631640781
"Humerus.Femur","Humerus","Femur","F","m2","climb","walk","climb_vs_walk",0.6635625,0.3364375,0.0475608485319099,0.0496520851157832
"Humerus.Femur","Humerus","Femur","F","m2","climb","sprint","climb_vs_sprint",0.6686875,0.3313125,0.0475608485319099,0.0656261382488026
"Humerus.Femur","Humerus","Femur","M","m2","climb","run","climb_vs_run",0.64825,0.35175,0.134427399747818,0.0278337194676934
"Humerus.Femur","Humerus","Femur","M","m2","climb","walk","climb_vs_walk",0.635625,0.364375,0.134427399747818,0.0206864667516332
"Humerus.Femur","Humerus","Femur","M","m2","climb","sprint","climb_vs_sprint",0.6891875,0.3108125,0.134427399747818,0.057920993009453
"ForearmL","ForearmL","absolute","F","m2","climb","run","climb_vs_run",0.7521875,0.2478125,0.134068981609914,0.188892355132156
"ForearmL","ForearmL","absolute","F","m2","climb","walk","climb_vs_walk",0.7474375,0.2525625,0.134068981609914,0.16644557370682
"ForearmL","ForearmL","absolute","F","m2","climb","sprint","climb_vs_sprint",0.7444375,0.2555625,0.134068981609914,0.151813331253337
"ForearmL","ForearmL","absolute","M","m2","climb","run","climb_vs_run",0.698625,0.301375,-0.0794991532383525,-0.0829756889297792
"ForearmL","ForearmL","absolute","M","m2","climb","walk","climb_vs_walk",0.689125,0.310875,-0.0794991532383525,-0.0779238085141037
"ForearmL","ForearmL","absolute","M","m2","climb","sprint","climb_vs_sprint",0.6420625,0.3579375,-0.0794991532383525,0.00446074313773448
"ForearmL.Stature","ForearmL","Stature","F","m2","climb","run","climb_vs_run",0.8611875,0.1388125,0.215125929906918,0.27953435610374
"ForearmL.Stature","ForearmL","Stature","F","m2","climb","walk","climb_vs_walk",0.703375,0.296625,0.215125929906918,0.0772363623422218
"ForearmL.Stature","ForearmL","Stature","F","m2","climb","sprint","climb_vs_sprint",0.7486875,0.2513125,0.215125929906918,0.0991521515294228
"ForearmL.Stature","ForearmL","Stature","M","m2","climb","run","climb_vs_run",0.723125,0.276875,0.106663631070994,0.073172235329714
"ForearmL.Stature","ForearmL","Stature","M","m2","climb","walk","climb_vs_walk",0.6540625,0.3459375,0.106663631070994,0.0261641653988436
"ForearmL.Stature","ForearmL","Stature","M","m2","climb","sprint","climb_vs_sprint",0.6485625,0.3514375,0.106663631070994,0.0194408269803516
"ForearmL.Humerus","ForearmL","Humerus","F","m2","climb","run","climb_vs_run",0.721375,0.278625,0.0885224233952714,0.143177974192003
"ForearmL.Humerus","ForearmL","Humerus","F","m2","climb","walk","climb_vs_walk",0.7054375,0.2945625,0.0885224233952714,0.0885281555320238
"ForearmL.Humerus","ForearmL","Humerus","F","m2","climb","sprint","climb_vs_sprint",0.698875,0.301125,0.0885224233952714,0.0833303158356763
"ForearmL.Humerus","ForearmL","Humerus","M","m2","climb","run","climb_vs_run",0.7626875,0.2373125,-0.151905171715068,-0.127688811210368
"ForearmL.Humerus","ForearmL","Humerus","M","m2","climb","walk","climb_vs_walk",0.752875,0.247125,-0.151905171715068,-0.141172761220457
"ForearmL.Humerus","ForearmL","Humerus","M","m2","climb","sprint","climb_vs_sprint",0.6436875,0.3563125,-0.151905171715068,-0.030230501378245
"FootLength","FootLength","absolute","F","m2","climb","run","climb_vs_run",0.6144375,0.3855625,0.0246028490597415,-0.079778691389719
"FootLength","FootLength","absolute","F","m2","climb","walk","climb_vs_walk",0.62875,0.37125,0.0246028490597415,0.157930584581641
"FootLength","FootLength","absolute","F","m2","climb","sprint","climb_vs_sprint",0.632875,0.367125,0.0246028490597415,0.143900954493387
"FootLength","FootLength","absolute","M","m2","climb","run","climb_vs_run",0.7115,0.2885,-0.119463944312846,-0.107070979812308
"FootLength","FootLength","absolute","M","m2","climb","walk","climb_vs_walk",0.53425,0.46575,-0.119463944312846,0.0988159079909886
"FootLength","FootLength","absolute","M","m2","climb","sprint","climb_vs_sprint",0.4911875,0.5088125,-0.119463944312846,0.132224732155262
"FootLength.Stature","FootLength","Stature","F","m2","climb","run","climb_vs_run",0.6038125,0.3961875,0.0420290388791527,-0.0550087350388164
"FootLength.Stature","FootLength","Stature","F","m2","climb","walk","climb_vs_walk",0.6551875,0.3448125,0.0420290388791527,0.0476440059557049
"FootLength.Stature","FootLength","Stature","F","m2","climb","sprint","climb_vs_sprint",0.6599375,0.3400625,0.0420290388791527,0.0600944658675003
"FootLength.Stature","FootLength","Stature","M","m2","climb","run","climb_vs_run",0.6509375,0.3490625,0.0389010378935429,0.028018769358795
"FootLength.Stature","FootLength","Stature","M","m2","climb","walk","climb_vs_walk",0.64925,0.35075,0.0389010378935429,0.217829400142003
"FootLength.Stature","FootLength","Stature","M","m2","climb","sprint","climb_vs_sprint",0.6449375,0.3550625,0.0389010378935429,0.22842461609246
"FootBreadth","FootBreadth","absolute","F","m2","climb","run","climb_vs_run",0.7368125,0.2631875,0.122716583946778,0.154109387792747
"FootBreadth","FootBreadth","absolute","F","m2","climb","walk","climb_vs_walk",0.7301875,0.2698125,0.122716583946778,0.1406582639594
"FootBreadth","FootBreadth","absolute","F","m2","climb","sprint","climb_vs_sprint",0.71175,0.28825,0.122716583946778,0.10163836928686
"FootBreadth","FootBreadth","absolute","M","m2","climb","run","climb_vs_run",0.6425625,0.3574375,-0.33936328321554,-0.062683470697942
"FootBreadth","FootBreadth","absolute","M","m2","climb","walk","climb_vs_walk",0.2270625,0.7729375,-0.33936328321554,0.359110916232741
"FootBreadth","FootBreadth","absolute","M","m2","climb","sprint","climb_vs_sprint",0.31175,0.68825,-0.33936328321554,0.18869465157626
"FootBreadth.Stature","FootBreadth","Stature","F","m2","climb","run","climb_vs_run",0.760625,0.239375,0.152578712199653,0.179997778241762
"FootBreadth.Stature","FootBreadth","Stature","F","m2","climb","walk","climb_vs_walk",0.70225,0.29775,0.152578712199653,0.096674308981079
"FootBreadth.Stature","FootBreadth","Stature","F","m2","climb","sprint","climb_vs_sprint",0.693125,0.306875,0.152578712199653,0.0719585734541606
"FootBreadth.Stature","FootBreadth","Stature","M","m2","climb","run","climb_vs_run",0.528125,0.471875,-0.209663642741041,0.0596375066266843
"FootBreadth.Stature","FootBreadth","Stature","M","m2","climb","walk","climb_vs_walk",0.2654375,0.7345625,-0.209663642741041,0.471395731705897
"FootBreadth.Stature","FootBreadth","Stature","M","m2","climb","sprint","climb_vs_sprint",0.3105,0.6895,-0.209663642741041,0.270086432485372
"HandLength","HandLength","absolute","F","m2","climb","run","climb_vs_run",0.6851875,0.3148125,0.0867029503779775,0.109734192518321
"HandLength","HandLength","absolute","F","m2","climb","walk","climb_vs_walk",0.6865625,0.3134375,0.0867029503779775,0.256613813080668
"HandLength","HandLength","absolute","F","m2","climb","sprint","climb_vs_sprint",0.684375,0.315625,0.0867029503779775,0.247583535639014
"HandLength","HandLength","absolute","M","m2","climb","run","climb_vs_run",0.70625,0.29375,0.112176117762439,0.0850176409279815
"HandLength","HandLength","absolute","M","m2","climb","walk","climb_vs_walk",0.68475,0.31525,0.112176117762439,0.073565585952524
"HandLength","HandLength","absolute","M","m2","climb","sprint","climb_vs_sprint",0.7376875,0.2623125,0.112176117762439,0.153549674744589
"HandLength.Stature","HandLength","Stature","F","m2","climb","run","climb_vs_run",0.7056875,0.2943125,0.0866212342884305,0.0964795560164525
"HandLength.Stature","HandLength","Stature","F","m2","climb","walk","climb_vs_walk",0.708875,0.291125,0.0866212342884305,0.114120480926001
"HandLength.Stature","HandLength","Stature","F","m2","climb","sprint","climb_vs_sprint",0.71975,0.28025,0.0866212342884305,0.131346434807378
"HandLength.Stature","HandLength","Stature","M","m2","climb","run","climb_vs_run",0.9875,0.0125,0.632341925014981,0.523334916196884
"HandLength.Stature","HandLength","Stature","M","m2","climb","walk","climb_vs_walk",0.9426875,0.0573125,0.632341925014981,0.387270946390123
"HandLength.Stature","HandLength","Stature","M","m2","climb","sprint","climb_vs_sprint",0.9649375,0.0350625,0.632341925014981,0.406953313333753
"HandBreadth","HandBreadth","absolute","F","m2","climb","run","climb_vs_run",0.7025625,0.2974375,0.142489644442594,0.38969748846446
"HandBreadth","HandBreadth","absolute","F","m2","climb","walk","climb_vs_walk",0.6831875,0.3168125,0.142489644442594,0.177398346963815
"HandBreadth","HandBreadth","absolute","F","m2","climb","sprint","climb_vs_sprint",0.696125,0.303875,0.142489644442594,0.769788343050389
"HandBreadth","HandBreadth","absolute","M","m2","climb","run","climb_vs_run",0.6003125,0.3996875,-0.0409696344411697,-0.415952721482438
"HandBreadth","HandBreadth","absolute","M","m2","climb","walk","climb_vs_walk",0.612375,0.387625,-0.0409696344411697,0.0270469821838549
"HandBreadth","HandBreadth","absolute","M","m2","climb","sprint","climb_vs_sprint",0.5434375,0.4565625,-0.0409696344411697,0.216506058009955
"HandBreadth.Stature","HandBreadth","Stature","F","m2","climb","run","climb_vs_run",0.711875,0.288125,0.152547394547725,0.398467571079234
"HandBreadth.Stature","HandBreadth","Stature","F","m2","climb","walk","climb_vs_walk",0.6225625,0.3774375,0.152547394547725,0.0429620323407075
"HandBreadth.Stature","HandBreadth","Stature","F","m2","climb","sprint","climb_vs_sprint",0.7066875,0.2933125,0.152547394547725,0.716157848031186
"HandBreadth.Stature","HandBreadth","Stature","M","m2","climb","run","climb_vs_run",0.3740625,0.6259375,0.136346202995642,-0.280519815065113
"HandBreadth.Stature","HandBreadth","Stature","M","m2","climb","walk","climb_vs_walk",0.6868125,0.3131875,0.136346202995642,0.149774283298859
"HandBreadth.Stature","HandBreadth","Stature","M","m2","climb","sprint","climb_vs_sprint",0.7345,0.2655,0.136346202995642,0.305895127497489
"Finger","Finger","absolute","F","m2","climb","run","climb_vs_run",0.701,0.299,0.109819417616075,0.223005070580283
"Finger","Finger","absolute","F","m2","climb","walk","climb_vs_walk",0.696125,0.303875,0.109819417616075,0.209790494502918
"Finger","Finger","absolute","F","m2","climb","sprint","climb_vs_sprint",0.6991875,0.3008125,0.109819417616075,0.337692198143755
"Finger","Finger","absolute","M","m2","climb","run","climb_vs_run",0.6690625,0.3309375,0.0259548630643193,0.0344180465717243
"Finger","Finger","absolute","M","m2","climb","walk","climb_vs_walk",0.6623125,0.3376875,0.0259548630643193,0.0406959521407309
"Finger","Finger","absolute","M","m2","climb","sprint","climb_vs_sprint",0.660875,0.339125,0.0259548630643193,0.103829164315883
"Finger.Stature","Finger","Stature","F","m2","climb","run","climb_vs_run",0.748875,0.251125,0.133483252464443,0.24250078426815
"Finger.Stature","Finger","Stature","F","m2","climb","walk","climb_vs_walk",0.6993125,0.3006875,0.133483252464443,0.103418370728658
"Finger.Stature","Finger","Stature","F","m2","climb","sprint","climb_vs_sprint",0.7473125,0.2526875,0.133483252464443,0.276339241731797
"Finger.Stature","Finger","Stature","M","m2","climb","run","climb_vs_run",0.82325,0.17675,0.214335071525988,0.205696231027732
"Finger.Stature","Finger","Stature","M","m2","climb","walk","climb_vs_walk",0.7838125,0.2161875,0.214335071525988,0.1756148089313
"Finger.Stature","Finger","Stature","M","m2","climb","sprint","climb_vs_sprint",0.8228125,0.1771875,0.214335071525988,0.229450432260147
"Finger.HandLength","Finger","HandLength","F","m2","climb","run","climb_vs_run",0.6744375,0.3255625,0.046334500251098,0.134985580299862
"Finger.HandLength","Finger","HandLength","F","m2","climb","walk","climb_vs_walk",0.6226875,0.3773125,0.046334500251098,-0.00867159057314071
"Finger.HandLength","Finger","HandLength","F","m2","climb","sprint","climb_vs_sprint",0.6758125,0.3241875,0.046334500251098,0.112269033430461
"Finger.HandLength","Finger","HandLength","M","m2","climb","run","climb_vs_run",0.6649375,0.3350625,-0.0375267660616143,-0.0106807587991073
"Finger.HandLength","Finger","HandLength","M","m2","climb","walk","climb_vs_walk",0.644625,0.355375,-0.0375267660616143,0.00456223009199517
"Finger.HandLength","Finger","HandLength","M","m2","climb","sprint","climb_vs_sprint",0.6163125,0.3836875,-0.0375267660616143,0.0298776041247354
"Biiliac","Biiliac","absolute","F","m2","climb","run","climb_vs_run",0.80425,0.19575,-0.385877060887592,-0.196742322237604
"Biiliac","Biiliac","absolute","F","m2","climb","walk","climb_vs_walk",0.8115,0.1885,-0.385877060887592,-0.219840821379769
"Biiliac","Biiliac","absolute","F","m2","climb","sprint","climb_vs_sprint",0.85375,0.14625,-0.385877060887592,-0.266567032742029
"Biiliac","Biiliac","absolute","M","m2","climb","run","climb_vs_run",0.9791875,0.0208125,-0.537271236009674,-0.670141591472503
"Biiliac","Biiliac","absolute","M","m2","climb","walk","climb_vs_walk",0.94675,0.05325,-0.537271236009674,-0.476656901112709
"Biiliac","Biiliac","absolute","M","m2","climb","sprint","climb_vs_sprint",0.9574375,0.0425625,-0.537271236009674,-0.46116600969923
"Biiliac.Stature","Biiliac","Stature","F","m2","climb","run","climb_vs_run",0.9013125,0.0986875,-0.607162124460951,-0.299811561724254
"Biiliac.Stature","Biiliac","Stature","F","m2","climb","walk","climb_vs_walk",0.9649375,0.0350625,-0.607162124460951,-0.534583947850888
"Biiliac.Stature","Biiliac","Stature","F","m2","climb","sprint","climb_vs_sprint",0.9696875,0.0303125,-0.607162124460951,-0.50344987020511
"Biiliac.Stature","Biiliac","Stature","M","m2","climb","run","climb_vs_run",0.861875,0.138125,-0.203014907670529,-0.349179843522131
"Biiliac.Stature","Biiliac","Stature","M","m2","climb","walk","climb_vs_walk",0.8194375,0.1805625,-0.203014907670529,-0.239259691136928
"Biiliac.Stature","Biiliac","Stature","M","m2","climb","sprint","climb_vs_sprint",0.854625,0.145375,-0.203014907670529,-0.338315590806759
"Biacrom","Biacrom","absolute","F","m2","climb","run","climb_vs_run",0.4504375,0.5495625,0.22491604506715,-0.134000427257513
"Biacrom","Biacrom","absolute","F","m2","climb","walk","climb_vs_walk",0.784375,0.215625,0.22491604506715,0.401263507524095
"Biacrom","Biacrom","absolute","F","m2","climb","sprint","climb_vs_sprint",0.7791875,0.2208125,0.22491604506715,0.317481280604284
"Biacrom","Biacrom","absolute","M","m2","climb","run","climb_vs_run",0.5514375,0.4485625,0.00314837992191513,-0.333286365949455
"Biacrom","Biacrom","absolute","M","m2","climb","walk","climb_vs_walk",0.623375,0.376625,0.00314837992191513,-0.0274369105107061
"Biacrom","Biacrom","absolute","M","m2","climb","sprint","climb_vs_sprint",0.5505625,0.4494375,0.00314837992191513,0.367790032237531
"Biacrom.Stature","Biacrom","Stature","F","m2","climb","run","climb_vs_run",0.406625,0.593375,0.212663101155073,-0.138907816274891
"Biacrom.Stature","Biacrom","Stature","F","m2","climb","walk","climb_vs_walk",0.7753125,0.2246875,0.212663101155073,0.217144820644985
"Biacrom.Stature","Biacrom","Stature","F","m2","climb","sprint","climb_vs_sprint",0.780625,0.219375,0.212663101155073,0.198249877989995
"Biacrom.Stature","Biacrom","Stature","M","m2","climb","run","climb_vs_run",0.38925,0.61075,0.186498141548829,-0.181993082326895
"Biacrom.Stature","Biacrom","Stature","M","m2","climb","walk","climb_vs_walk",0.679875,0.320125,0.186498141548829,0.0928688180170681
"Biacrom.Stature","Biacrom","Stature","M","m2","climb","sprint","climb_vs_sprint",0.80225,0.19775,0.186498141548829,0.447960927372698
"Biacrom.Biiliac","Biacrom","Biiliac","F","m2","climb","run","climb_vs_run",0.44675,0.55325,0.631710414582903,-0.0467571096712254
"Biacrom.Biiliac","Biacrom","Biiliac","F","m2","climb","walk","climb_vs_walk",0.970875,0.029125,0.631710414582903,0.723316283934591
"Biacrom.Biiliac","Biacrom","Biiliac","F","m2","climb","sprint","climb_vs_sprint",0.9704375,0.0295625,0.631710414582903,0.604734145847261
"Biacrom.Biiliac","Biacrom","Biiliac","M","m2","climb","run","climb_vs_run",0.480375,0.519625,0.203943004429925,-0.104648148855708
"Biacrom.Biiliac","Biacrom","Biiliac","M","m2","climb","walk","climb_vs_walk",0.716625,0.283375,0.203943004429925,0.152516709556179
"Biacrom.Biiliac","Biacrom","Biiliac","M","m2","climb","sprint","climb_vs_sprint",0.814875,0.185125,0.203943004429925,0.559937321850606
"Mass","Mass","absolute","F","m2","climb","run","climb_vs_run",0.636375,0.363625,-0.0720441935717461,-0.373071452944692
"Mass","Mass","absolute","F","m2","climb","walk","climb_vs_walk",0.607125,0.392875,-0.0720441935717461,0.00957366511243841
"Mass","Mass","absolute","F","m2","climb","sprint","climb_vs_sprint",0.5036875,0.4963125,-0.0720441935717461,0.224820434094457
"Mass","Mass","absolute","M","m2","climb","run","climb_vs_run",0.9996875,0.000312500000000049,-0.957654850977477,-1.20562146812005
"Mass","Mass","absolute","M","m2","climb","walk","climb_vs_walk",0.9995,0.000499999999999945,-0.957654850977477,-1.15915805358466
"Mass","Mass","absolute","M","m2","climb","sprint","climb_vs_sprint",0.890875,0.109125,-0.957654850977477,-0.320642043436721
"Mass.Stature","Mass","Stature","F","m2","climb","run","climb_vs_run",0.6298125,0.3701875,-0.0711393492108792,-0.409012861478839
"Mass.Stature","Mass","Stature","F","m2","climb","walk","climb_vs_walk",0.6485625,0.3514375,-0.0711393492108792,-0.147915579822548
"Mass.Stature","Mass","Stature","F","m2","climb","sprint","climb_vs_sprint",0.5359375,0.4640625,-0.0711393492108792,0.131931685967968
"Mass.Stature","Mass","Stature","M","m2","climb","run","climb_vs_run",0.9971875,0.0028125,-0.616604758232077,-0.906482017788255
"Mass.Stature","Mass","Stature","M","m2","climb","walk","climb_vs_walk",0.9966875,0.00331250000000005,-0.616604758232077,-0.920637718404238
"Mass.Stature","Mass","Stature","M","m2","climb","sprint","climb_vs_sprint",0.7871875,0.2128125,-0.616604758232077,-0.176550986779534
"Triceps","Triceps","absolute","F","m2","climb","run","climb_vs_run",0.9978125,0.00218750000000001,-0.915057072016596,-1.20661872773601
"Triceps","Triceps","absolute","F","m2","climb","walk","climb_vs_walk",0.9588125,0.0411875,-0.915057072016596,-0.474707925691935
"Triceps","Triceps","absolute","F","m2","climb","sprint","climb_vs_sprint",0.9978125,0.00218750000000001,-0.915057072016596,-1.16290940504097
"Triceps","Triceps","absolute","M","m2","climb","run","climb_vs_run",1,0,-1.10270188304965,-1.02640924454281
"Triceps","Triceps","absolute","M","m2","climb","walk","climb_vs_walk",0.9919375,0.00806249999999997,-1.10270188304965,-0.736335784616633
"Triceps","Triceps","absolute","M","m2","climb","sprint","climb_vs_sprint",1,0,-1.10270188304965,-1.06738700937321
"Triceps.Hrs_Total","Triceps","Hrs_Total","F","m2","climb","run","climb_vs_run",0.954875,0.045125,-0.578984069707485,-0.967472110593213
"Triceps.Hrs_Total","Triceps","Hrs_Total","F","m2","climb","walk","climb_vs_walk",0.752375,0.247625,-0.578984069707485,-0.191029101740847
"Triceps.Hrs_Total","Triceps","Hrs_Total","F","m2","climb","sprint","climb_vs_sprint",0.954625,0.0453750000000001,-0.578984069707485,-0.885049094664259
"Triceps.Hrs_Total","Triceps","Hrs_Total","M","m2","climb","run","climb_vs_run",0.993375,0.00662499999999999,-0.672544278463706,-0.708409326663632
"Triceps.Hrs_Total","Triceps","Hrs_Total","M","m2","climb","walk","climb_vs_walk",0.929,0.071,-0.672544278463706,-0.41366282599542
"Triceps.Hrs_Total","Triceps","Hrs_Total","M","m2","climb","sprint","climb_vs_sprint",0.991375,0.00862499999999999,-0.672544278463706,-0.684338001918373
"ForearmC","ForearmC","absolute","F","m2","climb","run","climb_vs_run",0.1165,0.8835,0.78706685064457,-0.324681180402377
"ForearmC","ForearmC","absolute","F","m2","climb","walk","climb_vs_walk",0.1489375,0.8510625,0.78706685064457,-0.31197094008468
"ForearmC","ForearmC","absolute","F","m2","climb","sprint","climb_vs_sprint",0.93175,0.06825,0.78706685064457,0.393001444142869
"ForearmC","ForearmC","absolute","M","m2","climb","run","climb_vs_run",0.4381875,0.5618125,0.0369980655681864,-1.43940993111988
"ForearmC","ForearmC","absolute","M","m2","climb","walk","climb_vs_walk",0.43825,0.56175,0.0369980655681864,-1.21964085076393
"ForearmC","ForearmC","absolute","M","m2","climb","sprint","climb_vs_sprint",0.541875,0.458125,0.0369980655681864,-0.22287401182544
"ForearmC.ForearmL","ForearmC","ForearmL","F","m2","climb","run","climb_vs_run",0.0580625,0.9419375,0.775390117508425,-0.437948581070562
"ForearmC.ForearmL","ForearmC","ForearmL","F","m2","climb","walk","climb_vs_walk",0.0855,0.9145,0.775390117508425,-0.420151412167304
"ForearmC.ForearmL","ForearmC","ForearmL","F","m2","climb","sprint","climb_vs_sprint",0.8879375,0.1120625,0.775390117508425,0.304256671796424
"ForearmC.ForearmL","ForearmC","ForearmL","M","m2","climb","run","climb_vs_run",0.4443125,0.5556875,0.0361419066271324,-1.4513259635036
"ForearmC.ForearmL","ForearmC","ForearmL","M","m2","climb","walk","climb_vs_walk",0.4444375,0.5555625,0.0361419066271324,-1.24143855071427
"ForearmC.ForearmL","ForearmC","ForearmL","M","m2","climb","sprint","climb_vs_sprint",0.5535,0.4465,0.0361419066271324,-0.220729682145752
"ForearmC.Hrs_Total","ForearmC","Hrs_Total","F","m2","climb","run","climb_vs_run",0.131625,0.868375,0.762725736020122,-0.363577418336303
"ForearmC.Hrs_Total","ForearmC","Hrs_Total","F","m2","climb","walk","climb_vs_walk",0.1608125,0.8391875,0.762725736020122,-0.367395654576556
"ForearmC.Hrs_Total","ForearmC","Hrs_Total","F","m2","climb","sprint","climb_vs_sprint",0.8833125,0.1166875,0.762725736020122,0.356390773493833
"ForearmC.Hrs_Total","ForearmC","Hrs_Total","M","m2","climb","run","climb_vs_run",0.62575,0.37425,-0.0794383338875906,-1.53326915540285
"ForearmC.Hrs_Total","ForearmC","Hrs_Total","M","m2","climb","walk","climb_vs_walk",0.62575,0.37425,-0.0794383338875906,-1.34693459214654
"ForearmC.Hrs_Total","ForearmC","Hrs_Total","M","m2","climb","sprint","climb_vs_sprint",0.6705625,0.3294375,-0.0794383338875906,-0.327183211376832
"ForearmC.ForearmL.Hrs_Total","ForearmC","ForearmL.Hrs_Total","F","m2","climb","run","climb_vs_run",0.0870625,0.9129375,0.79070716396263,-0.43187146253434
"ForearmC.ForearmL.Hrs_Total","ForearmC","ForearmL.Hrs_Total","F","m2","climb","walk","climb_vs_walk",0.1273125,0.8726875,0.79070716396263,-0.410176481104228
"ForearmC.ForearmL.Hrs_Total","ForearmC","ForearmL.Hrs_Total","F","m2","climb","sprint","climb_vs_sprint",0.8665,0.1335,0.79070716396263,0.317000458019661
"ForearmC.ForearmL.Hrs_Total","ForearmC","ForearmL.Hrs_Total","M","m2","climb","run","climb_vs_run",0.6235625,0.3764375,-0.0801516048611098,-1.5326425282263
"ForearmC.ForearmL.Hrs_Total","ForearmC","ForearmL.Hrs_Total","M","m2","climb","walk","climb_vs_walk",0.623625,0.376375,-0.0801516048611098,-1.34196181952733
"ForearmC.ForearmL.Hrs_Total","ForearmC","ForearmL.Hrs_Total","M","m2","climb","sprint","climb_vs_sprint",0.672,0.328,-0.0801516048611098,-0.32858341998144
